{
  "fio version" : "fio-3.35",
  "timestamp" : 1700752197,
  "timestamp_ms" : 1700752197520,
  "time" : "Thu Nov 23 16:09:57 2023",
  "global options" : {
    "name" : "loaded-reset",
    "ioengine" : "io_uring_cmd",
    "size" : "101z",
    "bs" : "64K",
    "zonemode" : "zbd",
    "thread" : "1",
    "lat_percentiles" : "1",
    "direct" : "0",
    "ioscheduler" : "zns-v2",
    "filename" : "/dev/ng0n3",
    "sqthread_poll" : "1"
  },
  "jobs" : [
    {
      "jobname" : "fill-prep",
      "groupid" : 0,
      "error" : 0,
      "eta" : 0,
      "elapsed" : 96,
      "job options" : {
        "iodepth" : "1",
        "rw" : "write"
      },
      "read" : {
        "io_bytes" : 0,
        "io_kbytes" : 0,
        "bw_bytes" : 0,
        "bw" : 0,
        "iops" : 0.000000,
        "runtime" : 0,
        "total_ios" : 0,
        "short_ios" : 0,
        "drop_ios" : 0,
        "slat_ns" : {
          "min" : 0,
          "max" : 0,
          "mean" : 0.000000,
          "stddev" : 0.000000,
          "N" : 0
        },
        "clat_ns" : {
          "min" : 0,
          "max" : 0,
          "mean" : 0.000000,
          "stddev" : 0.000000,
          "N" : 0
        },
        "lat_ns" : {
          "min" : 0,
          "max" : 0,
          "mean" : 0.000000,
          "stddev" : 0.000000,
          "N" : 0
        },
        "bw_min" : 0,
        "bw_max" : 0,
        "bw_agg" : 0.000000,
        "bw_mean" : 0.000000,
        "bw_dev" : 0.000000,
        "bw_samples" : 0,
        "iops_min" : 0,
        "iops_max" : 0,
        "iops_mean" : 0.000000,
        "iops_stddev" : 0.000000,
        "iops_samples" : 0
      },
      "finish" : {
        "total_zone_resets" : 39,
        "io_bytes" : 113316265984,
        "io_kbytes" : 110660416,
        "bw_bytes" : 1206069565,
        "bw" : 1177802,
        "iops" : 18403.161088,
        "runtime" : 93955,
        "total_ios" : 1729069,
        "short_ios" : 0,
        "drop_ios" : 0,
        "slat_ns" : {
          "min" : 0,
          "max" : 0,
          "mean" : 0.000000,
          "stddev" : 0.000000,
          "N" : 0
        },
        "clat_ns" : {
          "min" : 25543,
          "max" : 9345527,
          "mean" : 51882.120502,
          "stddev" : 73317.430607,
          "N" : 1729069,
          "percentile" : {
            "1.000000" : 45824,
            "5.000000" : 45824,
            "10.000000" : 46336,
            "20.000000" : 46336,
            "30.000000" : 46336,
            "40.000000" : 46848,
            "50.000000" : 46848,
            "60.000000" : 47360,
            "70.000000" : 47872,
            "80.000000" : 49408,
            "90.000000" : 52480,
            "95.000000" : 67072,
            "99.000000" : 134144,
            "99.500000" : 162816,
            "99.900000" : 257024,
            "99.950000" : 880640,
            "99.990000" : 2605056
          }
        },
        "lat_ns" : {
          "min" : 45805,
          "max" : 9347079,
          "mean" : 53308.112603,
          "stddev" : 73849.478740,
          "N" : 1729069,
          "percentile" : {
            "1.000000" : 46848,
            "5.000000" : 47360,
            "10.000000" : 47360,
            "20.000000" : 47872,
            "30.000000" : 47872,
            "40.000000" : 48384,
            "50.000000" : 48384,
            "60.000000" : 48896,
            "70.000000" : 49408,
            "80.000000" : 50944,
            "90.000000" : 53504,
            "95.000000" : 68096,
            "99.000000" : 136192,
            "99.500000" : 164864,
            "99.900000" : 257024,
            "99.950000" : 897024,
            "99.990000" : 2605056
          }
        },
        "bw_min" : 1118592,
        "bw_max" : 1213563,
        "bw_agg" : 100.000000,
        "bw_mean" : 1178307.631016,
        "bw_dev" : 19305.522891,
        "bw_samples" : 187,
        "iops_min" : 17478,
        "iops_max" : 18961,
        "iops_mean" : 18410.962567,
        "iops_stddev" : 301.669501,
        "iops_samples" : 187
      },
      "ZNS Reset" : {
        "total_zone_resets" : 39,
        "io_bytes" : 0,
        "io_kbytes" : 0,
        "bw_bytes" : 0,
        "bw" : 0,
        "iops" : 0.000000,
        "runtime" : 0,
        "total_ios" : 0,
        "short_ios" : 0,
        "drop_ios" : 0,
        "slat_ns" : {
          "min" : 0,
          "max" : 0,
          "mean" : 0.000000,
          "stddev" : 0.000000,
          "N" : 0
        },
        "clat_ns" : {
          "min" : 0,
          "max" : 0,
          "mean" : 0.000000,
          "stddev" : 0.000000,
          "N" : 0
        },
        "lat_ns" : {
          "min" : 0,
          "max" : 0,
          "mean" : 0.000000,
          "stddev" : 0.000000,
          "N" : 0
        },
        "bw_min" : 0,
        "bw_max" : 0,
        "bw_agg" : 0.000000,
        "bw_mean" : 0.000000,
        "bw_dev" : 0.000000,
        "bw_samples" : 0,
        "iops_min" : 0,
        "iops_max" : 0,
        "iops_mean" : 0.000000,
        "iops_stddev" : 0.000000,
        "iops_samples" : 0
      },
      "sync" : {
        "total_ios" : 0,
        "lat_ns" : {
          "min" : 0,
          "max" : 0,
          "mean" : 0.000000,
          "stddev" : 0.000000,
          "N" : 0
        }
      },
      "job_runtime" : 93954,
      "usr_cpu" : 99.335845,
      "sys_cpu" : 0.000000,
      "ctx" : 121,
      "majf" : 0,
      "minf" : 0,
      "iodepth_level" : {
        "1" : 100.000000,
        "2" : 0.000000,
        "4" : 0.000000,
        "8" : 0.000000,
        "16" : 0.000000,
        "32" : 0.000000,
        ">=64" : 0.000000
      },
      "iodepth_submit" : {
        "0" : 0.000000,
        "4" : 100.000000,
        "8" : 0.000000,
        "16" : 0.000000,
        "32" : 0.000000,
        "64" : 0.000000,
        ">=64" : 0.000000
      },
      "iodepth_complete" : {
        "0" : 0.000000,
        "4" : 100.000000,
        "8" : 0.000000,
        "16" : 0.000000,
        "32" : 0.000000,
        "64" : 0.000000,
        ">=64" : 0.000000
      },
      "latency_ns" : {
        "2" : 0.000000,
        "4" : 0.000000,
        "10" : 0.000000,
        "20" : 0.000000,
        "50" : 0.000000,
        "100" : 0.000000,
        "250" : 0.000000,
        "500" : 0.000000,
        "750" : 0.000000,
        "1000" : 0.000000
      },
      "latency_us" : {
        "2" : 0.000000,
        "4" : 0.000000,
        "10" : 0.000000,
        "20" : 0.000000,
        "50" : 82.186136,
        "100" : 15.925565,
        "250" : 1.779917,
        "500" : 0.045169,
        "750" : 0.010000,
        "1000" : 0.010000
      },
      "latency_ms" : {
        "2" : 0.017640,
        "4" : 0.025100,
        "10" : 0.010000,
        "20" : 0.000000,
        "50" : 0.000000,
        "100" : 0.000000,
        "250" : 0.000000,
        "500" : 0.000000,
        "750" : 0.000000,
        "1000" : 0.000000,
        "2000" : 0.000000,
        ">=2000" : 0.000000
      },
      "latency_depth" : 1,
      "latency_target" : 0,
      "latency_percentile" : 100.000000,
      "latency_window" : 0
    },
    {
      "jobname" : "trim",
      "groupid" : 1,
      "error" : 0,
      "eta" : 0,
      "elapsed" : 96,
      "job options" : {
        "rw" : "randtrim",
        "iodepth" : "1",
        "numjobs" : "1",
        "bs" : "2147483648"
      },
      "read" : {
        "io_bytes" : 0,
        "io_kbytes" : 0,
        "bw_bytes" : 0,
        "bw" : 0,
        "iops" : 0.000000,
        "runtime" : 0,
        "total_ios" : 0,
        "short_ios" : 0,
        "drop_ios" : 0,
        "slat_ns" : {
          "min" : 0,
          "max" : 0,
          "mean" : 0.000000,
          "stddev" : 0.000000,
          "N" : 0
        },
        "clat_ns" : {
          "min" : 0,
          "max" : 0,
          "mean" : 0.000000,
          "stddev" : 0.000000,
          "N" : 0
        },
        "lat_ns" : {
          "min" : 0,
          "max" : 0,
          "mean" : 0.000000,
          "stddev" : 0.000000,