{
  "fio version" : "fio-3.35",
  "timestamp" : 1696894512,
  "timestamp_ms" : 1696894512886,
  "time" : "Mon Oct  9 23:35:12 2023",
  "global options" : {
    "name" : "bw",
    "ioengine" : "io_uring_cmd",
    "bs" : "64K",
    "zonemode" : "zbd",
    "thread" : "1",
    "numjobs" : "1",
    "lat_percentiles" : "1",
    "iodepth" : "1",
    "filename" : "/dev/ng0n2",
    "sqthread_poll" : "1"
  },
  "jobs" : [
    {
      "jobname" : "fill",
      "groupid" : 0,
      "error" : 0,
      "eta" : 0,
      "elapsed" : 617,
      "job options" : {
        "rw" : "write",
        "offset" : "300z",
        "size" : "604z"
      },
      "read" : {
        "io_bytes" : 0,
        "io_kbytes" : 0,
        "bw_bytes" : 0,
        "bw" : 0,
        "iops" : 0.000000,
        "runtime" : 0,
        "total_ios" : 0,
        "short_ios" : 0,
        "drop_ios" : 0,
        "slat_ns" : {
          "min" : 0,
          "max" : 0,
          "mean" : 0.000000,
          "stddev" : 0.000000,
          "N" : 0
        },
        "clat_ns" : {
          "min" : 0,
          "max" : 0,
          "mean" : 0.000000,
          "stddev" : 0.000000,
          "N" : 0
        },
        "lat_ns" : {
          "min" : 0,
          "max" : 0,
          "mean" : 0.000000,
          "stddev" : 0.000000,
          "N" : 0
        },
        "bw_min" : 0,
        "bw_max" : 0,
        "bw_agg" : 0.000000,
        "bw_mean" : 0.000000,
        "bw_dev" : 0.000000,
        "bw_samples" : 0,
        "iops_min" : 0,
        "iops_max" : 0,
        "iops_mean" : 0.000000,
        "iops_stddev" : 0.000000,
        "iops_samples" : 0
      },
      "finish" : {
        "total_zone_resets" : 0,
        "io_bytes" : 682107076608,
        "io_kbytes" : 666120192,
        "bw_bytes" : 1226515689,
        "bw" : 1197769,
        "iops" : 18715.144192,
        "runtime" : 556134,
        "total_ios" : 10408128,
        "short_ios" : 0,
        "drop_ios" : 0,
        "slat_ns" : {
          "min" : 0,
          "max" : 0,
          "mean" : 0.000000,
          "stddev" : 0.000000,
          "N" : 0
        },
        "clat_ns" : {
          "min" : 38362,
          "max" : 18804012,
          "mean" : 51767.766084,
          "stddev" : 48576.167685,
          "N" : 10408128,
          "percentile" : {
            "1.000000" : 44288,
            "5.000000" : 44800,
            "10.000000" : 44800,
            "20.000000" : 44800,
            "30.000000" : 45312,
            "40.000000" : 45312,
            "50.000000" : 45312,
            "60.000000" : 45824,
            "70.000000" : 46336,
            "80.000000" : 48384,
            "90.000000" : 52992,
            "95.000000" : 77312,
            "99.000000" : 156672,
            "99.500000" : 191488,
            "99.900000" : 313344,
            "99.950000" : 774144,
            "99.990000" : 2473984
          }
        },
        "lat_ns" : {
          "min" : 44314,
          "max" : 18804949,
          "mean" : 52837.867346,
          "stddev" : 48577.111381,
          "N" : 10408128,
          "percentile" : {
            "1.000000" : 45312,
            "5.000000" : 45824,
            "10.000000" : 45824,
            "20.000000" : 45824,
            "30.000000" : 46336,
            "40.000000" : 46336,
            "50.000000" : 46336,
            "60.000000" : 46848,
            "70.000000" : 47360,
            "80.000000" : 49408,
            "90.000000" : 54016,
            "95.000000" : 78336,
            "99.000000" : 158720,
            "99.500000" : 191488,
            "99.900000" : 313344,
            "99.950000" : 774144,
            "99.990000" : 2473984
          }
        },
        "bw_min" : 1154048,
        "bw_max" : 1218176,
        "bw_agg" : 100.000000,
        "bw_mean" : 1198285.643564,
        "bw_dev" : 8255.307843,
        "bw_samples" : 1111,
        "iops_min" : 18032,
        "iops_max" : 19034,
        "iops_mean" : 18723.108911,
        "iops_stddev" : 128.937026,
        "iops_samples" : 1111
      },
      "ZNS Reset" : {
        "total_zone_resets" : 0,
        "io_bytes" : 0,
        "io_kbytes" : 0,
        "bw_bytes" : 0,
        "bw" : 0,
        "iops" : 0.000000,
        "runtime" : 0,
        "total_ios" : 0,
        "short_ios" : 0,
        "drop_ios" : 0,
        "slat_ns" : {
          "min" : 0,
          "max" : 0,
          "mean" : 0.000000,
          "stddev" : 0.000000,
          "N" : 0
        },
        "clat_ns" : {
          "min" : 0,
          "max" : 0,
          "mean" : 0.000000,
          "stddev" : 0.000000,
          "N" : 0
        },
        "lat_ns" : {
          "min" : 0,
          "max" : 0,
          "mean" : 0.000000,
          "stddev" : 0.000000,
          "N" : 0
        },
        "bw_min" : 0,
        "bw_max" : 0,
        "bw_agg" : 0.000000,
        "bw_mean" : 0.000000,
        "bw_dev" : 0.000000,
        "bw_samples" : 0,
        "iops_min" : 0,
        "iops_max" : 0,
        "iops_mean" : 0.000000,
        "iops_stddev" : 0.000000,
        "iops_samples" : 0
      },
      "sync" : {
        "total_ios" : 0,
        "lat_ns" : {
          "min" : 0,
          "max" : 0,
          "mean" : 0.000000,
          "stddev" : 0.000000,
          "N" : 0
        }
      },
      "job_runtime" : 556133,
      "usr_cpu" : 100.000539,
      "sys_cpu" : 0.000000,
      "ctx" : 422,
      "majf" : 0,
      "minf" : 0,
      "iodepth_level" : {
        "1" : 100.000000,
        "2" : 0.000000,
        "4" : 0.000000,
        "8" : 0.000000,
        "16" : 0.000000,
        "32" : 0.000000,
        ">=64" : 0.000000
      },
      "iodepth_submit" : {
        "0" : 0.000000,
        "4" : 100.000000,
        "8" : 0.000000,
        "16" : 0.000000,
        "32" : 0.000000,
        "64" : 0.000000,
        ">=64" : 0.000000
      },
      "iodepth_complete" : {
        "0" : 0.000000,
        "4" : 100.000000,
        "8" : 0.000000,
        "16" : 0.000000,
        "32" : 0.000000,
        "64" : 0.000000,
        ">=64" : 0.000000
      },
      "latency_ns" : {
        "2" : 0.000000,
        "4" : 0.000000,
        "10" : 0.000000,
        "20" : 0.000000,
        "50" : 0.000000,
        "100" : 0.000000,
        "250" : 0.000000,
        "500" : 0.000000,
        "750" : 0.000000,
        "1000" : 0.000000
      },
      "latency_us" : {
        "2" : 0.000000,
        "4" : 0.000000,
        "10" : 0.000000,
        "20" : 0.000000,
        "50" : 85.949740,
        "100" : 11.077516,
        "250" : 2.773256,
        "500" : 0.132963,
        "750" : 0.015622,
        "1000" : 0.010000
      },
      "latency_ms" : {
        "2" : 0.019350,
        "4" : 0.024193,
        "10" : 0.010000,
        "20" : 0.010000,
        "50" : 0.000000,
        "100" : 0.000000,
        "250" : 0.000000,
        "500" : 0.000000,
        "750" : 0.000000,
        "1000" : 0.000000,
        "2000" : 0.000000,
        ">=2000" : 0.000000
      },
      "latency_depth" : 1,
      "latency_target" : 0,
      "latency_percentile" : 100.000000,
      "latency_window" : 0
    },
    {
      "jobname" : "read",
      "groupid" : 1,
      "error" : 0,
      "eta" : 0,
      "elapsed" : 617,
      "job options" : {
        "iodepth" : "16",
        "rw" : "randread",
        "bs" : "8K",
        "runtime" : "1m",
        "offset" : "300z",
        "size" : "604z"
      },
      "read" : {
        "io_bytes" : 68155129856,
        "io_kbytes" : 66557744,
        "bw_bytes" : 1135899899,
        "bw" : 1109277,
        "iops" : 138659.655672,
        "runtime" : 60001,
        "total_ios" : 8319718,
        "short_ios" : 0,
        "drop_ios" : 0,
        "slat_ns" : {
          "min" : 0,
          "max" : 0,
          "mean" : 0.000000,
          "stddev" : 0.000000,
          "N" : 0
        },
        "clat_ns" : {
          "min" : 37832,
          "max" : 1673382,
          "mean" : 114597.709582,
          "stddev" : 32252.937904,
          "N" : 8319718,