{
  "fio version" : "fio-3.35",
  "timestamp" : 1694431241,
  "timestamp_ms" : 1694431241809,
  "time" : "Mon Sep 11 11:20:41 2023",
  "global options" : {
    "name" : "loaded-reset",
    "ioengine" : "io_uring_cmd",
    "size" : "814z",
    "bs" : "64K",
    "zonemode" : "zbd",
    "thread" : "1",
    "lat_percentiles" : "1",
    "filename" : "/dev/ng0n2",
    "sqthread_poll" : "1"
  },
  "jobs" : [
    {
      "jobname" : "fill-prep",
      "groupid" : 0,
      "error" : 0,
      "eta" : 0,
      "elapsed" : 802,
      "job options" : {
        "iodepth" : "1",
        "rw" : "write"
      },
      "read" : {
        "io_bytes" : 0,
        "io_kbytes" : 0,
        "bw_bytes" : 0,
        "bw" : 0,
        "iops" : 0.000000,
        "runtime" : 0,
        "total_ios" : 0,
        "short_ios" : 0,
        "drop_ios" : 0,
        "slat_ns" : {
          "min" : 0,
          "max" : 0,
          "mean" : 0.000000,
          "stddev" : 0.000000,
          "N" : 0
        },
        "clat_ns" : {
          "min" : 0,
          "max" : 0,
          "mean" : 0.000000,
          "stddev" : 0.000000,
          "N" : 0
        },
        "lat_ns" : {
          "min" : 0,
          "max" : 0,
          "mean" : 0.000000,
          "stddev" : 0.000000,
          "N" : 0
        },
        "bw_min" : 0,
        "bw_max" : 0,
        "bw_agg" : 0.000000,
        "bw_mean" : 0.000000,
        "bw_dev" : 0.000000,
        "bw_samples" : 0,
        "iops_min" : 0,
        "iops_max" : 0,
        "iops_mean" : 0.000000,
        "iops_stddev" : 0.000000,
        "iops_samples" : 0
      },
      "write" : {
        "io_bytes" : 919263510528,
        "io_kbytes" : 897718272,
        "bw_bytes" : 1229940274,
        "bw" : 1201113,
        "iops" : 18767.399201,
        "runtime" : 747405,
        "total_ios" : 14026848,
        "short_ios" : 0,
        "drop_ios" : 0,
        "slat_ns" : {
          "min" : 0,
          "max" : 0,
          "mean" : 0.000000,
          "stddev" : 0.000000,
          "N" : 0
        },
        "clat_ns" : {
          "min" : 36288,
          "max" : 11030163,
          "mean" : 50895.983675,
          "stddev" : 45702.033088,
          "N" : 14026848,
          "percentile" : {
            "1.000000" : 44800,
            "5.000000" : 45312,
            "10.000000" : 45312,
            "20.000000" : 45312,
            "30.000000" : 45824,
            "40.000000" : 45824,
            "50.000000" : 46336,
            "60.000000" : 46336,
            "70.000000" : 47360,
            "80.000000" : 48896,
            "90.000000" : 51968,
            "95.000000" : 68096,
            "99.000000" : 134144,
            "99.500000" : 162816,
            "99.900000" : 264192,
            "99.950000" : 700416,
            "99.990000" : 2408448
          }
        },
        "lat_ns" : {
          "min" : 45226,
          "max" : 11031780,
          "mean" : 52614.092271,
          "stddev" : 45790.180720,
          "N" : 14026848,
          "percentile" : {
            "1.000000" : 46336,
            "5.000000" : 46336,
            "10.000000" : 46848,
            "20.000000" : 47360,
            "30.000000" : 47360,
            "40.000000" : 47872,
            "50.000000" : 47872,
            "60.000000" : 48384,
            "70.000000" : 48896,
            "80.000000" : 50432,
            "90.000000" : 54016,
            "95.000000" : 69120,
            "99.000000" : 136192,
            "99.500000" : 164864,
            "99.900000" : 264192,
            "99.950000" : 708608,
            "99.990000" : 2408448
          }
        },
        "bw_min" : 1124389,
        "bw_max" : 1228025,
        "bw_agg" : 100.000000,
        "bw_mean" : 1201659.004019,
        "bw_dev" : 8832.598245,
        "bw_samples" : 1493,
        "iops_min" : 17568,
        "iops_max" : 19187,
        "iops_mean" : 18775.798392,
        "iops_stddev" : 137.967485,
        "iops_samples" : 1493
      },
      "ZNS Reset" : {
        "total_zone_resets" : 0,
        "io_bytes" : 0,
        "io_kbytes" : 0,
        "bw_bytes" : 0,
        "bw" : 0,
        "iops" : 0.000000,
        "runtime" : 0,
        "total_ios" : 0,
        "short_ios" : 0,
        "drop_ios" : 0,
        "slat_ns" : {
          "min" : 0,
          "max" : 0,
          "mean" : 0.000000,
          "stddev" : 0.000000,
          "N" : 0
        },
        "clat_ns" : {
          "min" : 0,
          "max" : 0,
          "mean" : 0.000000,
          "stddev" : 0.000000,
          "N" : 0
        },
        "lat_ns" : {
          "min" : 0,
          "max" : 0,
          "mean" : 0.000000,
          "stddev" : 0.000000,
          "N" : 0
        },
        "bw_min" : 0,
        "bw_max" : 0,
        "bw_agg" : 0.000000,
        "bw_mean" : 0.000000,
        "bw_dev" : 0.000000,
        "bw_samples" : 0,
        "iops_min" : 0,
        "iops_max" : 0,
        "iops_mean" : 0.000000,
        "iops_stddev" : 0.000000,
        "iops_samples" : 0
      },
      "sync" : {
        "total_ios" : 0,
        "lat_ns" : {
          "min" : 0,
          "max" : 0,
          "mean" : 0.000000,
          "stddev" : 0.000000,
          "N" : 0
        }
      },
      "job_runtime" : 747404,
      "usr_cpu" : 99.996120,
      "sys_cpu" : 0.002810,
      "ctx" : 1540,
      "majf" : 0,
      "minf" : 0,
      "iodepth_level" : {
        "1" : 100.000000,
        "2" : 0.000000,
        "4" : 0.000000,
        "8" : 0.000000,
        "16" : 0.000000,
        "32" : 0.000000,
        ">=64" : 0.000000
      },
      "iodepth_submit" : {
        "0" : 0.000000,
        "4" : 100.000000,
        "8" : 0.000000,
        "16" : 0.000000,
        "32" : 0.000000,
        "64" : 0.000000,
        ">=64" : 0.000000
      },
      "iodepth_complete" : {
        "0" : 0.000000,
        "4" : 100.000000,
        "8" : 0.000000,
        "16" : 0.000000,
        "32" : 0.000000,
        "64" : 0.000000,
        ">=64" : 0.000000
      },
      "latency_ns" : {
        "2" : 0.000000,
        "4" : 0.000000,
        "10" : 0.000000,
        "20" : 0.000000,
        "50" : 0.000000,
        "100" : 0.000000,
        "250" : 0.000000,
        "500" : 0.000000,
        "750" : 0.000000,
        "1000" : 0.000000
      },
      "latency_us" : {
        "2" : 0.000000,
        "4" : 0.000000,
        "10" : 0.000000,
        "20" : 0.000000,
        "50" : 84.155756,
        "100" : 13.948273,
        "250" : 1.774690,
        "500" : 0.062067,
        "750" : 0.011000,
        "1000" : 0.010000
      },
      "latency_ms" : {
        "2" : 0.018315,
        "4" : 0.023819,
        "10" : 0.010000,
        "20" : 0.010000,
        "50" : 0.000000,
        "100" : 0.000000,
        "250" : 0.000000,
        "500" : 0.000000,
        "750" : 0.000000,
        "1000" : 0.000000,
        "2000" : 0.000000,
        ">=2000" : 0.000000
      },
      "latency_depth" : 1,
      "latency_target" : 0,
      "latency_percentile" : 100.000000,
      "latency_window" : 0
    },
    {
      "jobname" : "trim",
      "groupid" : 1,
      "error" : 0,
      "eta" : 0,
      "elapsed" : 802,
      "job options" : {
        "rw" : "randread",
        "iodepth" : "1",
        "size" : "244z",
        "offset" : "570z",
        "bs" : "4K",
        "exit_what" : "stonewall",
        "runtime" : "1m"
      },
      "read" : {
        "io_bytes" : 2540032000,
        "io_kbytes" : 2480500,
        "bw_bytes" : 49595470,
        "bw" : 48433,
        "iops" : 12108.269062,
        "runtime" : 51215,
        "total_ios" : 620125,
        "short_ios" : 0,
        "drop_ios" : 0,
        "slat_ns" : {
          "min" : 0,
          "max" : 0,
          "mean" : 0.000000,
          "stddev" : 0.000000,
          "N" : 0
        },
        "clat_ns" : {
          "min" : 26779,
          "max" : 1516776,
          "mean" : 77342.438774,
          "stddev" : 13499.940770,
          "N" : 620125,
          "percentile" : {
            "1.000000" : 71168,