{
  "fio version" : "fio-3.35",
  "timestamp" : 1694470669,
  "timestamp_ms" : 1694470669453,
  "time" : "Mon Sep 11 22:17:49 2023",
  "global options" : {
    "name" : "loaded-reset",
    "ioengine" : "io_uring_cmd",
    "size" : "814z",
    "bs" : "64K",
    "zonemode" : "zbd",
    "thread" : "1",
    "lat_percentiles" : "1",
    "filename" : "/dev/ng0n2",
    "sqthread_poll" : "1"
  },
  "jobs" : [
    {
      "jobname" : "fill-prep",
      "groupid" : 0,
      "error" : 0,
      "eta" : 0,
      "elapsed" : 802,
      "job options" : {
        "iodepth" : "1",
        "rw" : "write"
      },
      "read" : {
        "io_bytes" : 0,
        "io_kbytes" : 0,
        "bw_bytes" : 0,
        "bw" : 0,
        "iops" : 0.000000,
        "runtime" : 0,
        "total_ios" : 0,
        "short_ios" : 0,
        "drop_ios" : 0,
        "slat_ns" : {
          "min" : 0,
          "max" : 0,
          "mean" : 0.000000,
          "stddev" : 0.000000,
          "N" : 0
        },
        "clat_ns" : {
          "min" : 0,
          "max" : 0,
          "mean" : 0.000000,
          "stddev" : 0.000000,
          "N" : 0
        },
        "lat_ns" : {
          "min" : 0,
          "max" : 0,
          "mean" : 0.000000,
          "stddev" : 0.000000,
          "N" : 0
        },
        "bw_min" : 0,
        "bw_max" : 0,
        "bw_agg" : 0.000000,
        "bw_mean" : 0.000000,
        "bw_dev" : 0.000000,
        "bw_samples" : 0,
        "iops_min" : 0,
        "iops_max" : 0,
        "iops_mean" : 0.000000,
        "iops_stddev" : 0.000000,
        "iops_samples" : 0
      },
      "write" : {
        "io_bytes" : 919263510528,
        "io_kbytes" : 897718272,
        "bw_bytes" : 1229515852,
        "bw" : 1200699,
        "iops" : 18760.923036,
        "runtime" : 747663,
        "total_ios" : 14026848,
        "short_ios" : 0,
        "drop_ios" : 0,
        "slat_ns" : {
          "min" : 0,
          "max" : 0,
          "mean" : 0.000000,
          "stddev" : 0.000000,
          "N" : 0
        },
        "clat_ns" : {
          "min" : 39209,
          "max" : 4606798,
          "mean" : 51661.601744,
          "stddev" : 48636.572658,
          "N" : 14026848,
          "percentile" : {
            "1.000000" : 43776,
            "5.000000" : 43776,
            "10.000000" : 43776,
            "20.000000" : 44288,
            "30.000000" : 44288,
            "40.000000" : 44288,
            "50.000000" : 44800,
            "60.000000" : 44800,
            "70.000000" : 45824,
            "80.000000" : 47872,
            "90.000000" : 55040,
            "95.000000" : 80384,
            "99.000000" : 160768,
            "99.500000" : 195584,
            "99.900000" : 309248,
            "99.950000" : 684032,
            "99.990000" : 2473984
          }
        },
        "lat_ns" : {
          "min" : 43826,
          "max" : 4607989,
          "mean" : 52728.636053,
          "stddev" : 48637.312251,
          "N" : 14026848,
          "percentile" : {
            "1.000000" : 44288,
            "5.000000" : 44800,
            "10.000000" : 44800,
            "20.000000" : 45312,
            "30.000000" : 45312,
            "40.000000" : 45312,
            "50.000000" : 45824,
            "60.000000" : 45824,
            "70.000000" : 46848,
            "80.000000" : 49408,
            "90.000000" : 56064,
            "95.000000" : 81408,
            "99.000000" : 162816,
            "99.500000" : 197632,
            "99.900000" : 313344,
            "99.950000" : 684032,
            "99.990000" : 2473984
          }
        },
        "bw_min" : 1168032,
        "bw_max" : 1224727,
        "bw_agg" : 100.000000,
        "bw_mean" : 1201274.506693,
        "bw_dev" : 8011.537050,
        "bw_samples" : 1494,
        "iops_min" : 18250,
        "iops_max" : 19136,
        "iops_mean" : 18769.780455,
        "iops_stddev" : 125.139895,
        "iops_samples" : 1494
      },
      "ZNS Reset" : {
        "total_zone_resets" : 0,
        "io_bytes" : 0,
        "io_kbytes" : 0,
        "bw_bytes" : 0,
        "bw" : 0,
        "iops" : 0.000000,
        "runtime" : 0,
        "total_ios" : 0,
        "short_ios" : 0,
        "drop_ios" : 0,
        "slat_ns" : {
          "min" : 0,
          "max" : 0,
          "mean" : 0.000000,
          "stddev" : 0.000000,
          "N" : 0
        },
        "clat_ns" : {
          "min" : 0,
          "max" : 0,
          "mean" : 0.000000,
          "stddev" : 0.000000,
          "N" : 0
        },
        "lat_ns" : {
          "min" : 0,
          "max" : 0,
          "mean" : 0.000000,
          "stddev" : 0.000000,
          "N" : 0
        },
        "bw_min" : 0,
        "bw_max" : 0,
        "bw_agg" : 0.000000,
        "bw_mean" : 0.000000,
        "bw_dev" : 0.000000,
        "bw_samples" : 0,
        "iops_min" : 0,
        "iops_max" : 0,
        "iops_mean" : 0.000000,
        "iops_stddev" : 0.000000,
        "iops_samples" : 0
      },
      "sync" : {
        "total_ios" : 0,
        "lat_ns" : {
          "min" : 0,
          "max" : 0,
          "mean" : 0.000000,
          "stddev" : 0.000000,
          "N" : 0
        }
      },
      "job_runtime" : 747662,
      "usr_cpu" : 100.000669,
      "sys_cpu" : 0.000000,
      "ctx" : 989,
      "majf" : 0,
      "minf" : 0,
      "iodepth_level" : {
        "1" : 100.000000,
        "2" : 0.000000,
        "4" : 0.000000,
        "8" : 0.000000,
        "16" : 0.000000,
        "32" : 0.000000,
        ">=64" : 0.000000
      },
      "iodepth_submit" : {
        "0" : 0.000000,
        "4" : 100.000000,
        "8" : 0.000000,
        "16" : 0.000000,
        "32" : 0.000000,
        "64" : 0.000000,
        ">=64" : 0.000000
      },
      "iodepth_complete" : {
        "0" : 0.000000,
        "4" : 100.000000,
        "8" : 0.000000,
        "16" : 0.000000,
        "32" : 0.000000,
        "64" : 0.000000,
        ">=64" : 0.000000
      },
      "latency_ns" : {
        "2" : 0.000000,
        "4" : 0.000000,
        "10" : 0.000000,
        "20" : 0.000000,
        "50" : 0.000000,
        "100" : 0.000000,
        "250" : 0.000000,
        "500" : 0.000000,
        "750" : 0.000000,
        "1000" : 0.000000
      },
      "latency_us" : {
        "2" : 0.000000,
        "4" : 0.000000,
        "10" : 0.000000,
        "20" : 0.000000,
        "50" : 86.670526,
        "100" : 9.897220,
        "250" : 3.199735,
        "500" : 0.174095,
        "750" : 0.010587,
        "1000" : 0.010000
      },
      "latency_ms" : {
        "2" : 0.016504,
        "4" : 0.025280,
        "10" : 0.010000,
        "20" : 0.000000,
        "50" : 0.000000,
        "100" : 0.000000,
        "250" : 0.000000,
        "500" : 0.000000,
        "750" : 0.000000,
        "1000" : 0.000000,
        "2000" : 0.000000,
        ">=2000" : 0.000000
      },
      "latency_depth" : 1,
      "latency_target" : 0,
      "latency_percentile" : 100.000000,
      "latency_window" : 0
    },
    {
      "jobname" : "trim",
      "groupid" : 1,
      "error" : 0,
      "eta" : 0,
      "elapsed" : 802,
      "job options" : {
        "rw" : "randread",
        "iodepth" : "1",
        "size" : "244z",
        "offset" : "570z",
        "bs" : "8K",
        "exit_what" : "stonewall",
        "runtime" : "1m"
      },
      "read" : {
        "io_bytes" : 4652498944,
        "io_kbytes" : 4543456,
        "bw_bytes" : 87426693,
        "bw" : 85377,
        "iops" : 10672.203848,
        "runtime" : 53216,
        "total_ios" : 567932,
        "short_ios" : 0,
        "drop_ios" : 0,
        "slat_ns" : {
          "min" : 0,
          "max" : 0,
          "mean" : 0.000000,
          "stddev" : 0.000000,
          "N" : 0
        },
        "clat_ns" : {
          "min" : 35577,
          "max" : 1277974,
          "mean" : 88657.163028,
          "stddev" : 12824.657876,
          "N" : 567932,
          "percentile" : {
            "1.000000" : 82432,