{
  "fio version" : "fio-3.35",
  "timestamp" : 1701469828,
  "timestamp_ms" : 1701469828245,
  "time" : "Fri Dec  1 22:30:28 2023",
  "global options" : {
    "name" : "bw",
    "ioengine" : "io_uring",
    "direct" : "1",
    "size" : "813z",
    "bs" : "8K",
    "zonemode" : "zbd",
    "thread" : "1",
    "lat_percentiles" : "1",
    "iodepth" : "1",
    "runtime" : "1m",
    "filename" : "/dev/nvme0n2",
    "sqthread_poll" : "1"
  },
  "jobs" : [
    {
      "jobname" : "write",
      "groupid" : 0,
      "error" : 0,
      "eta" : 0,
      "elapsed" : 61,
      "job options" : {
        "numjobs" : "2",
        "rw" : "write"
      },
      "read" : {
        "io_bytes" : 0,
        "io_kbytes" : 0,
        "bw_bytes" : 0,
        "bw" : 0,
        "iops" : 0.000000,
        "runtime" : 0,
        "total_ios" : 0,
        "short_ios" : 0,
        "drop_ios" : 0,
        "slat_ns" : {
          "min" : 0,
          "max" : 0,
          "mean" : 0.000000,
          "stddev" : 0.000000,
          "N" : 0
        },
        "clat_ns" : {
          "min" : 0,
          "max" : 0,
          "mean" : 0.000000,
          "stddev" : 0.000000,
          "N" : 0
        },
        "lat_ns" : {
          "min" : 0,
          "max" : 0,
          "mean" : 0.000000,
          "stddev" : 0.000000,
          "N" : 0
        },
        "bw_min" : 0,
        "bw_max" : 0,
        "bw_agg" : 0.000000,
        "bw_mean" : 0.000000,
        "bw_dev" : 0.000000,
        "bw_samples" : 0,
        "iops_min" : 0,
        "iops_max" : 0,
        "iops_mean" : 0.000000,
        "iops_stddev" : 0.000000,
        "iops_samples" : 0
      },
      "finish" : {
        "total_zone_resets" : 20,
        "io_bytes" : 44600483840,
        "io_kbytes" : 43555160,
        "bw_bytes" : 743329008,
        "bw" : 725907,
        "iops" : 90738.404360,
        "runtime" : 60001,
        "total_ios" : 5444395,
        "short_ios" : 0,
        "drop_ios" : 0,
        "slat_ns" : {
          "min" : 0,
          "max" : 0,
          "mean" : 0.000000,
          "stddev" : 0.000000,
          "N" : 0
        },
        "clat_ns" : {
          "min" : 3298,
          "max" : 12742210,
          "mean" : 19932.883754,
          "stddev" : 10519.503352,
          "N" : 5444395,
          "percentile" : {
            "1.000000" : 17792,
            "5.000000" : 18304,
            "10.000000" : 18304,
            "20.000000" : 18816,
            "30.000000" : 19072,
            "40.000000" : 19072,
            "50.000000" : 19584,
            "60.000000" : 19840,
            "70.000000" : 20096,
            "80.000000" : 20608,
            "90.000000" : 21888,
            "95.000000" : 22912,
            "99.000000" : 26240,
            "99.500000" : 28800,
            "99.900000" : 44288,
            "99.950000" : 51456,
            "99.990000" : 76288
          }
        },
        "lat_ns" : {
          "min" : 16606,
          "max" : 12743092,
          "mean" : 20371.236212,
          "stddev" : 10521.021927,
          "N" : 5444395,
          "percentile" : {
            "1.000000" : 18048,
            "5.000000" : 18560,
            "10.000000" : 18816,
            "20.000000" : 19072,
            "30.000000" : 19328,
            "40.000000" : 19584,
            "50.000000" : 19840,
            "60.000000" : 20096,
            "70.000000" : 20608,
            "80.000000" : 21120,
            "90.000000" : 22144,
            "95.000000" : 23424,
            "99.000000" : 26752,
            "99.500000" : 29312,
            "99.900000" : 44800,
            "99.950000" : 51968,
            "99.990000" : 76288
          }
        },
        "bw_min" : 193424,
        "bw_max" : 801664,
        "bw_agg" : 100.000000,
        "bw_mean" : 725951.193277,
        "bw_dev" : 51103.765565,
        "bw_samples" : 238,
        "iops_min" : 24178,
        "iops_max" : 100208,
        "iops_mean" : 90743.882353,
        "iops_stddev" : 6387.966849,
        "iops_samples" : 238
      },
      "ZNS Reset" : {
        "total_zone_resets" : 20,
        "io_bytes" : 0,
        "io_kbytes" : 0,
        "bw_bytes" : 0,
        "bw" : 0,
        "iops" : 0.000000,
        "runtime" : 0,
        "total_ios" : 0,
        "short_ios" : 0,
        "drop_ios" : 0,
        "slat_ns" : {
          "min" : 0,
          "max" : 0,
          "mean" : 0.000000,
          "stddev" : 0.000000,
          "N" : 0
        },
        "clat_ns" : {
          "min" : 0,
          "max" : 0,
          "mean" : 0.000000,
          "stddev" : 0.000000,
          "N" : 0
        },
        "lat_ns" : {
          "min" : 0,
          "max" : 0,
          "mean" : 0.000000,
          "stddev" : 0.000000,
          "N" : 0
        },
        "bw_min" : 0,
        "bw_max" : 0,
        "bw_agg" : 0.000000,
        "bw_mean" : 0.000000,
        "bw_dev" : 0.000000,
        "bw_samples" : 0,
        "iops_min" : 0,
        "iops_max" : 0,
        "iops_mean" : 0.000000,
        "iops_stddev" : 0.000000,
        "iops_samples" : 0
      },
      "sync" : {
        "total_ios" : 0,
        "lat_ns" : {
          "min" : 0,
          "max" : 0,
          "mean" : 0.000000,
          "stddev" : 0.000000,
          "N" : 0
        }
      },
      "job_runtime" : 120000,
      "usr_cpu" : 96.955000,
      "sys_cpu" : 0.816667,
      "ctx" : 137919,
      "majf" : 0,
      "minf" : 0,
      "iodepth_level" : {
        "1" : 100.000000,
        "2" : 0.000000,
        "4" : 0.000000,
        "8" : 0.000000,
        "16" : 0.000000,
        "32" : 0.000000,
        ">=64" : 0.000000
      },
      "iodepth_submit" : {
        "0" : 0.000000,
        "4" : 100.000000,
        "8" : 0.000000,
        "16" : 0.000000,
        "32" : 0.000000,
        "64" : 0.000000,
        ">=64" : 0.000000
      },
      "iodepth_complete" : {
        "0" : 0.000000,
        "4" : 100.000000,
        "8" : 0.000000,
        "16" : 0.000000,
        "32" : 0.000000,
        "64" : 0.000000,
        ">=64" : 0.000000
      },
      "latency_ns" : {
        "2" : 0.000000,
        "4" : 0.000000,
        "10" : 0.000000,
        "20" : 0.000000,
        "50" : 0.000000,
        "100" : 0.000000,
        "250" : 0.000000,
        "500" : 0.000000,
        "750" : 0.000000,
        "1000" : 0.000000
      },
      "latency_us" : {
        "2" : 0.000000,
        "4" : 0.010000,
        "10" : 0.000000,
        "20" : 66.626448,
        "50" : 33.315107,
        "100" : 0.055066,
        "250" : 0.010000,
        "500" : 0.010000,
        "750" : 0.010000,
        "1000" : 0.010000
      },
      "latency_ms" : {
        "2" : 0.010000,
        "4" : 0.010000,
        "10" : 0.010000,
        "20" : 0.010000,
        "50" : 0.000000,
        "100" : 0.000000,
        "250" : 0.000000,
        "500" : 0.000000,
        "750" : 0.000000,
        "1000" : 0.000000,
        "2000" : 0.000000,
        ">=2000" : 0.000000
      },
      "latency_depth" : 1,
      "latency_target" : 0,
      "latency_percentile" : 100.000000,
      "latency_window" : 0
    }
  ],
  "disk_util" : [
    {
      "name" : "nvme0n2",
      "read_ios" : 45,
      "write_ios" : 5433446,
      "read_sectors" : 2064,
      "write_sectors" : 86934816,
      "read_merges" : 0,
      "write_merges" : 0,
      "read_ticks" : 1,
      "write_ticks" : 90077,
      "in_queue" : 90079,
      "util" : 99.904926
    }
  ]
}
