{
  "fio version" : "fio-3.35",
  "timestamp" : 1701469707,
  "timestamp_ms" : 1701469707297,
  "time" : "Fri Dec  1 22:28:27 2023",
  "global options" : {
    "name" : "loaded-reset",
    "ioengine" : "io_uring",
    "size" : "813z",
    "bs" : "64K",
    "direct" : "1",
    "zonemode" : "zbd",
    "thread" : "1",
    "lat_percentiles" : "1",
    "filename" : "/dev/nvme0n2",
    "sqthread_poll" : "1"
  },
  "jobs" : [
    {
      "jobname" : "fill-prep",
      "groupid" : 0,
      "error" : 0,
      "eta" : 0,
      "elapsed" : 777,
      "job options" : {
        "iodepth" : "1",
        "rw" : "write",
        "numjobs" : "1"
      },
      "read" : {
        "io_bytes" : 0,
        "io_kbytes" : 0,
        "bw_bytes" : 0,
        "bw" : 0,
        "iops" : 0.000000,
        "runtime" : 0,
        "total_ios" : 0,
        "short_ios" : 0,
        "drop_ios" : 0,
        "slat_ns" : {
          "min" : 0,
          "max" : 0,
          "mean" : 0.000000,
          "stddev" : 0.000000,
          "N" : 0
        },
        "clat_ns" : {
          "min" : 0,
          "max" : 0,
          "mean" : 0.000000,
          "stddev" : 0.000000,
          "N" : 0
        },
        "lat_ns" : {
          "min" : 0,
          "max" : 0,
          "mean" : 0.000000,
          "stddev" : 0.000000,
          "N" : 0
        },
        "bw_min" : 0,
        "bw_max" : 0,
        "bw_agg" : 0.000000,
        "bw_mean" : 0.000000,
        "bw_dev" : 0.000000,
        "bw_samples" : 0,
        "iops_min" : 0,
        "iops_max" : 0,
        "iops_mean" : 0.000000,
        "iops_stddev" : 0.000000,
        "iops_samples" : 0
      },
      "finish" : {
        "total_zone_resets" : 0,
        "io_bytes" : 918134194176,
        "io_kbytes" : 896615424,
        "bw_bytes" : 1227061702,
        "bw" : 1198302,
        "iops" : 18723.475686,
        "runtime" : 748238,
        "total_ios" : 14009616,
        "short_ios" : 0,
        "drop_ios" : 0,
        "slat_ns" : {
          "min" : 0,
          "max" : 0,
          "mean" : 0.000000,
          "stddev" : 0.000000,
          "N" : 0
        },
        "clat_ns" : {
          "min" : 224,
          "max" : 11516927,
          "mean" : 51654.584831,
          "stddev" : 47792.613226,
          "N" : 14009616,
          "percentile" : {
            "1.000000" : 44288,
            "5.000000" : 44800,
            "10.000000" : 44800,
            "20.000000" : 44800,
            "30.000000" : 45312,
            "40.000000" : 45312,
            "50.000000" : 45312,
            "60.000000" : 45824,
            "70.000000" : 46848,
            "80.000000" : 48384,
            "90.000000" : 52992,
            "95.000000" : 76288,
            "99.000000" : 154624,
            "99.500000" : 185344,
            "99.900000" : 288768,
            "99.950000" : 749568,
            "99.990000" : 2441216
          }
        },
        "lat_ns" : {
          "min" : 44351,
          "max" : 11517869,
          "mean" : 52830.440332,
          "stddev" : 47793.816978,
          "N" : 14009616,
          "percentile" : {
            "1.000000" : 45312,
            "5.000000" : 45824,
            "10.000000" : 45824,
            "20.000000" : 46336,
            "30.000000" : 46336,
            "40.000000" : 46336,
            "50.000000" : 46848,
            "60.000000" : 47360,
            "70.000000" : 47872,
            "80.000000" : 49408,
            "90.000000" : 54528,
            "95.000000" : 77312,
            "99.000000" : 154624,
            "99.500000" : 187392,
            "99.900000" : 292864,
            "99.950000" : 749568,
            "99.990000" : 2441216
          }
        },
        "bw_min" : 1160832,
        "bw_max" : 1224800,
        "bw_agg" : 100.000000,
        "bw_mean" : 1199203.775251,
        "bw_dev" : 8244.043099,
        "bw_samples" : 1495,
        "iops_min" : 18138,
        "iops_max" : 19139,
        "iops_mean" : 18737.377258,
        "iops_stddev" : 128.731940,
        "iops_samples" : 1495
      },
      "ZNS Reset" : {
        "total_zone_resets" : 0,
        "io_bytes" : 0,
        "io_kbytes" : 0,
        "bw_bytes" : 0,
        "bw" : 0,
        "iops" : 0.000000,
        "runtime" : 0,
        "total_ios" : 0,
        "short_ios" : 0,
        "drop_ios" : 0,
        "slat_ns" : {
          "min" : 0,
          "max" : 0,
          "mean" : 0.000000,
          "stddev" : 0.000000,
          "N" : 0
        },
        "clat_ns" : {
          "min" : 0,
          "max" : 0,
          "mean" : 0.000000,
          "stddev" : 0.000000,
          "N" : 0
        },
        "lat_ns" : {
          "min" : 0,
          "max" : 0,
          "mean" : 0.000000,
          "stddev" : 0.000000,
          "N" : 0
        },
        "bw_min" : 0,
        "bw_max" : 0,
        "bw_agg" : 0.000000,
        "bw_mean" : 0.000000,
        "bw_dev" : 0.000000,
        "bw_samples" : 0,
        "iops_min" : 0,
        "iops_max" : 0,
        "iops_mean" : 0.000000,
        "iops_stddev" : 0.000000,
        "iops_samples" : 0
      },
      "sync" : {
        "total_ios" : 0,
        "lat_ns" : {
          "min" : 0,
          "max" : 0,
          "mean" : 0.000000,
          "stddev" : 0.000000,
          "N" : 0
        }
      },
      "job_runtime" : 748237,
      "usr_cpu" : 99.998797,
      "sys_cpu" : 0.000535,
      "ctx" : 407,
      "majf" : 0,
      "minf" : 0,
      "iodepth_level" : {
        "1" : 100.000000,
        "2" : 0.000000,
        "4" : 0.000000,
        "8" : 0.000000,
        "16" : 0.000000,
        "32" : 0.000000,
        ">=64" : 0.000000
      },
      "iodepth_submit" : {
        "0" : 0.000000,
        "4" : 100.000000,
        "8" : 0.000000,
        "16" : 0.000000,
        "32" : 0.000000,
        "64" : 0.000000,
        ">=64" : 0.000000
      },
      "iodepth_complete" : {
        "0" : 0.000000,
        "4" : 100.000000,
        "8" : 0.000000,
        "16" : 0.000000,
        "32" : 0.000000,
        "64" : 0.000000,
        ">=64" : 0.000000
      },
      "latency_ns" : {
        "2" : 0.000000,
        "4" : 0.000000,
        "10" : 0.000000,
        "20" : 0.000000,
        "50" : 0.000000,
        "100" : 0.000000,
        "250" : 0.010000,
        "500" : 0.010000,
        "750" : 0.000000,
        "1000" : 0.000000
      },
      "latency_us" : {
        "2" : 0.000000,
        "4" : 0.000000,
        "10" : 0.000000,
        "20" : 0.000000,
        "50" : 85.634603,
        "100" : 11.548753,
        "250" : 2.644626,
        "500" : 0.109753,
        "750" : 0.012406,
        "1000" : 0.010000
      },
      "latency_ms" : {
        "2" : 0.017509,
        "4" : 0.025347,
        "10" : 0.010000,
        "20" : 0.010000,
        "50" : 0.000000,
        "100" : 0.000000,
        "250" : 0.000000,
        "500" : 0.000000,
        "750" : 0.000000,
        "1000" : 0.000000,
        "2000" : 0.000000,
        ">=2000" : 0.000000
      },
      "latency_depth" : 1,
      "latency_target" : 0,
      "latency_percentile" : 100.000000,
      "latency_window" : 0
    },
    {
      "jobname" : "trim",
      "groupid" : 1,
      "error" : 0,
      "eta" : 0,
      "elapsed" : 777,
      "job options" : {
        "rw" : "randtrim",
        "iodepth" : "1",
        "numjobs" : "1",
        "bs" : "2147483648",
        "rate" : ",,62042991939.50"
      },
      "read" : {
        "io_bytes" : 0,
        "io_kbytes" : 0,
        "bw_bytes" : 0,
        "bw" : 0,
        "iops" : 0.000000,
        "runtime" : 0,
        "total_ios" : 0,
        "short_ios" : 0,
        "drop_ios" : 0,
        "slat_ns" : {
          "min" : 0,
          "max" : 0,
          "mean" : 0.000000,
          "stddev" : 0.000000,
          "N" : 0
        },
        "clat_ns" : {
          "min" : 0,
          "max" : 0,
          "mean" : 0.000000,
          "stddev" : 0.000000,
          "N" : 0
        },
        "lat_ns" : {
          "min" : 0,
          "max" : 0,
          "mean" : 0.000000,