{
  "fio version" : "fio-3.35",
  "timestamp" : 1701476011,
  "timestamp_ms" : 1701476011955,
  "time" : "Sat Dec  2 00:13:31 2023",
  "global options" : {
    "name" : "bw",
    "ioengine" : "io_uring",
    "direct" : "1",
    "size" : "813z",
    "bs" : "8K",
    "zonemode" : "zbd",
    "thread" : "1",
    "lat_percentiles" : "1",
    "iodepth" : "1",
    "runtime" : "1m",
    "filename" : "/dev/nvme0n2",
    "sqthread_poll" : "1"
  },
  "jobs" : [
    {
      "jobname" : "write",
      "groupid" : 0,
      "error" : 0,
      "eta" : 0,
      "elapsed" : 61,
      "job options" : {
        "numjobs" : "7",
        "rw" : "write"
      },
      "read" : {
        "io_bytes" : 0,
        "io_kbytes" : 0,
        "bw_bytes" : 0,
        "bw" : 0,
        "iops" : 0.000000,
        "runtime" : 0,
        "total_ios" : 0,
        "short_ios" : 0,
        "drop_ios" : 0,
        "slat_ns" : {
          "min" : 0,
          "max" : 0,
          "mean" : 0.000000,
          "stddev" : 0.000000,
          "N" : 0
        },
        "clat_ns" : {
          "min" : 0,
          "max" : 0,
          "mean" : 0.000000,
          "stddev" : 0.000000,
          "N" : 0
        },
        "lat_ns" : {
          "min" : 0,
          "max" : 0,
          "mean" : 0.000000,
          "stddev" : 0.000000,
          "N" : 0
        },
        "bw_min" : 0,
        "bw_max" : 0,
        "bw_agg" : 0.000000,
        "bw_mean" : 0.000000,
        "bw_dev" : 0.000000,
        "bw_samples" : 0,
        "iops_min" : 0,
        "iops_max" : 0,
        "iops_mean" : 0.000000,
        "iops_stddev" : 0.000000,
        "iops_samples" : 0
      },
      "finish" : {
        "total_zone_resets" : 51,
        "io_bytes" : 66973360128,
        "io_kbytes" : 65403672,
        "bw_bytes" : 1116204065,
        "bw" : 1090043,
        "iops" : 136255.379077,
        "runtime" : 60001,
        "total_ios" : 8175459,
        "short_ios" : 0,
        "drop_ios" : 0,
        "slat_ns" : {
          "min" : 0,
          "max" : 0,
          "mean" : 0.000000,
          "stddev" : 0.000000,
          "N" : 0
        },
        "clat_ns" : {
          "min" : 14726,
          "max" : 14149460,
          "mean" : 38914.616609,
          "stddev" : 80870.664438,
          "N" : 8175459,
          "percentile" : {
            "1.000000" : 18304,
            "5.000000" : 20352,
            "10.000000" : 21632,
            "20.000000" : 23936,
            "30.000000" : 25728,
            "40.000000" : 27776,
            "50.000000" : 30080,
            "60.000000" : 33024,
            "70.000000" : 36608,
            "80.000000" : 43776,
            "90.000000" : 63232,
            "95.000000" : 79360,
            "99.000000" : 154624,
            "99.500000" : 201728,
            "99.900000" : 407552,
            "99.950000" : 585728,
            "99.990000" : 2113536
          }
        },
        "lat_ns" : {
          "min" : 16542,
          "max" : 14149729,
          "mean" : 39477.790499,
          "stddev" : 80873.467067,
          "N" : 8175459,
          "percentile" : {
            "1.000000" : 18560,
            "5.000000" : 20864,
            "10.000000" : 22144,
            "20.000000" : 24448,
            "30.000000" : 26240,
            "40.000000" : 28288,
            "50.000000" : 30592,
            "60.000000" : 33536,
            "70.000000" : 37120,
            "80.000000" : 44288,
            "90.000000" : 63744,
            "95.000000" : 80384,
            "99.000000" : 156672,
            "99.500000" : 203776,
            "99.900000" : 407552,
            "99.950000" : 585728,
            "99.990000" : 2113536
          }
        },
        "bw_min" : 98032,
        "bw_max" : 2064960,
        "bw_agg" : 100.000000,
        "bw_mean" : 1190886.867578,
        "bw_dev" : 57468.693628,
        "bw_samples" : 758,
        "iops_min" : 12254,
        "iops_max" : 258120,
        "iops_mean" : 148860.844441,
        "iops_stddev" : 7183.590299,
        "iops_samples" : 758
      },
      "ZNS Reset" : {
        "total_zone_resets" : 51,
        "io_bytes" : 0,
        "io_kbytes" : 0,
        "bw_bytes" : 0,
        "bw" : 0,
        "iops" : 0.000000,
        "runtime" : 0,
        "total_ios" : 0,
        "short_ios" : 0,
        "drop_ios" : 0,
        "slat_ns" : {
          "min" : 0,
          "max" : 0,
          "mean" : 0.000000,
          "stddev" : 0.000000,
          "N" : 0
        },
        "clat_ns" : {
          "min" : 0,
          "max" : 0,
          "mean" : 0.000000,
          "stddev" : 0.000000,
          "N" : 0
        },
        "lat_ns" : {
          "min" : 0,
          "max" : 0,
          "mean" : 0.000000,
          "stddev" : 0.000000,
          "N" : 0
        },
        "bw_min" : 0,
        "bw_max" : 0,
        "bw_agg" : 0.000000,
        "bw_mean" : 0.000000,
        "bw_dev" : 0.000000,
        "bw_samples" : 0,
        "iops_min" : 0,
        "iops_max" : 0,
        "iops_mean" : 0.000000,
        "iops_stddev" : 0.000000,
        "iops_samples" : 0
      },
      "sync" : {
        "total_ios" : 0,
        "lat_ns" : {
          "min" : 0,
          "max" : 0,
          "mean" : 0.000000,
          "stddev" : 0.000000,
          "N" : 0
        }
      },
      "job_runtime" : 420000,
      "usr_cpu" : 79.614286,
      "sys_cpu" : 1.272857,
      "ctx" : 835324,
      "majf" : 0,
      "minf" : 0,
      "iodepth_level" : {
        "1" : 100.000000,
        "2" : 0.000000,
        "4" : 0.000000,
        "8" : 0.000000,
        "16" : 0.000000,
        "32" : 0.000000,
        ">=64" : 0.000000
      },
      "iodepth_submit" : {
        "0" : 0.000000,
        "4" : 100.000000,
        "8" : 0.000000,
        "16" : 0.000000,
        "32" : 0.000000,
        "64" : 0.000000,
        ">=64" : 0.000000
      },
      "iodepth_complete" : {
        "0" : 0.000000,
        "4" : 100.000000,
        "8" : 0.000000,
        "16" : 0.000000,
        "32" : 0.000000,
        "64" : 0.000000,
        ">=64" : 0.000000
      },
      "latency_ns" : {
        "2" : 0.000000,
        "4" : 0.000000,
        "10" : 0.000000,
        "20" : 0.000000,
        "50" : 0.000000,
        "100" : 0.000000,
        "250" : 0.000000,
        "500" : 0.000000,
        "750" : 0.000000,
        "1000" : 0.000000
      },
      "latency_us" : {
        "2" : 0.000000,
        "4" : 0.000000,
        "10" : 0.000000,
        "20" : 4.402346,
        "50" : 80.187693,
        "100" : 12.701366,
        "250" : 2.399033,
        "500" : 0.244977,
        "750" : 0.028916,
        "1000" : 0.010000
      },
      "latency_ms" : {
        "2" : 0.016880,
        "4" : 0.010000,
        "10" : 0.010000,
        "20" : 0.010000,
        "50" : 0.000000,
        "100" : 0.000000,
        "250" : 0.000000,
        "500" : 0.000000,
        "750" : 0.000000,
        "1000" : 0.000000,
        "2000" : 0.000000,
        ">=2000" : 0.000000
      },
      "latency_depth" : 1,
      "latency_target" : 0,
      "latency_percentile" : 100.000000,
      "latency_window" : 0
    }
  ],
  "disk_util" : [
    {
      "name" : "nvme0n2",
      "read_ios" : 45,
      "write_ios" : 8158360,
      "read_sectors" : 2064,
      "write_sectors" : 130532944,
      "read_merges" : 0,
      "write_merges" : 0,
      "read_ticks" : 1,
      "write_ticks" : 271978,
      "in_queue" : 271979,
      "util" : 99.939948
    }
  ]
}
