{
  "fio version" : "fio-3.35",
  "timestamp" : 1701469888,
  "timestamp_ms" : 1701469888826,
  "time" : "Fri Dec  1 22:31:28 2023",
  "global options" : {
    "name" : "bw",
    "ioengine" : "io_uring",
    "direct" : "1",
    "size" : "813z",
    "bs" : "8K",
    "zonemode" : "zbd",
    "thread" : "1",
    "lat_percentiles" : "1",
    "iodepth" : "1",
    "runtime" : "1m",
    "filename" : "/dev/nvme0n2",
    "sqthread_poll" : "1"
  },
  "jobs" : [
    {
      "jobname" : "write",
      "groupid" : 0,
      "error" : 0,
      "eta" : 0,
      "elapsed" : 61,
      "job options" : {
        "numjobs" : "3",
        "rw" : "write"
      },
      "read" : {
        "io_bytes" : 0,
        "io_kbytes" : 0,
        "bw_bytes" : 0,
        "bw" : 0,
        "iops" : 0.000000,
        "runtime" : 0,
        "total_ios" : 0,
        "short_ios" : 0,
        "drop_ios" : 0,
        "slat_ns" : {
          "min" : 0,
          "max" : 0,
          "mean" : 0.000000,
          "stddev" : 0.000000,
          "N" : 0
        },
        "clat_ns" : {
          "min" : 0,
          "max" : 0,
          "mean" : 0.000000,
          "stddev" : 0.000000,
          "N" : 0
        },
        "lat_ns" : {
          "min" : 0,
          "max" : 0,
          "mean" : 0.000000,
          "stddev" : 0.000000,
          "N" : 0
        },
        "bw_min" : 0,
        "bw_max" : 0,
        "bw_agg" : 0.000000,
        "bw_mean" : 0.000000,
        "bw_dev" : 0.000000,
        "bw_samples" : 0,
        "iops_min" : 0,
        "iops_max" : 0,
        "iops_mean" : 0.000000,
        "iops_stddev" : 0.000000,
        "iops_samples" : 0
      },
      "finish" : {
        "total_zone_resets" : 35,
        "io_bytes" : 60041035776,
        "io_kbytes" : 58633824,
        "bw_bytes" : 1000667251,
        "bw" : 977214,
        "iops" : 122151.764137,
        "runtime" : 60001,
        "total_ios" : 7329228,
        "short_ios" : 0,
        "drop_ios" : 0,
        "slat_ns" : {
          "min" : 0,
          "max" : 0,
          "mean" : 0.000000,
          "stddev" : 0.000000,
          "N" : 0
        },
        "clat_ns" : {
          "min" : 10241,
          "max" : 9381141,
          "mean" : 21555.210025,
          "stddev" : 22991.547981,
          "N" : 7329228,
          "percentile" : {
            "1.000000" : 18304,
            "5.000000" : 18816,
            "10.000000" : 19072,
            "20.000000" : 19840,
            "30.000000" : 20096,
            "40.000000" : 20352,
            "50.000000" : 20864,
            "60.000000" : 21120,
            "70.000000" : 21632,
            "80.000000" : 22656,
            "90.000000" : 23936,
            "95.000000" : 25728,
            "99.000000" : 31360,
            "99.500000" : 37120,
            "99.900000" : 55552,
            "99.950000" : 67072,
            "99.990000" : 528384
          }
        },
        "lat_ns" : {
          "min" : 16781,
          "max" : 9381667,
          "mean" : 22043.231498,
          "stddev" : 22990.747417,
          "N" : 7329228,
          "percentile" : {
            "1.000000" : 18816,
            "5.000000" : 19328,
            "10.000000" : 19840,
            "20.000000" : 20352,
            "30.000000" : 20608,
            "40.000000" : 20864,
            "50.000000" : 21120,
            "60.000000" : 21632,
            "70.000000" : 22144,
            "80.000000" : 22912,
            "90.000000" : 24448,
            "95.000000" : 26240,
            "99.000000" : 31872,
            "99.500000" : 37632,
            "99.900000" : 56064,
            "99.950000" : 68096,
            "99.990000" : 528384
          }
        },
        "bw_min" : 82288,
        "bw_max" : 1101664,
        "bw_agg" : 100.000000,
        "bw_mean" : 991058.456147,
        "bw_dev" : 63253.248765,
        "bw_samples" : 352,
        "iops_min" : 10286,
        "iops_max" : 137708,
        "iops_mean" : 123882.299680,
        "iops_stddev" : 7906.655603,
        "iops_samples" : 352
      },
      "ZNS Reset" : {
        "total_zone_resets" : 35,
        "io_bytes" : 0,
        "io_kbytes" : 0,
        "bw_bytes" : 0,
        "bw" : 0,
        "iops" : 0.000000,
        "runtime" : 0,
        "total_ios" : 0,
        "short_ios" : 0,
        "drop_ios" : 0,
        "slat_ns" : {
          "min" : 0,
          "max" : 0,
          "mean" : 0.000000,
          "stddev" : 0.000000,
          "N" : 0
        },
        "clat_ns" : {
          "min" : 0,
          "max" : 0,
          "mean" : 0.000000,
          "stddev" : 0.000000,
          "N" : 0
        },
        "lat_ns" : {
          "min" : 0,
          "max" : 0,
          "mean" : 0.000000,
          "stddev" : 0.000000,
          "N" : 0
        },
        "bw_min" : 0,
        "bw_max" : 0,
        "bw_agg" : 0.000000,
        "bw_mean" : 0.000000,
        "bw_dev" : 0.000000,
        "bw_samples" : 0,
        "iops_min" : 0,
        "iops_max" : 0,
        "iops_mean" : 0.000000,
        "iops_stddev" : 0.000000,
        "iops_samples" : 0
      },
      "sync" : {
        "total_ios" : 0,
        "lat_ns" : {
          "min" : 0,
          "max" : 0,
          "mean" : 0.000000,
          "stddev" : 0.000000,
          "N" : 0
        }
      },
      "job_runtime" : 180000,
      "usr_cpu" : 93.884444,
      "sys_cpu" : 0.891111,
      "ctx" : 275796,
      "majf" : 0,
      "minf" : 0,
      "iodepth_level" : {
        "1" : 100.000000,
        "2" : 0.000000,
        "4" : 0.000000,
        "8" : 0.000000,
        "16" : 0.000000,
        "32" : 0.000000,
        ">=64" : 0.000000
      },
      "iodepth_submit" : {
        "0" : 0.000000,
        "4" : 100.000000,
        "8" : 0.000000,
        "16" : 0.000000,
        "32" : 0.000000,
        "64" : 0.000000,
        ">=64" : 0.000000
      },
      "iodepth_complete" : {
        "0" : 0.000000,
        "4" : 100.000000,
        "8" : 0.000000,
        "16" : 0.000000,
        "32" : 0.000000,
        "64" : 0.000000,
        ">=64" : 0.000000
      },
      "latency_ns" : {
        "2" : 0.000000,
        "4" : 0.000000,
        "10" : 0.000000,
        "20" : 0.000000,
        "50" : 0.000000,
        "100" : 0.000000,
        "250" : 0.000000,
        "500" : 0.000000,
        "750" : 0.000000,
        "1000" : 0.000000
      },
      "latency_us" : {
        "2" : 0.000000,
        "4" : 0.000000,
        "10" : 0.000000,
        "20" : 27.498517,
        "50" : 72.343677,
        "100" : 0.138050,
        "250" : 0.010000,
        "500" : 0.010000,
        "750" : 0.010000,
        "1000" : 0.010000
      },
      "latency_ms" : {
        "2" : 0.010000,
        "4" : 0.010000,
        "10" : 0.010000,
        "20" : 0.000000,
        "50" : 0.000000,
        "100" : 0.000000,
        "250" : 0.000000,
        "500" : 0.000000,
        "750" : 0.000000,
        "1000" : 0.000000,
        "2000" : 0.000000,
        ">=2000" : 0.000000
      },
      "latency_depth" : 1,
      "latency_target" : 0,
      "latency_percentile" : 100.000000,
      "latency_window" : 0
    }
  ],
  "disk_util" : [
    {
      "name" : "nvme0n2",
      "read_ios" : 45,
      "write_ios" : 7314822,
      "read_sectors" : 2064,
      "write_sectors" : 117036592,
      "read_merges" : 0,
      "write_merges" : 0,
      "read_ticks" : 1,
      "write_ticks" : 130508,
      "in_queue" : 130510,
      "util" : 99.926598
    }
  ]
}
