{
  "fio version" : "fio-3.35",
  "timestamp" : 1701469767,
  "timestamp_ms" : 1701469767607,
  "time" : "Fri Dec  1 22:29:27 2023",
  "global options" : {
    "name" : "bw",
    "ioengine" : "io_uring",
    "direct" : "1",
    "size" : "813z",
    "bs" : "8K",
    "zonemode" : "zbd",
    "thread" : "1",
    "lat_percentiles" : "1",
    "iodepth" : "1",
    "runtime" : "1m",
    "filename" : "/dev/nvme0n2",
    "sqthread_poll" : "1"
  },
  "jobs" : [
    {
      "jobname" : "write",
      "groupid" : 0,
      "error" : 0,
      "eta" : 0,
      "elapsed" : 61,
      "job options" : {
        "numjobs" : "1",
        "rw" : "write"
      },
      "read" : {
        "io_bytes" : 0,
        "io_kbytes" : 0,
        "bw_bytes" : 0,
        "bw" : 0,
        "iops" : 0.000000,
        "runtime" : 0,
        "total_ios" : 0,
        "short_ios" : 0,
        "drop_ios" : 0,
        "slat_ns" : {
          "min" : 0,
          "max" : 0,
          "mean" : 0.000000,
          "stddev" : 0.000000,
          "N" : 0
        },
        "clat_ns" : {
          "min" : 0,
          "max" : 0,
          "mean" : 0.000000,
          "stddev" : 0.000000,
          "N" : 0
        },
        "lat_ns" : {
          "min" : 0,
          "max" : 0,
          "mean" : 0.000000,
          "stddev" : 0.000000,
          "N" : 0
        },
        "bw_min" : 0,
        "bw_max" : 0,
        "bw_agg" : 0.000000,
        "bw_mean" : 0.000000,
        "bw_dev" : 0.000000,
        "bw_samples" : 0,
        "iops_min" : 0,
        "iops_max" : 0,
        "iops_mean" : 0.000000,
        "iops_stddev" : 0.000000,
        "iops_samples" : 0
      },
      "finish" : {
        "total_zone_resets" : 0,
        "io_bytes" : 25026420736,
        "io_kbytes" : 24439864,
        "bw_bytes" : 417100060,
        "bw" : 407324,
        "iops" : 50915.534741,
        "runtime" : 60001,
        "total_ios" : 3054983,
        "short_ios" : 0,
        "drop_ios" : 0,
        "slat_ns" : {
          "min" : 0,
          "max" : 0,
          "mean" : 0.000000,
          "stddev" : 0.000000,
          "N" : 0
        },
        "clat_ns" : {
          "min" : 14255,
          "max" : 8835418,
          "mean" : 18601.970595,
          "stddev" : 6970.776488,
          "N" : 3054983,
          "percentile" : {
            "1.000000" : 16512,
            "5.000000" : 16768,
            "10.000000" : 17024,
            "20.000000" : 17792,
            "30.000000" : 18304,
            "40.000000" : 18560,
            "50.000000" : 18560,
            "60.000000" : 18816,
            "70.000000" : 18816,
            "80.000000" : 19072,
            "90.000000" : 19584,
            "95.000000" : 20096,
            "99.000000" : 21888,
            "99.500000" : 23936,
            "99.900000" : 30336,
            "99.950000" : 38144,
            "99.990000" : 55040
          }
        },
        "lat_ns" : {
          "min" : 16427,
          "max" : 8835793,
          "mean" : 19001.682181,
          "stddev" : 7011.589611,
          "N" : 3054983,
          "percentile" : {
            "1.000000" : 16768,
            "5.000000" : 17024,
            "10.000000" : 17536,
            "20.000000" : 18304,
            "30.000000" : 18816,
            "40.000000" : 18816,
            "50.000000" : 19072,
            "60.000000" : 19072,
            "70.000000" : 19328,
            "80.000000" : 19584,
            "90.000000" : 19840,
            "95.000000" : 20352,
            "99.000000" : 22400,
            "99.500000" : 24448,
            "99.900000" : 30848,
            "99.950000" : 38144,
            "99.990000" : 55552
          }
        },
        "bw_min" : 383776,
        "bw_max" : 444352,
        "bw_agg" : 100.000000,
        "bw_mean" : 407692.394958,
        "bw_dev" : 16101.404490,
        "bw_samples" : 119,
        "iops_min" : 47972,
        "iops_max" : 55544,
        "iops_mean" : 50961.546218,
        "iops_stddev" : 2012.674255,
        "iops_samples" : 119
      },
      "ZNS Reset" : {
        "total_zone_resets" : 0,
        "io_bytes" : 0,
        "io_kbytes" : 0,
        "bw_bytes" : 0,
        "bw" : 0,
        "iops" : 0.000000,
        "runtime" : 0,
        "total_ios" : 0,
        "short_ios" : 0,
        "drop_ios" : 0,
        "slat_ns" : {
          "min" : 0,
          "max" : 0,
          "mean" : 0.000000,
          "stddev" : 0.000000,
          "N" : 0
        },
        "clat_ns" : {
          "min" : 0,
          "max" : 0,
          "mean" : 0.000000,
          "stddev" : 0.000000,
          "N" : 0
        },
        "lat_ns" : {
          "min" : 0,
          "max" : 0,
          "mean" : 0.000000,
          "stddev" : 0.000000,
          "N" : 0
        },
        "bw_min" : 0,
        "bw_max" : 0,
        "bw_agg" : 0.000000,
        "bw_mean" : 0.000000,
        "bw_dev" : 0.000000,
        "bw_samples" : 0,
        "iops_min" : 0,
        "iops_max" : 0,
        "iops_mean" : 0.000000,
        "iops_stddev" : 0.000000,
        "iops_samples" : 0
      },
      "sync" : {
        "total_ios" : 0,
        "lat_ns" : {
          "min" : 0,
          "max" : 0,
          "mean" : 0.000000,
          "stddev" : 0.000000,
          "N" : 0
        }
      },
      "job_runtime" : 60000,
      "usr_cpu" : 99.993333,
      "sys_cpu" : 0.000000,
      "ctx" : 30,
      "majf" : 0,
      "minf" : 0,
      "iodepth_level" : {
        "1" : 100.000000,
        "2" : 0.000000,
        "4" : 0.000000,
        "8" : 0.000000,
        "16" : 0.000000,
        "32" : 0.000000,
        ">=64" : 0.000000
      },
      "iodepth_submit" : {
        "0" : 0.000000,
        "4" : 100.000000,
        "8" : 0.000000,
        "16" : 0.000000,
        "32" : 0.000000,
        "64" : 0.000000,
        ">=64" : 0.000000
      },
      "iodepth_complete" : {
        "0" : 0.000000,
        "4" : 100.000000,
        "8" : 0.000000,
        "16" : 0.000000,
        "32" : 0.000000,
        "64" : 0.000000,
        ">=64" : 0.000000
      },
      "latency_ns" : {
        "2" : 0.000000,
        "4" : 0.000000,
        "10" : 0.000000,
        "20" : 0.000000,
        "50" : 0.000000,
        "100" : 0.000000,
        "250" : 0.000000,
        "500" : 0.000000,
        "750" : 0.000000,
        "1000" : 0.000000
      },
      "latency_us" : {
        "2" : 0.000000,
        "4" : 0.000000,
        "10" : 0.000000,
        "20" : 94.538267,
        "50" : 5.445497,
        "100" : 0.014992,
        "250" : 0.010000,
        "500" : 0.010000,
        "750" : 0.000000,
        "1000" : 0.010000
      },
      "latency_ms" : {
        "2" : 0.010000,
        "4" : 0.010000,
        "10" : 0.010000,
        "20" : 0.000000,
        "50" : 0.000000,
        "100" : 0.000000,
        "250" : 0.000000,
        "500" : 0.000000,
        "750" : 0.000000,
        "1000" : 0.000000,
        "2000" : 0.000000,
        ">=2000" : 0.000000
      },
      "latency_depth" : 1,
      "latency_target" : 0,
      "latency_percentile" : 100.000000,
      "latency_window" : 0
    }
  ],
  "disk_util" : [
    {
      "name" : "nvme0n2",
      "read_ios" : 45,
      "write_ios" : 3049455,
      "read_sectors" : 2064,
      "write_sectors" : 48791280,
      "read_merges" : 0,
      "write_merges" : 0,
      "read_ticks" : 1,
      "write_ticks" : 47005,
      "in_queue" : 47007,
      "util" : 99.911580
    }
  ]
}
