{
  "fio version" : "fio-3.35",
  "timestamp" : 1701475709,
  "timestamp_ms" : 1701475709341,
  "time" : "Sat Dec  2 00:08:29 2023",
  "global options" : {
    "name" : "bw",
    "ioengine" : "io_uring",
    "direct" : "1",
    "size" : "813z",
    "bs" : "8K",
    "zonemode" : "zbd",
    "thread" : "1",
    "lat_percentiles" : "1",
    "iodepth" : "1",
    "runtime" : "1m",
    "filename" : "/dev/nvme0n2",
    "sqthread_poll" : "1"
  },
  "jobs" : [
    {
      "jobname" : "write",
      "groupid" : 0,
      "error" : 0,
      "eta" : 0,
      "elapsed" : 61,
      "job options" : {
        "numjobs" : "2",
        "rw" : "write"
      },
      "read" : {
        "io_bytes" : 0,
        "io_kbytes" : 0,
        "bw_bytes" : 0,
        "bw" : 0,
        "iops" : 0.000000,
        "runtime" : 0,
        "total_ios" : 0,
        "short_ios" : 0,
        "drop_ios" : 0,
        "slat_ns" : {
          "min" : 0,
          "max" : 0,
          "mean" : 0.000000,
          "stddev" : 0.000000,
          "N" : 0
        },
        "clat_ns" : {
          "min" : 0,
          "max" : 0,
          "mean" : 0.000000,
          "stddev" : 0.000000,
          "N" : 0
        },
        "lat_ns" : {
          "min" : 0,
          "max" : 0,
          "mean" : 0.000000,
          "stddev" : 0.000000,
          "N" : 0
        },
        "bw_min" : 0,
        "bw_max" : 0,
        "bw_agg" : 0.000000,
        "bw_mean" : 0.000000,
        "bw_dev" : 0.000000,
        "bw_samples" : 0,
        "iops_min" : 0,
        "iops_max" : 0,
        "iops_mean" : 0.000000,
        "iops_stddev" : 0.000000,
        "iops_samples" : 0
      },
      "finish" : {
        "total_zone_resets" : 19,
        "io_bytes" : 43444281344,
        "io_kbytes" : 42426056,
        "bw_bytes" : 724059288,
        "bw" : 707089,
        "iops" : 88386.143564,
        "runtime" : 60001,
        "total_ios" : 5303257,
        "short_ios" : 0,
        "drop_ios" : 0,
        "slat_ns" : {
          "min" : 0,
          "max" : 0,
          "mean" : 0.000000,
          "stddev" : 0.000000,
          "N" : 0
        },
        "clat_ns" : {
          "min" : 590,
          "max" : 4187888,
          "mean" : 20487.866809,
          "stddev" : 3746.317543,
          "N" : 5303257,
          "percentile" : {
            "1.000000" : 18048,
            "5.000000" : 18560,
            "10.000000" : 18816,
            "20.000000" : 19328,
            "30.000000" : 19584,
            "40.000000" : 19584,
            "50.000000" : 20096,
            "60.000000" : 20352,
            "70.000000" : 20608,
            "80.000000" : 21376,
            "90.000000" : 22400,
            "95.000000" : 23680,
            "99.000000" : 27264,
            "99.500000" : 29824,
            "99.900000" : 46848,
            "99.950000" : 55552,
            "99.990000" : 81408
          }
        },
        "lat_ns" : {
          "min" : 16714,
          "max" : 4188154,
          "mean" : 20905.061662,
          "stddev" : 3750.744472,
          "N" : 5303257,
          "percentile" : {
            "1.000000" : 18560,
            "5.000000" : 19072,
            "10.000000" : 19328,
            "20.000000" : 19584,
            "30.000000" : 19840,
            "40.000000" : 20096,
            "50.000000" : 20352,
            "60.000000" : 20608,
            "70.000000" : 21120,
            "80.000000" : 21888,
            "90.000000" : 22912,
            "95.000000" : 23936,
            "99.000000" : 27776,
            "99.500000" : 30336,
            "99.900000" : 47360,
            "99.950000" : 56064,
            "99.990000" : 82432
          }
        },
        "bw_min" : 127072,
        "bw_max" : 762976,
        "bw_agg" : 100.000000,
        "bw_mean" : 710274.159237,
        "bw_dev" : 51068.988324,
        "bw_samples" : 237,
        "iops_min" : 15884,
        "iops_max" : 95372,
        "iops_mean" : 88784.269905,
        "iops_stddev" : 6383.625022,
        "iops_samples" : 237
      },
      "ZNS Reset" : {
        "total_zone_resets" : 19,
        "io_bytes" : 0,
        "io_kbytes" : 0,
        "bw_bytes" : 0,
        "bw" : 0,
        "iops" : 0.000000,
        "runtime" : 0,
        "total_ios" : 0,
        "short_ios" : 0,
        "drop_ios" : 0,
        "slat_ns" : {
          "min" : 0,
          "max" : 0,
          "mean" : 0.000000,
          "stddev" : 0.000000,
          "N" : 0
        },
        "clat_ns" : {
          "min" : 0,
          "max" : 0,
          "mean" : 0.000000,
          "stddev" : 0.000000,
          "N" : 0
        },
        "lat_ns" : {
          "min" : 0,
          "max" : 0,
          "mean" : 0.000000,
          "stddev" : 0.000000,
          "N" : 0
        },
        "bw_min" : 0,
        "bw_max" : 0,
        "bw_agg" : 0.000000,
        "bw_mean" : 0.000000,
        "bw_dev" : 0.000000,
        "bw_samples" : 0,
        "iops_min" : 0,
        "iops_max" : 0,
        "iops_mean" : 0.000000,
        "iops_stddev" : 0.000000,
        "iops_samples" : 0
      },
      "sync" : {
        "total_ios" : 0,
        "lat_ns" : {
          "min" : 0,
          "max" : 0,
          "mean" : 0.000000,
          "stddev" : 0.000000,
          "N" : 0
        }
      },
      "job_runtime" : 120000,
      "usr_cpu" : 96.840000,
      "sys_cpu" : 0.648333,
      "ctx" : 137924,
      "majf" : 0,
      "minf" : 0,
      "iodepth_level" : {
        "1" : 100.000000,
        "2" : 0.000000,
        "4" : 0.000000,
        "8" : 0.000000,
        "16" : 0.000000,
        "32" : 0.000000,
        ">=64" : 0.000000
      },
      "iodepth_submit" : {
        "0" : 0.000000,
        "4" : 100.000000,
        "8" : 0.000000,
        "16" : 0.000000,
        "32" : 0.000000,
        "64" : 0.000000,
        ">=64" : 0.000000
      },
      "iodepth_complete" : {
        "0" : 0.000000,
        "4" : 100.000000,
        "8" : 0.000000,
        "16" : 0.000000,
        "32" : 0.000000,
        "64" : 0.000000,
        ">=64" : 0.000000
      },
      "latency_ns" : {
        "2" : 0.000000,
        "4" : 0.000000,
        "10" : 0.000000,
        "20" : 0.000000,
        "50" : 0.000000,
        "100" : 0.000000,
        "250" : 0.000000,
        "500" : 0.000000,
        "750" : 0.010000,
        "1000" : 0.000000
      },
      "latency_us" : {
        "2" : 0.000000,
        "4" : 0.010000,
        "10" : 0.000000,
        "20" : 51.145984,
        "50" : 48.776591,
        "100" : 0.073785,
        "250" : 0.010000,
        "500" : 0.010000,
        "750" : 0.010000,
        "1000" : 0.010000
      },
      "latency_ms" : {
        "2" : 0.010000,
        "4" : 0.010000,
        "10" : 0.010000,
        "20" : 0.000000,
        "50" : 0.000000,
        "100" : 0.000000,
        "250" : 0.000000,
        "500" : 0.000000,
        "750" : 0.000000,
        "1000" : 0.000000,
        "2000" : 0.000000,
        ">=2000" : 0.000000
      },
      "latency_depth" : 1,
      "latency_target" : 0,
      "latency_percentile" : 100.000000,
      "latency_window" : 0
    }
  ],
  "disk_util" : [
    {
      "name" : "nvme0n2",
      "read_ios" : 45,
      "write_ios" : 5292918,
      "read_sectors" : 2064,
      "write_sectors" : 84686384,
      "read_merges" : 0,
      "write_merges" : 0,
      "read_ticks" : 1,
      "write_ticks" : 89032,
      "in_queue" : 89033,
      "util" : 99.914931
    }
  ]
}
