{
  "fio version" : "fio-3.35",
  "timestamp" : 1693579989,
  "timestamp_ms" : 1693579989821,
  "time" : "Fri Sep  1 14:53:09 2023",
  "global options" : {
    "name" : "bw",
    "ioengine" : "io_uring_cmd",
    "size" : "813z",
    "bs" : "8K",
    "zonemode" : "zbd",
    "thread" : "1",
    "lat_percentiles" : "1",
    "iodepth" : "1",
    "size" : "116z",
    "offset_increment" : "116z",
    "runtime" : "1m",
    "filename" : "/dev/ng0n2",
    "sqthread_poll" : "1"
  },
  "jobs" : [
    {
      "jobname" : "write",
      "groupid" : 0,
      "error" : 0,
      "eta" : 0,
      "elapsed" : 61,
      "job options" : {
        "numjobs" : "7",
        "rw" : "write"
      },
      "read" : {
        "io_bytes" : 0,
        "io_kbytes" : 0,
        "bw_bytes" : 0,
        "bw" : 0,
        "iops" : 0.000000,
        "runtime" : 0,
        "total_ios" : 0,
        "short_ios" : 0,
        "drop_ios" : 0,
        "slat_ns" : {
          "min" : 0,
          "max" : 0,
          "mean" : 0.000000,
          "stddev" : 0.000000,
          "N" : 0
        },
        "clat_ns" : {
          "min" : 0,
          "max" : 0,
          "mean" : 0.000000,
          "stddev" : 0.000000,
          "N" : 0
        },
        "lat_ns" : {
          "min" : 0,
          "max" : 0,
          "mean" : 0.000000,
          "stddev" : 0.000000,
          "N" : 0
        },
        "bw_min" : 0,
        "bw_max" : 0,
        "bw_agg" : 0.000000,
        "bw_mean" : 0.000000,
        "bw_dev" : 0.000000,
        "bw_samples" : 0,
        "iops_min" : 0,
        "iops_max" : 0,
        "iops_mean" : 0.000000,
        "iops_stddev" : 0.000000,
        "iops_samples" : 0
      },
      "finish" : {
        "io_bytes" : 73403531264,
        "io_kbytes" : 71683136,
        "bw_bytes" : 1223371798,
        "bw" : 1194699,
        "iops" : 149337.377710,
        "runtime" : 60001,
        "total_ios" : 8960392,
        "short_ios" : 0,
        "drop_ios" : 0,
        "slat_ns" : {
          "min" : 0,
          "max" : 0,
          "mean" : 0.000000,
          "stddev" : 0.000000,
          "N" : 0
        },
        "clat_ns" : {
          "min" : 6741,
          "max" : 108108255,
          "mean" : 45687.546785,
          "stddev" : 104032.325138,
          "N" : 8960392,
          "percentile" : {
            "1.000000" : 16768,
            "5.000000" : 18048,
            "10.000000" : 19584,
            "20.000000" : 21632,
            "30.000000" : 23936,
            "40.000000" : 27264,
            "50.000000" : 32384,
            "60.000000" : 39680,
            "70.000000" : 49408,
            "80.000000" : 62208,
            "90.000000" : 78336,
            "95.000000" : 100864,
            "99.000000" : 195584,
            "99.500000" : 272384,
            "99.900000" : 569344,
            "99.950000" : 815104,
            "99.990000" : 2146304
          }
        },
        "lat_ns" : {
          "min" : 13745,
          "max" : 108108598,
          "mean" : 46063.660504,
          "stddev" : 104041.809395,
          "N" : 8960392,
          "percentile" : {
            "1.000000" : 17280,
            "5.000000" : 18560,
            "10.000000" : 19840,
            "20.000000" : 21888,
            "30.000000" : 24192,
            "40.000000" : 27776,
            "50.000000" : 33024,
            "60.000000" : 40192,
            "70.000000" : 49408,
            "80.000000" : 62208,
            "90.000000" : 79360,
            "95.000000" : 100864,
            "99.000000" : 195584,
            "99.500000" : 272384,
            "99.900000" : 569344,
            "99.950000" : 815104,
            "99.990000" : 2146304
          }
        },
        "bw_min" : 969844,
        "bw_max" : 1226592,
        "bw_agg" : 100.000000,
        "bw_mean" : 1195391.907563,
        "bw_dev" : 3509.651343,
        "bw_samples" : 833,
        "iops_min" : 121228,
        "iops_max" : 153324,
        "iops_mean" : 149423.949580,
        "iops_stddev" : 438.742138,
        "iops_samples" : 833
      },
      "ZNS Reset" : {
        "total_zone_resets" : 0,
        "io_bytes" : 0,
        "io_kbytes" : 0,
        "bw_bytes" : 0,
        "bw" : 0,
        "iops" : 0.000000,
        "runtime" : 0,
        "total_ios" : 0,
        "short_ios" : 0,
        "drop_ios" : 0,
        "slat_ns" : {
          "min" : 0,
          "max" : 0,
          "mean" : 0.000000,
          "stddev" : 0.000000,
          "N" : 0
        },
        "clat_ns" : {
          "min" : 0,
          "max" : 0,
          "mean" : 0.000000,
          "stddev" : 0.000000,
          "N" : 0
        },
        "lat_ns" : {
          "min" : 0,
          "max" : 0,
          "mean" : 0.000000,
          "stddev" : 0.000000,
          "N" : 0
        },
        "bw_min" : 0,
        "bw_max" : 0,
        "bw_agg" : 0.000000,
        "bw_mean" : 0.000000,
        "bw_dev" : 0.000000,
        "bw_samples" : 0,
        "iops_min" : 0,
        "iops_max" : 0,
        "iops_mean" : 0.000000,
        "iops_stddev" : 0.000000,
        "iops_samples" : 0
      },
      "sync" : {
        "total_ios" : 0,
        "lat_ns" : {
          "min" : 0,
          "max" : 0,
          "mean" : 0.000000,
          "stddev" : 0.000000,
          "N" : 0
        }
      },
      "job_runtime" : 420000,
      "usr_cpu" : 99.990714,
      "sys_cpu" : 0.001905,
      "ctx" : 862,
      "majf" : 0,
      "minf" : 0,
      "iodepth_level" : {
        "1" : 100.000000,
        "2" : 0.000000,
        "4" : 0.000000,
        "8" : 0.000000,
        "16" : 0.000000,
        "32" : 0.000000,
        ">=64" : 0.000000
      },
      "iodepth_submit" : {
        "0" : 0.000000,
        "4" : 100.000000,
        "8" : 0.000000,
        "16" : 0.000000,
        "32" : 0.000000,
        "64" : 0.000000,
        ">=64" : 0.000000
      },
      "iodepth_complete" : {
        "0" : 0.000000,
        "4" : 100.000000,
        "8" : 0.000000,
        "16" : 0.000000,
        "32" : 0.000000,
        "64" : 0.000000,
        ">=64" : 0.000000
      },
      "latency_ns" : {
        "2" : 0.000000,
        "4" : 0.000000,
        "10" : 0.000000,
        "20" : 0.000000,
        "50" : 0.000000,
        "100" : 0.000000,
        "250" : 0.000000,
        "500" : 0.000000,
        "750" : 0.000000,
        "1000" : 0.000000
      },
      "latency_us" : {
        "2" : 0.000000,
        "4" : 0.000000,
        "10" : 0.010000,
        "20" : 12.645541,
        "50" : 58.071477,
        "100" : 24.230636,
        "250" : 4.453120,
        "500" : 0.465136,
        "750" : 0.076314,
        "1000" : 0.022242
      },
      "latency_ms" : {
        "2" : 0.021986,
        "4" : 0.013336,
        "10" : 0.010000,
        "20" : 0.010000,
        "50" : 0.000000,
        "100" : 0.010000,
        "250" : 0.010000,
        "500" : 0.000000,
        "750" : 0.000000,
        "1000" : 0.000000,
        "2000" : 0.000000,
        ">=2000" : 0.000000
      },
      "latency_depth" : 1,
      "latency_target" : 0,
      "latency_percentile" : 100.000000,
      "latency_window" : 0
    }
  ]
}
