{
  "fio version" : "fio-3.35",
  "timestamp" : 1715612338,
  "timestamp_ms" : 1715612338589,
  "time" : "Mon May 13 14:58:58 2024",
  "global options" : {
    "zonemode" : "zbd",
    "ioengine" : "io_uring_cmd",
    "direct" : "0",
    "sqthread_poll" : "1",
    "filename" : "/dev/ng0n1"
  },
  "jobs" : [
    {
      "jobname" : "fill",
      "groupid" : 0,
      "error" : 0,
      "eta" : 0,
      "elapsed" : 758,
      "job options" : {
        "name" : "fill",
        "rw" : "write",
        "size" : "8z",
        "bs" : "8k",
        "numjobs" : "6",
        "lat_percentiles" : "1",
        "thread" : "1",
        "offset_increment" : "8z",
        "group_reporting" : "1"
      },
      "read" : {
        "io_bytes" : 0,
        "io_kbytes" : 0,
        "bw_bytes" : 0,
        "bw" : 0,
        "iops" : 0.000000,
        "runtime" : 0,
        "total_ios" : 0,
        "short_ios" : 0,
        "drop_ios" : 0,
        "slat_ns" : {
          "min" : 0,
          "max" : 0,
          "mean" : 0.000000,
          "stddev" : 0.000000,
          "N" : 0
        },
        "clat_ns" : {
          "min" : 0,
          "max" : 0,
          "mean" : 0.000000,
          "stddev" : 0.000000,
          "N" : 0
        },
        "lat_ns" : {
          "min" : 0,
          "max" : 0,
          "mean" : 0.000000,
          "stddev" : 0.000000,
          "N" : 0
        },
        "bw_min" : 0,
        "bw_max" : 0,
        "bw_agg" : 0.000000,
        "bw_mean" : 0.000000,
        "bw_dev" : 0.000000,
        "bw_samples" : 0,
        "iops_min" : 0,
        "iops_max" : 0,
        "iops_mean" : 0.000000,
        "iops_stddev" : 0.000000,
        "iops_samples" : 0
      },
      "write" : {
        "io_bytes" : 54760833024,
        "io_kbytes" : 53477376,
        "bw_bytes" : 72262909,
        "bw" : 70569,
        "iops" : 8821.155978,
        "runtime" : 757800,
        "total_ios" : 6684672,
        "short_ios" : 0,
        "drop_ios" : 0,
        "slat_ns" : {
          "min" : 0,
          "max" : 0,
          "mean" : 0.000000,
          "stddev" : 0.000000,
          "N" : 0
        },
        "clat_ns" : {
          "min" : 2350,
          "max" : 3505086235,
          "mean" : 678289.462600,
          "stddev" : 3244061.507119,
          "N" : 6684672,
          "percentile" : {
            "1.000000" : 481280,
            "5.000000" : 489472,
            "10.000000" : 493568,
            "20.000000" : 497664,
            "30.000000" : 505856,
            "40.000000" : 544768,
            "50.000000" : 626688,
            "60.000000" : 724992,
            "70.000000" : 774144,
            "80.000000" : 905216,
            "90.000000" : 929792,
            "95.000000" : 937984,
            "99.000000" : 987136,
            "99.500000" : 1122304,
            "99.900000" : 1220608,
            "99.950000" : 1236992,
            "99.990000" : 3162112
          }
        },
        "lat_ns" : {
          "min" : 479468,
          "max" : 3505086531,
          "mean" : 679219.344424,
          "stddev" : 3244066.876796,
          "N" : 6684672,
          "percentile" : {
            "1.000000" : 485376,
            "5.000000" : 489472,
            "10.000000" : 493568,
            "20.000000" : 497664,
            "30.000000" : 505856,
            "40.000000" : 544768,
            "50.000000" : 626688,
            "60.000000" : 724992,
            "70.000000" : 774144,
            "80.000000" : 905216,
            "90.000000" : 929792,
            "95.000000" : 937984,
            "99.000000" : 987136,
            "99.500000" : 1122304,
            "99.900000" : 1220608,
            "99.950000" : 1236992,
            "99.990000" : 3194880
          }
        },
        "bw_min" : 7510,
        "bw_max" : 78448,
        "bw_agg" : 100.000000,
        "bw_mean" : 70936.784702,
        "bw_dev" : 353.753612,
        "bw_samples" : 9039,
        "iops_min" : 936,
        "iops_max" : 9806,
        "iops_mean" : 8866.578672,
        "iops_stddev" : 44.232150,
        "iops_samples" : 9039
      },
      "ZNS Reset" : {
        "total_zone_resets" : 0,
        "io_bytes" : 0,
        "io_kbytes" : 0,
        "bw_bytes" : 0,
        "bw" : 0,
        "iops" : 0.000000,
        "runtime" : 0,
        "total_ios" : 0,
        "short_ios" : 0,
        "drop_ios" : 0,
        "slat_ns" : {
          "min" : 0,
          "max" : 0,
          "mean" : 0.000000,
          "stddev" : 0.000000,
          "N" : 0
        },
        "clat_ns" : {
          "min" : 0,
          "max" : 0,
          "mean" : 0.000000,
          "stddev" : 0.000000,
          "N" : 0
        },
        "lat_ns" : {
          "min" : 0,
          "max" : 0,
          "mean" : 0.000000,
          "stddev" : 0.000000,
          "N" : 0
        },
        "bw_min" : 0,
        "bw_max" : 0,
        "bw_agg" : 0.000000,
        "bw_mean" : 0.000000,
        "bw_dev" : 0.000000,
        "bw_samples" : 0,
        "iops_min" : 0,
        "iops_max" : 0,
        "iops_mean" : 0.000000,
        "iops_stddev" : 0.000000,
        "iops_samples" : 0
      },
      "sync" : {
        "total_ios" : 0,
        "lat_ns" : {
          "min" : 0,
          "max" : 0,
          "mean" : 0.000000,
          "stddev" : 0.000000,
          "N" : 0
        }
      },
      "job_runtime" : 4545595,
      "usr_cpu" : 99.991816,
      "sys_cpu" : 0.005082,
      "ctx" : 1684,
      "majf" : 0,
      "minf" : 0,
      "iodepth_level" : {
        "1" : 100.000000,
        "2" : 0.000000,
        "4" : 0.000000,
        "8" : 0.000000,
        "16" : 0.000000,
        "32" : 0.000000,
        ">=64" : 0.000000
      },
      "iodepth_submit" : {
        "0" : 0.000000,
        "4" : 100.000000,
        "8" : 0.000000,
        "16" : 0.000000,
        "32" : 0.000000,
        "64" : 0.000000,
        ">=64" : 0.000000
      },
      "iodepth_complete" : {
        "0" : 0.000000,
        "4" : 100.000000,
        "8" : 0.000000,
        "16" : 0.000000,
        "32" : 0.000000,
        "64" : 0.000000,
        ">=64" : 0.000000
      },
      "latency_ns" : {
        "2" : 0.000000,
        "4" : 0.000000,
        "10" : 0.000000,
        "20" : 0.000000,
        "50" : 0.000000,
        "100" : 0.000000,
        "250" : 0.000000,
        "500" : 0.000000,
        "750" : 0.000000,
        "1000" : 0.000000
      },
      "latency_us" : {
        "2" : 0.000000,
        "4" : 0.010000,
        "10" : 0.000000,
        "20" : 0.000000,
        "50" : 0.000000,
        "100" : 0.000000,
        "250" : 0.000000,
        "500" : 26.389986,
        "750" : 35.995394,
        "1000" : 36.665299
      },
      "latency_ms" : {
        "2" : 0.909618,
        "4" : 0.032028,
        "10" : 0.010000,
        "20" : 0.010000,
        "50" : 0.010000,
        "100" : 0.010000,
        "250" : 0.010000,
        "500" : 0.000000,
        "750" : 0.000000,
        "1000" : 0.000000,
        "2000" : 0.000000,
        ">=2000" : 0.010000
      },
      "latency_depth" : 1,
      "latency_target" : 0,
      "latency_percentile" : 100.000000,
      "latency_window" : 0
    }
  ]
}
