{
  "fio version" : "fio-3.35",
  "timestamp" : 1700791847,
  "timestamp_ms" : 1700791847111,
  "time" : "Fri Nov 24 02:10:47 2023",
  "global options" : {
    "name" : "loaded-reset",
    "ioengine" : "io_uring_cmd",
    "size" : "813z",
    "bs" : "64K",
    "zonemode" : "zbd",
    "thread" : "1",
    "lat_percentiles" : "1",
    "filename" : "/dev/ng0n2",
    "sqthread_poll" : "1"
  },
  "jobs" : [
    {
      "jobname" : "fill-prep",
      "groupid" : 0,
      "error" : 0,
      "eta" : 0,
      "elapsed" : 764,
      "job options" : {
        "iodepth" : "1",
        "rw" : "write"
      },
      "read" : {
        "io_bytes" : 0,
        "io_kbytes" : 0,
        "bw_bytes" : 0,
        "bw" : 0,
        "iops" : 0.000000,
        "runtime" : 0,
        "total_ios" : 0,
        "short_ios" : 0,
        "drop_ios" : 0,
        "slat_ns" : {
          "min" : 0,
          "max" : 0,
          "mean" : 0.000000,
          "stddev" : 0.000000,
          "N" : 0
        },
        "clat_ns" : {
          "min" : 0,
          "max" : 0,
          "mean" : 0.000000,
          "stddev" : 0.000000,
          "N" : 0
        },
        "lat_ns" : {
          "min" : 0,
          "max" : 0,
          "mean" : 0.000000,
          "stddev" : 0.000000,
          "N" : 0
        },
        "bw_min" : 0,
        "bw_max" : 0,
        "bw_agg" : 0.000000,
        "bw_mean" : 0.000000,
        "bw_dev" : 0.000000,
        "bw_samples" : 0,
        "iops_min" : 0,
        "iops_max" : 0,
        "iops_mean" : 0.000000,
        "iops_stddev" : 0.000000,
        "iops_samples" : 0
      },
      "finish" : {
        "total_zone_resets" : 0,
        "io_bytes" : 918134194176,
        "io_kbytes" : 896615424,
        "bw_bytes" : 1230477328,
        "bw" : 1201638,
        "iops" : 18775.594007,
        "runtime" : 746161,
        "total_ios" : 14009616,
        "short_ios" : 0,
        "drop_ios" : 0,
        "slat_ns" : {
          "min" : 0,
          "max" : 0,
          "mean" : 0.000000,
          "stddev" : 0.000000,
          "N" : 0
        },
        "clat_ns" : {
          "min" : 4632,
          "max" : 18862290,
          "mean" : 51303.076585,
          "stddev" : 47497.659170,
          "N" : 14009616,
          "percentile" : {
            "1.000000" : 44288,
            "5.000000" : 44288,
            "10.000000" : 44800,
            "20.000000" : 44800,
            "30.000000" : 44800,
            "40.000000" : 44800,
            "50.000000" : 45312,
            "60.000000" : 45312,
            "70.000000" : 46336,
            "80.000000" : 48384,
            "90.000000" : 52480,
            "95.000000" : 76288,
            "99.000000" : 152576,
            "99.500000" : 183296,
            "99.900000" : 276480,
            "99.950000" : 643072,
            "99.990000" : 2473984
          }
        },
        "lat_ns" : {
          "min" : 44332,
          "max" : 18863467,
          "mean" : 52688.701563,
          "stddev" : 47498.523375,
          "N" : 14009616,
          "percentile" : {
            "1.000000" : 45312,
            "5.000000" : 45824,
            "10.000000" : 45824,
            "20.000000" : 46336,
            "30.000000" : 46336,
            "40.000000" : 46336,
            "50.000000" : 46848,
            "60.000000" : 46848,
            "70.000000" : 47872,
            "80.000000" : 49920,
            "90.000000" : 54016,
            "95.000000" : 77312,
            "99.000000" : 154624,
            "99.500000" : 185344,
            "99.900000" : 276480,
            "99.950000" : 643072,
            "99.990000" : 2473984
          }
        },
        "bw_min" : 1156864,
        "bw_max" : 1220736,
        "bw_agg" : 100.000000,
        "bw_mean" : 1202092.101206,
        "bw_dev" : 7817.726064,
        "bw_samples" : 1492,
        "iops_min" : 18076,
        "iops_max" : 19074,
        "iops_mean" : 18782.586461,
        "iops_stddev" : 122.123081,
        "iops_samples" : 1492
      },
      "ZNS Reset" : {
        "total_zone_resets" : 0,
        "io_bytes" : 0,
        "io_kbytes" : 0,
        "bw_bytes" : 0,
        "bw" : 0,
        "iops" : 0.000000,
        "runtime" : 0,
        "total_ios" : 0,
        "short_ios" : 0,
        "drop_ios" : 0,
        "slat_ns" : {
          "min" : 0,
          "max" : 0,
          "mean" : 0.000000,
          "stddev" : 0.000000,
          "N" : 0
        },
        "clat_ns" : {
          "min" : 0,
          "max" : 0,
          "mean" : 0.000000,
          "stddev" : 0.000000,
          "N" : 0
        },
        "lat_ns" : {
          "min" : 0,
          "max" : 0,
          "mean" : 0.000000,
          "stddev" : 0.000000,
          "N" : 0
        },
        "bw_min" : 0,
        "bw_max" : 0,
        "bw_agg" : 0.000000,
        "bw_mean" : 0.000000,
        "bw_dev" : 0.000000,
        "bw_samples" : 0,
        "iops_min" : 0,
        "iops_max" : 0,
        "iops_mean" : 0.000000,
        "iops_stddev" : 0.000000,
        "iops_samples" : 0
      },
      "sync" : {
        "total_ios" : 0,
        "lat_ns" : {
          "min" : 0,
          "max" : 0,
          "mean" : 0.000000,
          "stddev" : 0.000000,
          "N" : 0
        }
      },
      "job_runtime" : 746160,
      "usr_cpu" : 100.000000,
      "sys_cpu" : 0.000000,
      "ctx" : 837,
      "majf" : 0,
      "minf" : 0,
      "iodepth_level" : {
        "1" : 100.000000,
        "2" : 0.000000,
        "4" : 0.000000,
        "8" : 0.000000,
        "16" : 0.000000,
        "32" : 0.000000,
        ">=64" : 0.000000
      },
      "iodepth_submit" : {
        "0" : 0.000000,
        "4" : 100.000000,
        "8" : 0.000000,
        "16" : 0.000000,
        "32" : 0.000000,
        "64" : 0.000000,
        ">=64" : 0.000000
      },
      "iodepth_complete" : {
        "0" : 0.000000,
        "4" : 100.000000,
        "8" : 0.000000,
        "16" : 0.000000,
        "32" : 0.000000,
        "64" : 0.000000,
        ">=64" : 0.000000
      },
      "latency_ns" : {
        "2" : 0.000000,
        "4" : 0.000000,
        "10" : 0.000000,
        "20" : 0.000000,
        "50" : 0.000000,
        "100" : 0.000000,
        "250" : 0.000000,
        "500" : 0.000000,
        "750" : 0.000000,
        "1000" : 0.000000
      },
      "latency_us" : {
        "2" : 0.000000,
        "4" : 0.000000,
        "10" : 0.010000,
        "20" : 0.000000,
        "50" : 86.126565,
        "100" : 11.072702,
        "250" : 2.638409,
        "500" : 0.104999,
        "750" : 0.010814,
        "1000" : 0.010000
      },
      "latency_ms" : {
        "2" : 0.016203,
        "4" : 0.024390,
        "10" : 0.010000,
        "20" : 0.010000,
        "50" : 0.000000,
        "100" : 0.000000,
        "250" : 0.000000,
        "500" : 0.000000,
        "750" : 0.000000,
        "1000" : 0.000000,
        "2000" : 0.000000,
        ">=2000" : 0.000000
      },
      "latency_depth" : 1,
      "latency_target" : 0,
      "latency_percentile" : 100.000000,
      "latency_window" : 0
    },
    {
      "jobname" : "trim",
      "groupid" : 1,
      "error" : 0,
      "eta" : 0,
      "elapsed" : 764,
      "job options" : {
        "rw" : "write",
        "iodepth" : "5",
        "size" : "18z",
        "offset" : "813z",
        "numjobs" : "1",
        "bs" : "8K",
        "exit_what" : "stonewall",
        "zone_append" : "1"
      },
      "read" : {
        "io_bytes" : 0,
        "io_kbytes" : 0,
        "bw_bytes" : 0,
        "bw" : 0,
        "iops" : 0.000000,
        "runtime" : 0,
        "total_ios" : 0,
        "short_ios" : 0,
        "drop_ios" : 0,
        "slat_ns" : {
          "min" : 0,
          "max" : 0,
          "mean" : 0.000000,
          "stddev" : 0.000000,
          "N" : 0
        },
        "clat_ns" : {
          "min" : 0,
          "max" : 0,
          "mean" : 0.000000,
          "stddev" : 0.000000,
          "N" : 0
        },
        "lat_ns" : {
          "min" : 0,
          "max" : 0,