{
  "fio version" : "fio-3.35",
  "timestamp" : 1694478802,
  "timestamp_ms" : 1694478802196,
  "time" : "Tue Sep 12 00:33:22 2023",
  "global options" : {
    "name" : "loaded-reset",
    "ioengine" : "io_uring_cmd",
    "size" : "814z",
    "bs" : "64K",
    "zonemode" : "zbd",
    "thread" : "1",
    "lat_percentiles" : "1",
    "filename" : "/dev/ng0n2",
    "sqthread_poll" : "1"
  },
  "jobs" : [
    {
      "jobname" : "fill-prep",
      "groupid" : 0,
      "error" : 0,
      "eta" : 0,
      "elapsed" : 808,
      "job options" : {
        "iodepth" : "1",
        "rw" : "write"
      },
      "read" : {
        "io_bytes" : 0,
        "io_kbytes" : 0,
        "bw_bytes" : 0,
        "bw" : 0,
        "iops" : 0.000000,
        "runtime" : 0,
        "total_ios" : 0,
        "short_ios" : 0,
        "drop_ios" : 0,
        "slat_ns" : {
          "min" : 0,
          "max" : 0,
          "mean" : 0.000000,
          "stddev" : 0.000000,
          "N" : 0
        },
        "clat_ns" : {
          "min" : 0,
          "max" : 0,
          "mean" : 0.000000,
          "stddev" : 0.000000,
          "N" : 0
        },
        "lat_ns" : {
          "min" : 0,
          "max" : 0,
          "mean" : 0.000000,
          "stddev" : 0.000000,
          "N" : 0
        },
        "bw_min" : 0,
        "bw_max" : 0,
        "bw_agg" : 0.000000,
        "bw_mean" : 0.000000,
        "bw_dev" : 0.000000,
        "bw_samples" : 0,
        "iops_min" : 0,
        "iops_max" : 0,
        "iops_mean" : 0.000000,
        "iops_stddev" : 0.000000,
        "iops_samples" : 0
      },
      "write" : {
        "io_bytes" : 919263510528,
        "io_kbytes" : 897718272,
        "bw_bytes" : 1230213506,
        "bw" : 1201380,
        "iops" : 18771.568400,
        "runtime" : 747239,
        "total_ios" : 14026848,
        "short_ios" : 0,
        "drop_ios" : 0,
        "slat_ns" : {
          "min" : 0,
          "max" : 0,
          "mean" : 0.000000,
          "stddev" : 0.000000,
          "N" : 0
        },
        "clat_ns" : {
          "min" : 42342,
          "max" : 4686911,
          "mean" : 51590.086656,
          "stddev" : 48455.560231,
          "N" : 14026848,
          "percentile" : {
            "1.000000" : 43776,
            "5.000000" : 43776,
            "10.000000" : 43776,
            "20.000000" : 44288,
            "30.000000" : 44288,
            "40.000000" : 44288,
            "50.000000" : 44800,
            "60.000000" : 45312,
            "70.000000" : 45824,
            "80.000000" : 47872,
            "90.000000" : 54528,
            "95.000000" : 79360,
            "99.000000" : 160768,
            "99.500000" : 193536,
            "99.900000" : 305152,
            "99.950000" : 700416,
            "99.990000" : 2473984
          }
        },
        "lat_ns" : {
          "min" : 43870,
          "max" : 4688031,
          "mean" : 52679.794161,
          "stddev" : 48456.410481,
          "N" : 14026848,
          "percentile" : {
            "1.000000" : 44800,
            "5.000000" : 44800,
            "10.000000" : 44800,
            "20.000000" : 45312,
            "30.000000" : 45312,
            "40.000000" : 45824,
            "50.000000" : 45824,
            "60.000000" : 46336,
            "70.000000" : 46848,
            "80.000000" : 49408,
            "90.000000" : 55552,
            "95.000000" : 80384,
            "99.000000" : 160768,
            "99.500000" : 195584,
            "99.900000" : 305152,
            "99.950000" : 700416,
            "99.990000" : 2473984
          }
        },
        "bw_min" : 1152902,
        "bw_max" : 1220352,
        "bw_agg" : 100.000000,
        "bw_mean" : 1201853.088353,
        "bw_dev" : 8241.495829,
        "bw_samples" : 1494,
        "iops_min" : 18014,
        "iops_max" : 19068,
        "iops_mean" : 18778.849398,
        "iops_stddev" : 128.742668,
        "iops_samples" : 1494
      },
      "ZNS Reset" : {
        "total_zone_resets" : 0,
        "io_bytes" : 0,
        "io_kbytes" : 0,
        "bw_bytes" : 0,
        "bw" : 0,
        "iops" : 0.000000,
        "runtime" : 0,
        "total_ios" : 0,
        "short_ios" : 0,
        "drop_ios" : 0,
        "slat_ns" : {
          "min" : 0,
          "max" : 0,
          "mean" : 0.000000,
          "stddev" : 0.000000,
          "N" : 0
        },
        "clat_ns" : {
          "min" : 0,
          "max" : 0,
          "mean" : 0.000000,
          "stddev" : 0.000000,
          "N" : 0
        },
        "lat_ns" : {
          "min" : 0,
          "max" : 0,
          "mean" : 0.000000,
          "stddev" : 0.000000,
          "N" : 0
        },
        "bw_min" : 0,
        "bw_max" : 0,
        "bw_agg" : 0.000000,
        "bw_mean" : 0.000000,
        "bw_dev" : 0.000000,
        "bw_samples" : 0,
        "iops_min" : 0,
        "iops_max" : 0,
        "iops_mean" : 0.000000,
        "iops_stddev" : 0.000000,
        "iops_samples" : 0
      },
      "sync" : {
        "total_ios" : 0,
        "lat_ns" : {
          "min" : 0,
          "max" : 0,
          "mean" : 0.000000,
          "stddev" : 0.000000,
          "N" : 0
        }
      },
      "job_runtime" : 747238,
      "usr_cpu" : 100.001071,
      "sys_cpu" : 0.000000,
      "ctx" : 698,
      "majf" : 0,
      "minf" : 0,
      "iodepth_level" : {
        "1" : 100.000000,
        "2" : 0.000000,
        "4" : 0.000000,
        "8" : 0.000000,
        "16" : 0.000000,
        "32" : 0.000000,
        ">=64" : 0.000000
      },
      "iodepth_submit" : {
        "0" : 0.000000,
        "4" : 100.000000,
        "8" : 0.000000,
        "16" : 0.000000,
        "32" : 0.000000,
        "64" : 0.000000,
        ">=64" : 0.000000
      },
      "iodepth_complete" : {
        "0" : 0.000000,
        "4" : 100.000000,
        "8" : 0.000000,
        "16" : 0.000000,
        "32" : 0.000000,
        "64" : 0.000000,
        ">=64" : 0.000000
      },
      "latency_ns" : {
        "2" : 0.000000,
        "4" : 0.000000,
        "10" : 0.000000,
        "20" : 0.000000,
        "50" : 0.000000,
        "100" : 0.000000,
        "250" : 0.000000,
        "500" : 0.000000,
        "750" : 0.000000,
        "1000" : 0.000000
      },
      "latency_us" : {
        "2" : 0.000000,
        "4" : 0.000000,
        "10" : 0.000000,
        "20" : 0.000000,
        "50" : 86.748513,
        "100" : 9.932745,
        "250" : 3.099862,
        "500" : 0.159722,
        "750" : 0.010979,
        "1000" : 0.010000
      },
      "latency_ms" : {
        "2" : 0.016932,
        "4" : 0.025259,
        "10" : 0.010000,
        "20" : 0.000000,
        "50" : 0.000000,
        "100" : 0.000000,
        "250" : 0.000000,
        "500" : 0.000000,
        "750" : 0.000000,
        "1000" : 0.000000,
        "2000" : 0.000000,
        ">=2000" : 0.000000
      },
      "latency_depth" : 1,
      "latency_target" : 0,
      "latency_percentile" : 100.000000,
      "latency_window" : 0
    },
    {
      "jobname" : "trim",
      "groupid" : 1,
      "error" : 0,
      "eta" : 0,
      "elapsed" : 808,
      "job options" : {
        "rw" : "randread",
        "iodepth" : "4",
        "size" : "61z",
        "offset" : "570z",
        "bs" : "8K",
        "exit_what" : "stonewall",
        "runtime" : "1m"
      },
      "read" : {
        "io_bytes" : 21033336832,
        "io_kbytes" : 20540368,
        "bw_bytes" : 350549771,
        "bw" : 342333,
        "iops" : 42791.720138,
        "runtime" : 60001,
        "total_ios" : 2567546,
        "short_ios" : 0,
        "drop_ios" : 0,
        "slat_ns" : {
          "min" : 0,
          "max" : 0,
          "mean" : 0.000000,
          "stddev" : 0.000000,
          "N" : 0
        },
        "clat_ns" : {
          "min" : 35733,
          "max" : 2497734,
          "mean" : 92415.479609,
          "stddev" : 15162.650231,
          "N" : 2567546,
          "percentile" : {
            "1.000000" : 82432,