{
  "fio version" : "fio-3.35",
  "timestamp" : 1694435293,
  "timestamp_ms" : 1694435293544,
  "time" : "Mon Sep 11 12:28:13 2023",
  "global options" : {
    "name" : "loaded-reset",
    "ioengine" : "io_uring_cmd",
    "size" : "814z",
    "bs" : "64K",
    "zonemode" : "zbd",
    "thread" : "1",
    "lat_percentiles" : "1",
    "filename" : "/dev/ng0n2",
    "sqthread_poll" : "1"
  },
  "jobs" : [
    {
      "jobname" : "fill-prep",
      "groupid" : 0,
      "error" : 0,
      "eta" : 0,
      "elapsed" : 809,
      "job options" : {
        "iodepth" : "1",
        "rw" : "write"
      },
      "read" : {
        "io_bytes" : 0,
        "io_kbytes" : 0,
        "bw_bytes" : 0,
        "bw" : 0,
        "iops" : 0.000000,
        "runtime" : 0,
        "total_ios" : 0,
        "short_ios" : 0,
        "drop_ios" : 0,
        "slat_ns" : {
          "min" : 0,
          "max" : 0,
          "mean" : 0.000000,
          "stddev" : 0.000000,
          "N" : 0
        },
        "clat_ns" : {
          "min" : 0,
          "max" : 0,
          "mean" : 0.000000,
          "stddev" : 0.000000,
          "N" : 0
        },
        "lat_ns" : {
          "min" : 0,
          "max" : 0,
          "mean" : 0.000000,
          "stddev" : 0.000000,
          "N" : 0
        },
        "bw_min" : 0,
        "bw_max" : 0,
        "bw_agg" : 0.000000,
        "bw_mean" : 0.000000,
        "bw_dev" : 0.000000,
        "bw_samples" : 0,
        "iops_min" : 0,
        "iops_max" : 0,
        "iops_mean" : 0.000000,
        "iops_stddev" : 0.000000,
        "iops_samples" : 0
      },
      "write" : {
        "io_bytes" : 919263510528,
        "io_kbytes" : 897718272,
        "bw_bytes" : 1229284024,
        "bw" : 1200472,
        "iops" : 18757.385625,
        "runtime" : 747804,
        "total_ios" : 14026848,
        "short_ios" : 0,
        "drop_ios" : 0,
        "slat_ns" : {
          "min" : 0,
          "max" : 0,
          "mean" : 0.000000,
          "stddev" : 0.000000,
          "N" : 0
        },
        "clat_ns" : {
          "min" : 2086,
          "max" : 9128210,
          "mean" : 50916.447652,
          "stddev" : 46268.945245,
          "N" : 14026848,
          "percentile" : {
            "1.000000" : 44800,
            "5.000000" : 44800,
            "10.000000" : 44800,
            "20.000000" : 45312,
            "30.000000" : 45312,
            "40.000000" : 45824,
            "50.000000" : 45824,
            "60.000000" : 46336,
            "70.000000" : 46848,
            "80.000000" : 48384,
            "90.000000" : 51968,
            "95.000000" : 71168,
            "99.000000" : 140288,
            "99.500000" : 168960,
            "99.900000" : 264192,
            "99.950000" : 724992,
            "99.990000" : 2441216
          }
        },
        "lat_ns" : {
          "min" : 44996,
          "max" : 9130238,
          "mean" : 52622.525694,
          "stddev" : 46345.346830,
          "N" : 14026848,
          "percentile" : {
            "1.000000" : 45824,
            "5.000000" : 46336,
            "10.000000" : 46336,
            "20.000000" : 46848,
            "30.000000" : 47360,
            "40.000000" : 47360,
            "50.000000" : 47360,
            "60.000000" : 47872,
            "70.000000" : 48384,
            "80.000000" : 50432,
            "90.000000" : 54016,
            "95.000000" : 72192,
            "99.000000" : 142336,
            "99.500000" : 171008,
            "99.900000" : 268288,
            "99.950000" : 724992,
            "99.990000" : 2441216
          }
        },
        "bw_min" : 1135198,
        "bw_max" : 1221504,
        "bw_agg" : 100.000000,
        "bw_mean" : 1200950.646154,
        "bw_dev" : 8413.292863,
        "bw_samples" : 1495,
        "iops_min" : 17737,
        "iops_max" : 19086,
        "iops_mean" : 18764.747157,
        "iops_stddev" : 131.420808,
        "iops_samples" : 1495
      },
      "ZNS Reset" : {
        "total_zone_resets" : 0,
        "io_bytes" : 0,
        "io_kbytes" : 0,
        "bw_bytes" : 0,
        "bw" : 0,
        "iops" : 0.000000,
        "runtime" : 0,
        "total_ios" : 0,
        "short_ios" : 0,
        "drop_ios" : 0,
        "slat_ns" : {
          "min" : 0,
          "max" : 0,
          "mean" : 0.000000,
          "stddev" : 0.000000,
          "N" : 0
        },
        "clat_ns" : {
          "min" : 0,
          "max" : 0,
          "mean" : 0.000000,
          "stddev" : 0.000000,
          "N" : 0
        },
        "lat_ns" : {
          "min" : 0,
          "max" : 0,
          "mean" : 0.000000,
          "stddev" : 0.000000,
          "N" : 0
        },
        "bw_min" : 0,
        "bw_max" : 0,
        "bw_agg" : 0.000000,
        "bw_mean" : 0.000000,
        "bw_dev" : 0.000000,
        "bw_samples" : 0,
        "iops_min" : 0,
        "iops_max" : 0,
        "iops_mean" : 0.000000,
        "iops_stddev" : 0.000000,
        "iops_samples" : 0
      },
      "sync" : {
        "total_ios" : 0,
        "lat_ns" : {
          "min" : 0,
          "max" : 0,
          "mean" : 0.000000,
          "stddev" : 0.000000,
          "N" : 0
        }
      },
      "job_runtime" : 747803,
      "usr_cpu" : 100.001070,
      "sys_cpu" : 0.000000,
      "ctx" : 843,
      "majf" : 0,
      "minf" : 0,
      "iodepth_level" : {
        "1" : 100.000000,
        "2" : 0.000000,
        "4" : 0.000000,
        "8" : 0.000000,
        "16" : 0.000000,
        "32" : 0.000000,
        ">=64" : 0.000000
      },
      "iodepth_submit" : {
        "0" : 0.000000,
        "4" : 100.000000,
        "8" : 0.000000,
        "16" : 0.000000,
        "32" : 0.000000,
        "64" : 0.000000,
        ">=64" : 0.000000
      },
      "iodepth_complete" : {
        "0" : 0.000000,
        "4" : 100.000000,
        "8" : 0.000000,
        "16" : 0.000000,
        "32" : 0.000000,
        "64" : 0.000000,
        ">=64" : 0.000000
      },
      "latency_ns" : {
        "2" : 0.000000,
        "4" : 0.000000,
        "10" : 0.000000,
        "20" : 0.000000,
        "50" : 0.000000,
        "100" : 0.000000,
        "250" : 0.000000,
        "500" : 0.000000,
        "750" : 0.000000,
        "1000" : 0.000000
      },
      "latency_us" : {
        "2" : 0.000000,
        "4" : 0.010000,
        "10" : 0.000000,
        "20" : 0.000000,
        "50" : 85.082814,
        "100" : 12.792168,
        "250" : 1.993898,
        "500" : 0.071335,
        "750" : 0.010829,
        "1000" : 0.010000
      },
      "latency_ms" : {
        "2" : 0.018179,
        "4" : 0.024382,
        "10" : 0.010000,
        "20" : 0.000000,
        "50" : 0.000000,
        "100" : 0.000000,
        "250" : 0.000000,
        "500" : 0.000000,
        "750" : 0.000000,
        "1000" : 0.000000,
        "2000" : 0.000000,
        ">=2000" : 0.000000
      },
      "latency_depth" : 1,
      "latency_target" : 0,
      "latency_percentile" : 100.000000,
      "latency_window" : 0
    },
    {
      "jobname" : "trim",
      "groupid" : 1,
      "error" : 0,
      "eta" : 0,
      "elapsed" : 809,
      "job options" : {
        "rw" : "randread",
        "iodepth" : "2",
        "size" : "122z",
        "offset" : "570z",
        "bs" : "4K",
        "exit_what" : "stonewall",
        "runtime" : "1m"
      },
      "read" : {
        "io_bytes" : 6078664704,
        "io_kbytes" : 5936196,
        "bw_bytes" : 101309389,
        "bw" : 98934,
        "iops" : 24733.737771,
        "runtime" : 60001,
        "total_ios" : 1484049,
        "short_ios" : 0,
        "drop_ios" : 0,
        "slat_ns" : {
          "min" : 0,
          "max" : 0,
          "mean" : 0.000000,
          "stddev" : 0.000000,
          "N" : 0
        },
        "clat_ns" : {
          "min" : 27425,
          "max" : 16000749,
          "mean" : 78805.068316,
          "stddev" : 28499.280055,
          "N" : 1484049,
          "percentile" : {
            "1.000000" : 71168,