{
  "fio version" : "fio-3.35",
  "timestamp" : 1694484522,
  "timestamp_ms" : 1694484522265,
  "time" : "Tue Sep 12 02:08:42 2023",
  "global options" : {
    "name" : "loaded-reset",
    "ioengine" : "io_uring_cmd",
    "size" : "814z",
    "bs" : "64K",
    "zonemode" : "zbd",
    "thread" : "1",
    "lat_percentiles" : "1",
    "filename" : "/dev/ng0n2",
    "sqthread_poll" : "1"
  },
  "jobs" : [
    {
      "jobname" : "fill-prep",
      "groupid" : 0,
      "error" : 0,
      "eta" : 0,
      "elapsed" : 809,
      "job options" : {
        "iodepth" : "1",
        "rw" : "write"
      },
      "read" : {
        "io_bytes" : 0,
        "io_kbytes" : 0,
        "bw_bytes" : 0,
        "bw" : 0,
        "iops" : 0.000000,
        "runtime" : 0,
        "total_ios" : 0,
        "short_ios" : 0,
        "drop_ios" : 0,
        "slat_ns" : {
          "min" : 0,
          "max" : 0,
          "mean" : 0.000000,
          "stddev" : 0.000000,
          "N" : 0
        },
        "clat_ns" : {
          "min" : 0,
          "max" : 0,
          "mean" : 0.000000,
          "stddev" : 0.000000,
          "N" : 0
        },
        "lat_ns" : {
          "min" : 0,
          "max" : 0,
          "mean" : 0.000000,
          "stddev" : 0.000000,
          "N" : 0
        },
        "bw_min" : 0,
        "bw_max" : 0,
        "bw_agg" : 0.000000,
        "bw_mean" : 0.000000,
        "bw_dev" : 0.000000,
        "bw_samples" : 0,
        "iops_min" : 0,
        "iops_max" : 0,
        "iops_mean" : 0.000000,
        "iops_stddev" : 0.000000,
        "iops_samples" : 0
      },
      "write" : {
        "io_bytes" : 919263510528,
        "io_kbytes" : 897718272,
        "bw_bytes" : 1228924124,
        "bw" : 1200121,
        "iops" : 18751.893993,
        "runtime" : 748023,
        "total_ios" : 14026848,
        "short_ios" : 0,
        "drop_ios" : 0,
        "slat_ns" : {
          "min" : 0,
          "max" : 0,
          "mean" : 0.000000,
          "stddev" : 0.000000,
          "N" : 0
        },
        "clat_ns" : {
          "min" : 34949,
          "max" : 12557545,
          "mean" : 51013.529464,
          "stddev" : 46204.367278,
          "N" : 14026848,
          "percentile" : {
            "1.000000" : 44800,
            "5.000000" : 45312,
            "10.000000" : 45312,
            "20.000000" : 45312,
            "30.000000" : 45824,
            "40.000000" : 45824,
            "50.000000" : 46336,
            "60.000000" : 46336,
            "70.000000" : 46848,
            "80.000000" : 48896,
            "90.000000" : 51968,
            "95.000000" : 70144,
            "99.000000" : 138240,
            "99.500000" : 166912,
            "99.900000" : 268288,
            "99.950000" : 716800,
            "99.990000" : 2441216
          }
        },
        "lat_ns" : {
          "min" : 45176,
          "max" : 12559440,
          "mean" : 52650.336825,
          "stddev" : 46385.283854,
          "N" : 14026848,
          "percentile" : {
            "1.000000" : 46336,
            "5.000000" : 46336,
            "10.000000" : 46848,
            "20.000000" : 46848,
            "30.000000" : 47360,
            "40.000000" : 47360,
            "50.000000" : 47872,
            "60.000000" : 47872,
            "70.000000" : 48896,
            "80.000000" : 50432,
            "90.000000" : 54016,
            "95.000000" : 71168,
            "99.000000" : 140288,
            "99.500000" : 168960,
            "99.900000" : 268288,
            "99.950000" : 716800,
            "99.990000" : 2441216
          }
        },
        "bw_min" : 1141504,
        "bw_max" : 1221248,
        "bw_agg" : 100.000000,
        "bw_mean" : 1200628.962542,
        "bw_dev" : 8658.877067,
        "bw_samples" : 1495,
        "iops_min" : 17836,
        "iops_max" : 19082,
        "iops_mean" : 18759.719732,
        "iops_stddev" : 135.277115,
        "iops_samples" : 1495
      },
      "ZNS Reset" : {
        "total_zone_resets" : 0,
        "io_bytes" : 0,
        "io_kbytes" : 0,
        "bw_bytes" : 0,
        "bw" : 0,
        "iops" : 0.000000,
        "runtime" : 0,
        "total_ios" : 0,
        "short_ios" : 0,
        "drop_ios" : 0,
        "slat_ns" : {
          "min" : 0,
          "max" : 0,
          "mean" : 0.000000,
          "stddev" : 0.000000,
          "N" : 0
        },
        "clat_ns" : {
          "min" : 0,
          "max" : 0,
          "mean" : 0.000000,
          "stddev" : 0.000000,
          "N" : 0
        },
        "lat_ns" : {
          "min" : 0,
          "max" : 0,
          "mean" : 0.000000,
          "stddev" : 0.000000,
          "N" : 0
        },
        "bw_min" : 0,
        "bw_max" : 0,
        "bw_agg" : 0.000000,
        "bw_mean" : 0.000000,
        "bw_dev" : 0.000000,
        "bw_samples" : 0,
        "iops_min" : 0,
        "iops_max" : 0,
        "iops_mean" : 0.000000,
        "iops_stddev" : 0.000000,
        "iops_samples" : 0
      },
      "sync" : {
        "total_ios" : 0,
        "lat_ns" : {
          "min" : 0,
          "max" : 0,
          "mean" : 0.000000,
          "stddev" : 0.000000,
          "N" : 0
        }
      },
      "job_runtime" : 748022,
      "usr_cpu" : 100.000936,
      "sys_cpu" : 0.000134,
      "ctx" : 692,
      "majf" : 0,
      "minf" : 0,
      "iodepth_level" : {
        "1" : 100.000000,
        "2" : 0.000000,
        "4" : 0.000000,
        "8" : 0.000000,
        "16" : 0.000000,
        "32" : 0.000000,
        ">=64" : 0.000000
      },
      "iodepth_submit" : {
        "0" : 0.000000,
        "4" : 100.000000,
        "8" : 0.000000,
        "16" : 0.000000,
        "32" : 0.000000,
        "64" : 0.000000,
        ">=64" : 0.000000
      },
      "iodepth_complete" : {
        "0" : 0.000000,
        "4" : 100.000000,
        "8" : 0.000000,
        "16" : 0.000000,
        "32" : 0.000000,
        "64" : 0.000000,
        ">=64" : 0.000000
      },
      "latency_ns" : {
        "2" : 0.000000,
        "4" : 0.000000,
        "10" : 0.000000,
        "20" : 0.000000,
        "50" : 0.000000,
        "100" : 0.000000,
        "250" : 0.000000,
        "500" : 0.000000,
        "750" : 0.000000,
        "1000" : 0.000000
      },
      "latency_us" : {
        "2" : 0.000000,
        "4" : 0.000000,
        "10" : 0.000000,
        "20" : 0.000000,
        "50" : 84.152512,
        "100" : 13.815228,
        "250" : 1.902573,
        "500" : 0.069802,
        "750" : 0.011093,
        "1000" : 0.010000
      },
      "latency_ms" : {
        "2" : 0.018543,
        "4" : 0.024075,
        "10" : 0.010000,
        "20" : 0.010000,
        "50" : 0.000000,
        "100" : 0.000000,
        "250" : 0.000000,
        "500" : 0.000000,
        "750" : 0.000000,
        "1000" : 0.000000,
        "2000" : 0.000000,
        ">=2000" : 0.000000
      },
      "latency_depth" : 1,
      "latency_target" : 0,
      "latency_percentile" : 100.000000,
      "latency_window" : 0
    },
    {
      "jobname" : "trim",
      "groupid" : 1,
      "error" : 0,
      "eta" : 0,
      "elapsed" : 809,
      "job options" : {
        "rw" : "randread",
        "iodepth" : "8",
        "size" : "30z",
        "offset" : "570z",
        "bs" : "8K",
        "exit_what" : "stonewall",
        "runtime" : "1m"
      },
      "read" : {
        "io_bytes" : 38717571072,
        "io_kbytes" : 37810128,
        "bw_bytes" : 645303606,
        "bw" : 630179,
        "iops" : 78772.412874,
        "runtime" : 59999,
        "total_ios" : 4726266,
        "short_ios" : 0,
        "drop_ios" : 0,
        "slat_ns" : {
          "min" : 0,
          "max" : 0,
          "mean" : 0.000000,
          "stddev" : 0.000000,
          "N" : 0
        },
        "clat_ns" : {
          "min" : 35945,
          "max" : 15245227,
          "mean" : 100328.811977,
          "stddev" : 31868.968648,
          "N" : 4726266,
          "percentile" : {
            "1.000000" : 83456,