{
  "fio version" : "fio-3.35",
  "timestamp" : 1694476346,
  "timestamp_ms" : 1694476346490,
  "time" : "Mon Sep 11 23:52:26 2023",
  "global options" : {
    "name" : "loaded-reset",
    "ioengine" : "io_uring_cmd",
    "size" : "814z",
    "bs" : "64K",
    "zonemode" : "zbd",
    "thread" : "1",
    "lat_percentiles" : "1",
    "filename" : "/dev/ng0n2",
    "sqthread_poll" : "1"
  },
  "jobs" : [
    {
      "jobname" : "fill-prep",
      "groupid" : 0,
      "error" : 0,
      "eta" : 0,
      "elapsed" : 809,
      "job options" : {
        "iodepth" : "1",
        "rw" : "write"
      },
      "read" : {
        "io_bytes" : 0,
        "io_kbytes" : 0,
        "bw_bytes" : 0,
        "bw" : 0,
        "iops" : 0.000000,
        "runtime" : 0,
        "total_ios" : 0,
        "short_ios" : 0,
        "drop_ios" : 0,
        "slat_ns" : {
          "min" : 0,
          "max" : 0,
          "mean" : 0.000000,
          "stddev" : 0.000000,
          "N" : 0
        },
        "clat_ns" : {
          "min" : 0,
          "max" : 0,
          "mean" : 0.000000,
          "stddev" : 0.000000,
          "N" : 0
        },
        "lat_ns" : {
          "min" : 0,
          "max" : 0,
          "mean" : 0.000000,
          "stddev" : 0.000000,
          "N" : 0
        },
        "bw_min" : 0,
        "bw_max" : 0,
        "bw_agg" : 0.000000,
        "bw_mean" : 0.000000,
        "bw_dev" : 0.000000,
        "bw_samples" : 0,
        "iops_min" : 0,
        "iops_max" : 0,
        "iops_mean" : 0.000000,
        "iops_stddev" : 0.000000,
        "iops_samples" : 0
      },
      "write" : {
        "io_bytes" : 919263510528,
        "io_kbytes" : 897718272,
        "bw_bytes" : 1230053831,
        "bw" : 1201224,
        "iops" : 18769.131957,
        "runtime" : 747336,
        "total_ios" : 14026848,
        "short_ios" : 0,
        "drop_ios" : 0,
        "slat_ns" : {
          "min" : 0,
          "max" : 0,
          "mean" : 0.000000,
          "stddev" : 0.000000,
          "N" : 0
        },
        "clat_ns" : {
          "min" : 368,
          "max" : 10548068,
          "mean" : 51065.237895,
          "stddev" : 46054.474131,
          "N" : 14026848,
          "percentile" : {
            "1.000000" : 44800,
            "5.000000" : 45312,
            "10.000000" : 45312,
            "20.000000" : 45312,
            "30.000000" : 45824,
            "40.000000" : 45824,
            "50.000000" : 45824,
            "60.000000" : 46336,
            "70.000000" : 46848,
            "80.000000" : 48896,
            "90.000000" : 51968,
            "95.000000" : 70144,
            "99.000000" : 140288,
            "99.500000" : 168960,
            "99.900000" : 264192,
            "99.950000" : 716800,
            "99.990000" : 2441216
          }
        },
        "lat_ns" : {
          "min" : 45129,
          "max" : 10548953,
          "mean" : 52601.232734,
          "stddev" : 46124.864070,
          "N" : 14026848,
          "percentile" : {
            "1.000000" : 46336,
            "5.000000" : 46336,
            "10.000000" : 46848,
            "20.000000" : 46848,
            "30.000000" : 47360,
            "40.000000" : 47360,
            "50.000000" : 47872,
            "60.000000" : 47872,
            "70.000000" : 48384,
            "80.000000" : 50432,
            "90.000000" : 53504,
            "95.000000" : 72192,
            "99.000000" : 140288,
            "99.500000" : 171008,
            "99.900000" : 268288,
            "99.950000" : 724992,
            "99.990000" : 2441216
          }
        },
        "bw_min" : 1153015,
        "bw_max" : 1226088,
        "bw_agg" : 100.000000,
        "bw_mean" : 1201816.504685,
        "bw_dev" : 8541.836493,
        "bw_samples" : 1494,
        "iops_min" : 18015,
        "iops_max" : 19157,
        "iops_mean" : 18778.255689,
        "iops_stddev" : 133.433494,
        "iops_samples" : 1494
      },
      "ZNS Reset" : {
        "total_zone_resets" : 0,
        "io_bytes" : 0,
        "io_kbytes" : 0,
        "bw_bytes" : 0,
        "bw" : 0,
        "iops" : 0.000000,
        "runtime" : 0,
        "total_ios" : 0,
        "short_ios" : 0,
        "drop_ios" : 0,
        "slat_ns" : {
          "min" : 0,
          "max" : 0,
          "mean" : 0.000000,
          "stddev" : 0.000000,
          "N" : 0
        },
        "clat_ns" : {
          "min" : 0,
          "max" : 0,
          "mean" : 0.000000,
          "stddev" : 0.000000,
          "N" : 0
        },
        "lat_ns" : {
          "min" : 0,
          "max" : 0,
          "mean" : 0.000000,
          "stddev" : 0.000000,
          "N" : 0
        },
        "bw_min" : 0,
        "bw_max" : 0,
        "bw_agg" : 0.000000,
        "bw_mean" : 0.000000,
        "bw_dev" : 0.000000,
        "bw_samples" : 0,
        "iops_min" : 0,
        "iops_max" : 0,
        "iops_mean" : 0.000000,
        "iops_stddev" : 0.000000,
        "iops_samples" : 0
      },
      "sync" : {
        "total_ios" : 0,
        "lat_ns" : {
          "min" : 0,
          "max" : 0,
          "mean" : 0.000000,
          "stddev" : 0.000000,
          "N" : 0
        }
      },
      "job_runtime" : 747337,
      "usr_cpu" : 100.000669,
      "sys_cpu" : 0.000268,
      "ctx" : 690,
      "majf" : 0,
      "minf" : 0,
      "iodepth_level" : {
        "1" : 100.000000,
        "2" : 0.000000,
        "4" : 0.000000,
        "8" : 0.000000,
        "16" : 0.000000,
        "32" : 0.000000,
        ">=64" : 0.000000
      },
      "iodepth_submit" : {
        "0" : 0.000000,
        "4" : 100.000000,
        "8" : 0.000000,
        "16" : 0.000000,
        "32" : 0.000000,
        "64" : 0.000000,
        ">=64" : 0.000000
      },
      "iodepth_complete" : {
        "0" : 0.000000,
        "4" : 100.000000,
        "8" : 0.000000,
        "16" : 0.000000,
        "32" : 0.000000,
        "64" : 0.000000,
        ">=64" : 0.000000
      },
      "latency_ns" : {
        "2" : 0.000000,
        "4" : 0.000000,
        "10" : 0.000000,
        "20" : 0.000000,
        "50" : 0.000000,
        "100" : 0.000000,
        "250" : 0.000000,
        "500" : 0.010000,
        "750" : 0.000000,
        "1000" : 0.000000
      },
      "latency_us" : {
        "2" : 0.000000,
        "4" : 0.000000,
        "10" : 0.000000,
        "20" : 0.000000,
        "50" : 84.363080,
        "100" : 13.549958,
        "250" : 1.956191,
        "500" : 0.071399,
        "750" : 0.010637,
        "1000" : 0.010000
      },
      "latency_ms" : {
        "2" : 0.018179,
        "4" : 0.023861,
        "10" : 0.010000,
        "20" : 0.010000,
        "50" : 0.000000,
        "100" : 0.000000,
        "250" : 0.000000,
        "500" : 0.000000,
        "750" : 0.000000,
        "1000" : 0.000000,
        "2000" : 0.000000,
        ">=2000" : 0.000000
      },
      "latency_depth" : 1,
      "latency_target" : 0,
      "latency_percentile" : 100.000000,
      "latency_window" : 0
    },
    {
      "jobname" : "trim",
      "groupid" : 1,
      "error" : 0,
      "eta" : 0,
      "elapsed" : 809,
      "job options" : {
        "rw" : "randread",
        "iodepth" : "2",
        "size" : "122z",
        "offset" : "570z",
        "bs" : "8K",
        "exit_what" : "stonewall",
        "runtime" : "1m"
      },
      "read" : {
        "io_bytes" : 10211926016,
        "io_kbytes" : 9972584,
        "bw_bytes" : 170201603,
        "bw" : 166212,
        "iops" : 20776.562943,
        "runtime" : 59999,
        "total_ios" : 1246573,
        "short_ios" : 0,
        "drop_ios" : 0,
        "slat_ns" : {
          "min" : 0,
          "max" : 0,
          "mean" : 0.000000,
          "stddev" : 0.000000,
          "N" : 0
        },
        "clat_ns" : {
          "min" : 36453,
          "max" : 2538290,
          "mean" : 91328.836436,
          "stddev" : 20477.585481,
          "N" : 1246573,
          "percentile" : {
            "1.000000" : 83456,