{
  "fio version" : "fio-3.35",
  "timestamp" : 1701631024,
  "timestamp_ms" : 1701631024617,
  "time" : "Sun Dec  3 19:17:04 2023",
  "global options" : {
    "ioengine" : "io_uring",
    "direct" : "1",
    "size" : "813z",
    "bs" : "8K",
    "zonemode" : "zbd",
    "thread" : "1",
    "lat_percentiles" : "1",
    "iodepth" : "1",
    "runtime" : "1m",
    "filename" : "/dev/nvme0n2"
  },
  "jobs" : [
    {
      "jobname" : "write",
      "groupid" : 0,
      "error" : 0,
      "eta" : 0,
      "elapsed" : 61,
      "job options" : {
        "numjobs" : "7",
        "rw" : "write"
      },
      "read" : {
        "io_bytes" : 0,
        "io_kbytes" : 0,
        "bw_bytes" : 0,
        "bw" : 0,
        "iops" : 0.000000,
        "runtime" : 0,
        "total_ios" : 0,
        "short_ios" : 0,
        "drop_ios" : 0,
        "slat_ns" : {
          "min" : 0,
          "max" : 0,
          "mean" : 0.000000,
          "stddev" : 0.000000,
          "N" : 0
        },
        "clat_ns" : {
          "min" : 0,
          "max" : 0,
          "mean" : 0.000000,
          "stddev" : 0.000000,
          "N" : 0
        },
        "lat_ns" : {
          "min" : 0,
          "max" : 0,
          "mean" : 0.000000,
          "stddev" : 0.000000,
          "N" : 0
        },
        "bw_min" : 0,
        "bw_max" : 0,
        "bw_agg" : 0.000000,
        "bw_mean" : 0.000000,
        "bw_dev" : 0.000000,
        "bw_samples" : 0,
        "iops_min" : 0,
        "iops_max" : 0,
        "iops_mean" : 0.000000,
        "iops_stddev" : 0.000000,
        "iops_samples" : 0
      },
      "finish" : {
        "total_zone_resets" : 45,
        "io_bytes" : 60995444736,
        "io_kbytes" : 59565864,
        "bw_bytes" : 1016573802,
        "bw" : 992747,
        "iops" : 124093.481775,
        "runtime" : 60001,
        "total_ios" : 7445733,
        "short_ios" : 0,
        "drop_ios" : 0,
        "slat_ns" : {
          "min" : 3360,
          "max" : 4514031,
          "mean" : 12627.263367,
          "stddev" : 5336.100291,
          "N" : 7445733
        },
        "clat_ns" : {
          "min" : 375,
          "max" : 13545771,
          "mean" : 27810.934323,
          "stddev" : 71095.222326,
          "N" : 7445733,
          "percentile" : {
            "1.000000" : 7456,
            "5.000000" : 16768,
            "10.000000" : 18304,
            "20.000000" : 19840,
            "30.000000" : 20864,
            "40.000000" : 22144,
            "50.000000" : 23168,
            "60.000000" : 24704,
            "70.000000" : 26240,
            "80.000000" : 28544,
            "90.000000" : 35072,
            "95.000000" : 52480,
            "99.000000" : 107008,
            "99.500000" : 142336,
            "99.900000" : 272384,
            "99.950000" : 407552,
            "99.990000" : 2007040
          }
        },
        "lat_ns" : {
          "min" : 19542,
          "max" : 13562846,
          "mean" : 40438.197689,
          "stddev" : 71210.273659,
          "N" : 7445733,
          "percentile" : {
            "1.000000" : 25472,
            "5.000000" : 27520,
            "10.000000" : 28800,
            "20.000000" : 30592,
            "30.000000" : 32384,
            "40.000000" : 34048,
            "50.000000" : 35584,
            "60.000000" : 37632,
            "70.000000" : 39680,
            "80.000000" : 42752,
            "90.000000" : 49920,
            "95.000000" : 66048,
            "99.000000" : 119296,
            "99.500000" : 154624,
            "99.900000" : 284672,
            "99.950000" : 419840,
            "99.990000" : 2023424
          }
        },
        "bw_min" : 14784,
        "bw_max" : 1582272,
        "bw_agg" : 100.000000,
        "bw_mean" : 1014315.480335,
        "bw_dev" : 63389.479688,
        "bw_samples" : 814,
        "iops_min" : 1848,
        "iops_max" : 197784,
        "iops_mean" : 126789.429383,
        "iops_stddev" : 7923.689400,
        "iops_samples" : 814
      },
      "ZNS Reset" : {
        "total_zone_resets" : 45,
        "io_bytes" : 0,
        "io_kbytes" : 0,
        "bw_bytes" : 0,
        "bw" : 0,
        "iops" : 0.000000,
        "runtime" : 0,
        "total_ios" : 0,
        "short_ios" : 0,
        "drop_ios" : 0,
        "slat_ns" : {
          "min" : 0,
          "max" : 0,
          "mean" : 0.000000,
          "stddev" : 0.000000,
          "N" : 0
        },
        "clat_ns" : {
          "min" : 0,
          "max" : 0,
          "mean" : 0.000000,
          "stddev" : 0.000000,
          "N" : 0
        },
        "lat_ns" : {
          "min" : 0,
          "max" : 0,
          "mean" : 0.000000,
          "stddev" : 0.000000,
          "N" : 0
        },
        "bw_min" : 0,
        "bw_max" : 0,
        "bw_agg" : 0.000000,
        "bw_mean" : 0.000000,
        "bw_dev" : 0.000000,
        "bw_samples" : 0,
        "iops_min" : 0,
        "iops_max" : 0,
        "iops_mean" : 0.000000,
        "iops_stddev" : 0.000000,
        "iops_samples" : 0
      },
      "sync" : {
        "total_ios" : 0,
        "lat_ns" : {
          "min" : 0,
          "max" : 0,
          "mean" : 0.000000,
          "stddev" : 0.000000,
          "N" : 0
        }
      },
      "job_runtime" : 420000,
      "usr_cpu" : 5.644762,
      "sys_cpu" : 20.680000,
      "ctx" : 15657118,
      "majf" : 0,
      "minf" : 0,
      "iodepth_level" : {
        "1" : 100.000000,
        "2" : 0.000000,
        "4" : 0.000000,
        "8" : 0.000000,
        "16" : 0.000000,
        "32" : 0.000000,
        ">=64" : 0.000000
      },
      "iodepth_submit" : {
        "0" : 0.000000,
        "4" : 100.000000,
        "8" : 0.000000,
        "16" : 0.000000,
        "32" : 0.000000,
        "64" : 0.000000,
        ">=64" : 0.000000
      },
      "iodepth_complete" : {
        "0" : 0.000000,
        "4" : 100.000000,
        "8" : 0.000000,
        "16" : 0.000000,
        "32" : 0.000000,
        "64" : 0.000000,
        ">=64" : 0.000000
      },
      "latency_ns" : {
        "2" : 0.000000,
        "4" : 0.000000,
        "10" : 0.000000,
        "20" : 0.000000,
        "50" : 0.000000,
        "100" : 0.000000,
        "250" : 0.000000,
        "500" : 0.010000,
        "750" : 0.010000,
        "1000" : 0.757011
      },
      "latency_us" : {
        "2" : 0.079227,
        "4" : 0.023638,
        "10" : 0.395542,
        "20" : 20.936716,
        "50" : 72.321248,
        "100" : 4.351700,
        "250" : 1.007275,
        "500" : 0.080516,
        "750" : 0.011214,
        "1000" : 0.010000
      },
      "latency_ms" : {
        "2" : 0.013847,
        "4" : 0.010000,
        "10" : 0.010000,
        "20" : 0.010000,
        "50" : 0.000000,
        "100" : 0.000000,
        "250" : 0.000000,
        "500" : 0.000000,
        "750" : 0.000000,
        "1000" : 0.000000,
        "2000" : 0.000000,
        ">=2000" : 0.000000
      },
      "latency_depth" : 1,
      "latency_target" : 0,
      "latency_percentile" : 100.000000,
      "latency_window" : 0
    }
  ],
  "disk_util" : [
    {
      "name" : "nvme0n2",
      "read_ios" : 45,
      "write_ios" : 7428701,
      "read_sectors" : 2064,
      "write_sectors" : 118858512,
      "read_merges" : 0,
      "write_merges" : 0,
      "read_ticks" : 1,
      "write_ticks" : 223496,
      "in_queue" : 223496,
      "util" : 99.923264
    }
  ]
}
