{
  "fio version" : "fio-3.35",
  "timestamp" : 1715782272,
  "timestamp_ms" : 1715782272171,
  "time" : "Wed May 15 14:11:12 2024",
  "global options" : {
    "name" : "loaded-reset",
    "ioengine" : "io_uring_cmd",
    "size" : "24z",
    "bs" : "64K",
    "zonemode" : "zbd",
    "thread" : "1",
    "lat_percentiles" : "1",
    "filename" : "/dev/ng1n1",
    "sqthread_poll" : "1"
  },
  "jobs" : [
    {
      "jobname" : "fill-prep",
      "groupid" : 0,
      "error" : 0,
      "eta" : 0,
      "elapsed" : 573,
      "job options" : {
        "iodepth" : "1",
        "rw" : "write",
        "size" : "24z",
        "bs" : "256K"
      },
      "read" : {
        "io_bytes" : 0,
        "io_kbytes" : 0,
        "bw_bytes" : 0,
        "bw" : 0,
        "iops" : 0.000000,
        "runtime" : 0,
        "total_ios" : 0,
        "short_ios" : 0,
        "drop_ios" : 0,
        "slat_ns" : {
          "min" : 0,
          "max" : 0,
          "mean" : 0.000000,
          "stddev" : 0.000000,
          "N" : 0
        },
        "clat_ns" : {
          "min" : 0,
          "max" : 0,
          "mean" : 0.000000,
          "stddev" : 0.000000,
          "N" : 0
        },
        "lat_ns" : {
          "min" : 0,
          "max" : 0,
          "mean" : 0.000000,
          "stddev" : 0.000000,
          "N" : 0
        },
        "bw_min" : 0,
        "bw_max" : 0,
        "bw_agg" : 0.000000,
        "bw_mean" : 0.000000,
        "bw_dev" : 0.000000,
        "bw_samples" : 0,
        "iops_min" : 0,
        "iops_max" : 0,
        "iops_mean" : 0.000000,
        "iops_stddev" : 0.000000,
        "iops_samples" : 0
      },
      "write" : {
        "io_bytes" : 27380416512,
        "io_kbytes" : 26738688,
        "bw_bytes" : 71303539,
        "bw" : 69632,
        "iops" : 272.001417,
        "runtime" : 383998,
        "total_ios" : 104448,
        "short_ios" : 0,
        "drop_ios" : 0,
        "slat_ns" : {
          "min" : 0,
          "max" : 0,
          "mean" : 0.000000,
          "stddev" : 0.000000,
          "N" : 0
        },
        "clat_ns" : {
          "min" : 3634657,
          "max" : 19244379,
          "mean" : 3645507.475308,
          "stddev" : 122291.976962,
          "N" : 104448,
          "percentile" : {
            "1.000000" : 3620864,
            "5.000000" : 3620864,
            "10.000000" : 3620864,
            "20.000000" : 3620864,
            "30.000000" : 3620864,
            "40.000000" : 3620864,
            "50.000000" : 3620864,
            "60.000000" : 3653632,
            "70.000000" : 3653632,
            "80.000000" : 3653632,
            "90.000000" : 3653632,
            "95.000000" : 3653632,
            "99.000000" : 3653632,
            "99.500000" : 4358144,
            "99.900000" : 5275648,
            "99.950000" : 5472256,
            "99.990000" : 7569408
          }
        },
        "lat_ns" : {
          "min" : 3648556,
          "max" : 19280194,
          "mean" : 3675821.407590,
          "stddev" : 122601.650343,
          "N" : 104448,
          "percentile" : {
            "1.000000" : 3653632,
            "5.000000" : 3653632,
            "10.000000" : 3653632,
            "20.000000" : 3653632,
            "30.000000" : 3653632,
            "40.000000" : 3653632,
            "50.000000" : 3653632,
            "60.000000" : 3653632,
            "70.000000" : 3686400,
            "80.000000" : 3686400,
            "90.000000" : 3686400,
            "95.000000" : 3686400,
            "99.000000" : 3686400,
            "99.500000" : 4423680,
            "99.900000" : 5341184,
            "99.950000" : 5472256,
            "99.990000" : 7569408
          }
        },
        "bw_min" : 67206,
        "bw_max" : 70284,
        "bw_agg" : 100.000000,
        "bw_mean" : 69685.835724,
        "bw_dev" : 385.233196,
        "bw_samples" : 767,
        "iops_min" : 262,
        "iops_max" : 274,
        "iops_mean" : 271.994785,
        "iops_stddev" : 1.533771,
        "iops_samples" : 767
      },
      "ZNS Reset" : {
        "total_zone_resets" : 0,
        "io_bytes" : 0,
        "io_kbytes" : 0,
        "bw_bytes" : 0,
        "bw" : 0,
        "iops" : 0.000000,
        "runtime" : 0,
        "total_ios" : 0,
        "short_ios" : 0,
        "drop_ios" : 0,
        "slat_ns" : {
          "min" : 0,
          "max" : 0,
          "mean" : 0.000000,
          "stddev" : 0.000000,
          "N" : 0
        },
        "clat_ns" : {
          "min" : 0,
          "max" : 0,
          "mean" : 0.000000,
          "stddev" : 0.000000,
          "N" : 0
        },
        "lat_ns" : {
          "min" : 0,
          "max" : 0,
          "mean" : 0.000000,
          "stddev" : 0.000000,
          "N" : 0
        },
        "bw_min" : 0,
        "bw_max" : 0,
        "bw_agg" : 0.000000,
        "bw_mean" : 0.000000,
        "bw_dev" : 0.000000,
        "bw_samples" : 0,
        "iops_min" : 0,
        "iops_max" : 0,
        "iops_mean" : 0.000000,
        "iops_stddev" : 0.000000,
        "iops_samples" : 0
      },
      "sync" : {
        "total_ios" : 0,
        "lat_ns" : {
          "min" : 0,
          "max" : 0,
          "mean" : 0.000000,
          "stddev" : 0.000000,
          "N" : 0
        }
      },
      "job_runtime" : 383997,
      "usr_cpu" : 99.997135,
      "sys_cpu" : 0.000000,
      "ctx" : 404,
      "majf" : 0,
      "minf" : 0,
      "iodepth_level" : {
        "1" : 100.000000,
        "2" : 0.000000,
        "4" : 0.000000,
        "8" : 0.000000,
        "16" : 0.000000,
        "32" : 0.000000,
        ">=64" : 0.000000
      },
      "iodepth_submit" : {
        "0" : 0.000000,
        "4" : 100.000000,
        "8" : 0.000000,
        "16" : 0.000000,
        "32" : 0.000000,
        "64" : 0.000000,
        ">=64" : 0.000000
      },
      "iodepth_complete" : {
        "0" : 0.000000,
        "4" : 100.000000,
        "8" : 0.000000,
        "16" : 0.000000,
        "32" : 0.000000,
        "64" : 0.000000,
        ">=64" : 0.000000
      },
      "latency_ns" : {
        "2" : 0.000000,
        "4" : 0.000000,
        "10" : 0.000000,
        "20" : 0.000000,
        "50" : 0.000000,
        "100" : 0.000000,
        "250" : 0.000000,
        "500" : 0.000000,
        "750" : 0.000000,
        "1000" : 0.000000
      },
      "latency_us" : {
        "2" : 0.000000,
        "4" : 0.000000,
        "10" : 0.000000,
        "20" : 0.000000,
        "50" : 0.000000,
        "100" : 0.000000,
        "250" : 0.000000,
        "500" : 0.000000,
        "750" : 0.000000,
        "1000" : 0.000000
      },
      "latency_ms" : {
        "2" : 0.000000,
        "4" : 99.404488,
        "10" : 0.592639,
        "20" : 0.010000,
        "50" : 0.000000,
        "100" : 0.000000,
        "250" : 0.000000,
        "500" : 0.000000,
        "750" : 0.000000,
        "1000" : 0.000000,
        "2000" : 0.000000,
        ">=2000" : 0.000000
      },
      "latency_depth" : 1,
      "latency_target" : 0,
      "latency_percentile" : 100.000000,
      "latency_window" : 0
    },
    {
      "jobname" : "trim",
      "groupid" : 1,
      "error" : 0,
      "eta" : 0,
      "elapsed" : 573,
      "job options" : {
        "rw" : "write",
        "iodepth" : "1",
        "size" : "4z",
        "offset" : "24z",
        "offset_increment" : "4z",
        "numjobs" : "6",
        "bs" : "8K",
        "exit_what" : "stonewall"
      },
      "read" : {
        "io_bytes" : 0,
        "io_kbytes" : 0,
        "bw_bytes" : 0,
        "bw" : 0,
        "iops" : 0.000000,
        "runtime" : 0,
        "total_ios" : 0,
        "short_ios" : 0,
        "drop_ios" : 0,
        "slat_ns" : {
          "min" : 0,
          "max" : 0,
          "mean" : 0.000000,
          "stddev" : 0.000000,
          "N" : 0
        },
        "clat_ns" : {
          "min" : 0,
          "max" : 0,
          "mean" : 0.000000,
          "stddev" : 0.000000,
          "N" : 0
        },