{
  "fio version" : "fio-3.35",
  "timestamp" : 1715788431,
  "timestamp_ms" : 1715788431350,
  "time" : "Wed May 15 15:53:51 2024",
  "global options" : {
    "name" : "bw",
    "ioengine" : "io_uring_cmd",
    "size" : "24z",
    "bs" : "8K",
    "zonemode" : "zbd",
    "thread" : "1",
    "lat_percentiles" : "1",
    "iodepth" : "1",
    "size" : "12z",
    "offset_increment" : "12z",
    "runtime" : "1m",
    "filename" : "/dev/ng0n1",
    "sqthread_poll" : "1"
  },
  "jobs" : [
    {
      "jobname" : "write",
      "groupid" : 0,
      "error" : 0,
      "eta" : 0,
      "elapsed" : 61,
      "job options" : {
        "numjobs" : "2",
        "rw" : "write"
      },
      "read" : {
        "io_bytes" : 0,
        "io_kbytes" : 0,
        "bw_bytes" : 0,
        "bw" : 0,
        "iops" : 0.000000,
        "runtime" : 0,
        "total_ios" : 0,
        "short_ios" : 0,
        "drop_ios" : 0,
        "slat_ns" : {
          "min" : 0,
          "max" : 0,
          "mean" : 0.000000,
          "stddev" : 0.000000,
          "N" : 0
        },
        "clat_ns" : {
          "min" : 0,
          "max" : 0,
          "mean" : 0.000000,
          "stddev" : 0.000000,
          "N" : 0
        },
        "lat_ns" : {
          "min" : 0,
          "max" : 0,
          "mean" : 0.000000,
          "stddev" : 0.000000,
          "N" : 0
        },
        "bw_min" : 0,
        "bw_max" : 0,
        "bw_agg" : 0.000000,
        "bw_mean" : 0.000000,
        "bw_dev" : 0.000000,
        "bw_samples" : 0,
        "iops_min" : 0,
        "iops_max" : 0,
        "iops_mean" : 0.000000,
        "iops_stddev" : 0.000000,
        "iops_samples" : 0
      },
      "write" : {
        "io_bytes" : 2021203968,
        "io_kbytes" : 1973832,
        "bw_bytes" : 33686171,
        "bw" : 32896,
        "iops" : 4112.081465,
        "runtime" : 60001,
        "total_ios" : 246729,
        "short_ios" : 0,
        "drop_ios" : 0,
        "slat_ns" : {
          "min" : 0,
          "max" : 0,
          "mean" : 0.000000,
          "stddev" : 0.000000,
          "N" : 0
        },
        "clat_ns" : {
          "min" : 479489,
          "max" : 10429091,
          "mean" : 485003.655780,
          "stddev" : 100821.383156,
          "N" : 246729,
          "percentile" : {
            "1.000000" : 481280,
            "5.000000" : 481280,
            "10.000000" : 481280,
            "20.000000" : 481280,
            "30.000000" : 481280,
            "40.000000" : 481280,
            "50.000000" : 481280,
            "60.000000" : 481280,
            "70.000000" : 481280,
            "80.000000" : 481280,
            "90.000000" : 481280,
            "95.000000" : 481280,
            "99.000000" : 489472,
            "99.500000" : 493568,
            "99.900000" : 2244608,
            "99.950000" : 2473984,
            "99.990000" : 5537792
          }
        },
        "lat_ns" : {
          "min" : 480551,
          "max" : 10429492,
          "mean" : 485808.918121,
          "stddev" : 100819.520189,
          "N" : 246729,
          "percentile" : {
            "1.000000" : 481280,
            "5.000000" : 481280,
            "10.000000" : 481280,
            "20.000000" : 481280,
            "30.000000" : 481280,
            "40.000000" : 481280,
            "50.000000" : 481280,
            "60.000000" : 481280,
            "70.000000" : 481280,
            "80.000000" : 481280,
            "90.000000" : 481280,
            "95.000000" : 485376,
            "99.000000" : 489472,
            "99.500000" : 497664,
            "99.900000" : 2244608,
            "99.950000" : 2473984,
            "99.990000" : 5537792
          }
        },
        "bw_min" : 31936,
        "bw_max" : 33184,
        "bw_agg" : 100.000000,
        "bw_mean" : 32934.319328,
        "bw_dev" : 151.293671,
        "bw_samples" : 238,
        "iops_min" : 3992,
        "iops_max" : 4148,
        "iops_mean" : 4116.789916,
        "iops_stddev" : 18.911709,
        "iops_samples" : 238
      },
      "ZNS Reset" : {
        "total_zone_resets" : 0,
        "io_bytes" : 0,
        "io_kbytes" : 0,
        "bw_bytes" : 0,
        "bw" : 0,
        "iops" : 0.000000,
        "runtime" : 0,
        "total_ios" : 0,
        "short_ios" : 0,
        "drop_ios" : 0,
        "slat_ns" : {
          "min" : 0,
          "max" : 0,
          "mean" : 0.000000,
          "stddev" : 0.000000,
          "N" : 0
        },
        "clat_ns" : {
          "min" : 0,
          "max" : 0,
          "mean" : 0.000000,
          "stddev" : 0.000000,
          "N" : 0
        },
        "lat_ns" : {
          "min" : 0,
          "max" : 0,
          "mean" : 0.000000,
          "stddev" : 0.000000,
          "N" : 0
        },
        "bw_min" : 0,
        "bw_max" : 0,
        "bw_agg" : 0.000000,
        "bw_mean" : 0.000000,
        "bw_dev" : 0.000000,
        "bw_samples" : 0,
        "iops_min" : 0,
        "iops_max" : 0,
        "iops_mean" : 0.000000,
        "iops_stddev" : 0.000000,
        "iops_samples" : 0
      },
      "sync" : {
        "total_ios" : 0,
        "lat_ns" : {
          "min" : 0,
          "max" : 0,
          "mean" : 0.000000,
          "stddev" : 0.000000,
          "N" : 0
        }
      },
      "job_runtime" : 120000,
      "usr_cpu" : 99.996667,
      "sys_cpu" : 0.000000,
      "ctx" : 88,
      "majf" : 0,
      "minf" : 0,
      "iodepth_level" : {
        "1" : 100.000000,
        "2" : 0.000000,
        "4" : 0.000000,
        "8" : 0.000000,
        "16" : 0.000000,
        "32" : 0.000000,
        ">=64" : 0.000000
      },
      "iodepth_submit" : {
        "0" : 0.000000,
        "4" : 100.000000,
        "8" : 0.000000,
        "16" : 0.000000,
        "32" : 0.000000,
        "64" : 0.000000,
        ">=64" : 0.000000
      },
      "iodepth_complete" : {
        "0" : 0.000000,
        "4" : 100.000000,
        "8" : 0.000000,
        "16" : 0.000000,
        "32" : 0.000000,
        "64" : 0.000000,
        ">=64" : 0.000000
      },
      "latency_ns" : {
        "2" : 0.000000,
        "4" : 0.000000,
        "10" : 0.000000,
        "20" : 0.000000,
        "50" : 0.000000,
        "100" : 0.000000,
        "250" : 0.000000,
        "500" : 0.000000,
        "750" : 0.000000,
        "1000" : 0.000000
      },
      "latency_us" : {
        "2" : 0.000000,
        "4" : 0.000000,
        "10" : 0.000000,
        "20" : 0.000000,
        "50" : 0.000000,
        "100" : 0.000000,
        "250" : 0.000000,
        "500" : 99.691970,
        "750" : 0.141856,
        "1000" : 0.016617
      },
      "latency_ms" : {
        "2" : 0.010000,
        "4" : 0.129292,
        "10" : 0.012970,
        "20" : 0.010000,
        "50" : 0.000000,
        "100" : 0.000000,
        "250" : 0.000000,
        "500" : 0.000000,
        "750" : 0.000000,
        "1000" : 0.000000,
        "2000" : 0.000000,
        ">=2000" : 0.000000
      },
      "latency_depth" : 1,
      "latency_target" : 0,
      "latency_percentile" : 100.000000,
      "latency_window" : 0
    }
  ]
}
