{
  "fio version" : "fio-3.35",
  "timestamp" : 1701633771,
  "timestamp_ms" : 1701633771985,
  "time" : "Sun Dec  3 20:02:51 2023",
  "global options" : {
    "ioengine" : "io_uring",
    "size" : "813z",
    "bs" : "64K",
    "direct" : "1",
    "zonemode" : "zbd",
    "thread" : "1",
    "lat_percentiles" : "1",
    "group_reporting" : "1",
    "filename" : "/dev/nvme0n2"
  },
  "jobs" : [
    {
      "jobname" : "fill-prep",
      "groupid" : 0,
      "error" : 0,
      "eta" : 0,
      "elapsed" : 876,
      "job options" : {
        "iodepth" : "1",
        "rw" : "write",
        "numjobs" : "1"
      },
      "read" : {
        "io_bytes" : 0,
        "io_kbytes" : 0,
        "bw_bytes" : 0,
        "bw" : 0,
        "iops" : 0.000000,
        "runtime" : 0,
        "total_ios" : 0,
        "short_ios" : 0,
        "drop_ios" : 0,
        "slat_ns" : {
          "min" : 0,
          "max" : 0,
          "mean" : 0.000000,
          "stddev" : 0.000000,
          "N" : 0
        },
        "clat_ns" : {
          "min" : 0,
          "max" : 0,
          "mean" : 0.000000,
          "stddev" : 0.000000,
          "N" : 0
        },
        "lat_ns" : {
          "min" : 0,
          "max" : 0,
          "mean" : 0.000000,
          "stddev" : 0.000000,
          "N" : 0
        },
        "bw_min" : 0,
        "bw_max" : 0,
        "bw_agg" : 0.000000,
        "bw_mean" : 0.000000,
        "bw_dev" : 0.000000,
        "bw_samples" : 0,
        "iops_min" : 0,
        "iops_max" : 0,
        "iops_mean" : 0.000000,
        "iops_stddev" : 0.000000,
        "iops_samples" : 0
      },
      "finish" : {
        "total_zone_resets" : 0,
        "io_bytes" : 918134194176,
        "io_kbytes" : 896615424,
        "bw_bytes" : 1084343441,
        "bw" : 1058929,
        "iops" : 16545.767840,
        "runtime" : 846719,
        "total_ios" : 14009616,
        "short_ios" : 0,
        "drop_ios" : 0,
        "slat_ns" : {
          "min" : 8099,
          "max" : 9112902,
          "mean" : 10537.874947,
          "stddev" : 4115.910907,
          "N" : 14009616
        },
        "clat_ns" : {
          "min" : 953,
          "max" : 14883188,
          "mean" : 48899.918036,
          "stddev" : 13553.382569,
          "N" : 14009616,
          "percentile" : {
            "1.000000" : 44288,
            "5.000000" : 45312,
            "10.000000" : 46336,
            "20.000000" : 46848,
            "30.000000" : 47360,
            "40.000000" : 47872,
            "50.000000" : 48384,
            "60.000000" : 48384,
            "70.000000" : 48896,
            "80.000000" : 49408,
            "90.000000" : 50944,
            "95.000000" : 52992,
            "99.000000" : 68096,
            "99.500000" : 72192,
            "99.900000" : 98816,
            "99.950000" : 128512,
            "99.990000" : 651264
          }
        },
        "lat_ns" : {
          "min" : 52406,
          "max" : 14893719,
          "mean" : 59437.792982,
          "stddev" : 14205.844196,
          "N" : 14009616,
          "percentile" : {
            "1.000000" : 54016,
            "5.000000" : 55552,
            "10.000000" : 56576,
            "20.000000" : 57088,
            "30.000000" : 57600,
            "40.000000" : 58112,
            "50.000000" : 58624,
            "60.000000" : 59136,
            "70.000000" : 59136,
            "80.000000" : 60160,
            "90.000000" : 62208,
            "95.000000" : 63744,
            "99.000000" : 78336,
            "99.500000" : 82432,
            "99.900000" : 112128,
            "99.950000" : 142336,
            "99.990000" : 659456
          }
        },
        "bw_min" : 977792,
        "bw_max" : 1099008,
        "bw_agg" : 100.000000,
        "bw_mean" : 1059708.716903,
        "bw_dev" : 17320.439404,
        "bw_samples" : 1692,
        "iops_min" : 15278,
        "iops_max" : 17172,
        "iops_mean" : 16557.751773,
        "iops_stddev" : 270.654650,
        "iops_samples" : 1692
      },
      "ZNS Reset" : {
        "total_zone_resets" : 0,
        "io_bytes" : 0,
        "io_kbytes" : 0,
        "bw_bytes" : 0,
        "bw" : 0,
        "iops" : 0.000000,
        "runtime" : 0,
        "total_ios" : 0,
        "short_ios" : 0,
        "drop_ios" : 0,
        "slat_ns" : {
          "min" : 0,
          "max" : 0,
          "mean" : 0.000000,
          "stddev" : 0.000000,
          "N" : 0
        },
        "clat_ns" : {
          "min" : 0,
          "max" : 0,
          "mean" : 0.000000,
          "stddev" : 0.000000,
          "N" : 0
        },
        "lat_ns" : {
          "min" : 0,
          "max" : 0,
          "mean" : 0.000000,
          "stddev" : 0.000000,
          "N" : 0
        },
        "bw_min" : 0,
        "bw_max" : 0,
        "bw_agg" : 0.000000,
        "bw_mean" : 0.000000,
        "bw_dev" : 0.000000,
        "bw_samples" : 0,
        "iops_min" : 0,
        "iops_max" : 0,
        "iops_mean" : 0.000000,
        "iops_stddev" : 0.000000,
        "iops_samples" : 0
      },
      "sync" : {
        "total_ios" : 0,
        "lat_ns" : {
          "min" : 0,
          "max" : 0,
          "mean" : 0.000000,
          "stddev" : 0.000000,
          "N" : 0
        }
      },
      "job_runtime" : 846718,
      "usr_cpu" : 7.040124,
      "sys_cpu" : 16.835357,
      "ctx" : 28019412,
      "majf" : 0,
      "minf" : 0,
      "iodepth_level" : {
        "1" : 100.000000,
        "2" : 0.000000,
        "4" : 0.000000,
        "8" : 0.000000,
        "16" : 0.000000,
        "32" : 0.000000,
        ">=64" : 0.000000
      },
      "iodepth_submit" : {
        "0" : 0.000000,
        "4" : 100.000000,
        "8" : 0.000000,
        "16" : 0.000000,
        "32" : 0.000000,
        "64" : 0.000000,
        ">=64" : 0.000000
      },
      "iodepth_complete" : {
        "0" : 0.000000,
        "4" : 100.000000,
        "8" : 0.000000,
        "16" : 0.000000,
        "32" : 0.000000,
        "64" : 0.000000,
        ">=64" : 0.000000
      },
      "latency_ns" : {
        "2" : 0.000000,
        "4" : 0.000000,
        "10" : 0.000000,
        "20" : 0.000000,
        "50" : 0.000000,
        "100" : 0.000000,
        "250" : 0.000000,
        "500" : 0.000000,
        "750" : 0.000000,
        "1000" : 0.010000
      },
      "latency_us" : {
        "2" : 0.010000,
        "4" : 0.000000,
        "10" : 0.010000,
        "20" : 0.010000,
        "50" : 84.795379,
        "100" : 15.107894,
        "250" : 0.061122,
        "500" : 0.010000,
        "750" : 0.024961,
        "1000" : 0.010000
      },
      "latency_ms" : {
        "2" : 0.010000,
        "4" : 0.010000,
        "10" : 0.010000,
        "20" : 0.010000,
        "50" : 0.000000,
        "100" : 0.000000,
        "250" : 0.000000,
        "500" : 0.000000,
        "750" : 0.000000,
        "1000" : 0.000000,
        "2000" : 0.000000,
        ">=2000" : 0.000000
      },
      "latency_depth" : 1,
      "latency_target" : 0,
      "latency_percentile" : 100.000000,
      "latency_window" : 0
    },
    {
      "jobname" : "trim",
      "groupid" : 1,
      "error" : 0,
      "eta" : 0,
      "elapsed" : 876,
      "job options" : {
        "rw" : "write",
        "iodepth" : "1",
        "size" : "91z",
        "offset" : "813z",
        "offset_increment" : "91z",
        "numjobs" : "1",
        "bs" : "8K",
        "runtime" : "1m",
        "exit_what" : "stonewall"
      },
      "read" : {
        "io_bytes" : 0,
        "io_kbytes" : 0,
        "bw_bytes" : 0,
        "bw" : 0,
        "iops" : 0.000000,
        "runtime" : 0,
        "total_ios" : 0,
        "short_ios" : 0,
        "drop_ios" : 0,
        "slat_ns" : {
          "min" : 0,
          "max" : 0,
          "mean" : 0.000000,
          "stddev" : 0.000000,
          "N" : 0
        },
        "clat_ns" : {
          "min" : 0,
          "max" : 0,
          "mean" : 0.000000,
          "stddev" : 0.000000,