{
  "fio version" : "fio-3.35",
  "timestamp" : 1701475769,
  "timestamp_ms" : 1701475769909,
  "time" : "Sat Dec  2 00:09:29 2023",
  "global options" : {
    "name" : "bw",
    "ioengine" : "io_uring",
    "direct" : "1",
    "size" : "813z",
    "bs" : "8K",
    "zonemode" : "zbd",
    "thread" : "1",
    "lat_percentiles" : "1",
    "iodepth" : "1",
    "runtime" : "1m",
    "filename" : "/dev/nvme0n2",
    "sqthread_poll" : "1"
  },
  "jobs" : [
    {
      "jobname" : "write",
      "groupid" : 0,
      "error" : 0,
      "eta" : 0,
      "elapsed" : 61,
      "job options" : {
        "numjobs" : "3",
        "rw" : "write"
      },
      "read" : {
        "io_bytes" : 0,
        "io_kbytes" : 0,
        "bw_bytes" : 0,
        "bw" : 0,
        "iops" : 0.000000,
        "runtime" : 0,
        "total_ios" : 0,
        "short_ios" : 0,
        "drop_ios" : 0,
        "slat_ns" : {
          "min" : 0,
          "max" : 0,
          "mean" : 0.000000,
          "stddev" : 0.000000,
          "N" : 0
        },
        "clat_ns" : {
          "min" : 0,
          "max" : 0,
          "mean" : 0.000000,
          "stddev" : 0.000000,
          "N" : 0
        },
        "lat_ns" : {
          "min" : 0,
          "max" : 0,
          "mean" : 0.000000,
          "stddev" : 0.000000,
          "N" : 0
        },
        "bw_min" : 0,
        "bw_max" : 0,
        "bw_agg" : 0.000000,
        "bw_mean" : 0.000000,
        "bw_dev" : 0.000000,
        "bw_samples" : 0,
        "iops_min" : 0,
        "iops_max" : 0,
        "iops_mean" : 0.000000,
        "iops_stddev" : 0.000000,
        "iops_samples" : 0
      },
      "finish" : {
        "total_zone_resets" : 33,
        "io_bytes" : 57544859648,
        "io_kbytes" : 56196152,
        "bw_bytes" : 959065009,
        "bw" : 936586,
        "iops" : 117073.365444,
        "runtime" : 60001,
        "total_ios" : 7024519,
        "short_ios" : 0,
        "drop_ios" : 0,
        "slat_ns" : {
          "min" : 0,
          "max" : 0,
          "mean" : 0.000000,
          "stddev" : 0.000000,
          "N" : 0
        },
        "clat_ns" : {
          "min" : 415,
          "max" : 10001967,
          "mean" : 22371.295940,
          "stddev" : 17398.887482,
          "N" : 7024519,
          "percentile" : {
            "1.000000" : 18048,
            "5.000000" : 19072,
            "10.000000" : 19584,
            "20.000000" : 20096,
            "30.000000" : 20608,
            "40.000000" : 21120,
            "50.000000" : 21632,
            "60.000000" : 22144,
            "70.000000" : 22912,
            "80.000000" : 23936,
            "90.000000" : 25472,
            "95.000000" : 27264,
            "99.000000" : 32384,
            "99.500000" : 37120,
            "99.900000" : 54528,
            "99.950000" : 65280,
            "99.990000" : 395264
          }
        },
        "lat_ns" : {
          "min" : 16838,
          "max" : 10002239,
          "mean" : 22815.080888,
          "stddev" : 17426.194503,
          "N" : 7024519,
          "percentile" : {
            "1.000000" : 18304,
            "5.000000" : 19328,
            "10.000000" : 20096,
            "20.000000" : 20608,
            "30.000000" : 21120,
            "40.000000" : 21632,
            "50.000000" : 22144,
            "60.000000" : 22656,
            "70.000000" : 23424,
            "80.000000" : 24192,
            "90.000000" : 25984,
            "95.000000" : 27776,
            "99.000000" : 33024,
            "99.500000" : 37632,
            "99.900000" : 55040,
            "99.950000" : 66048,
            "99.990000" : 399360
          }
        },
        "bw_min" : 31584,
        "bw_max" : 1070025,
        "bw_agg" : 100.000000,
        "bw_mean" : 958094.952260,
        "bw_dev" : 55898.175343,
        "bw_samples" : 349,
        "iops_min" : 3948,
        "iops_max" : 133753,
        "iops_mean" : 119761.857438,
        "iops_stddev" : 6987.263340,
        "iops_samples" : 349
      },
      "ZNS Reset" : {
        "total_zone_resets" : 33,
        "io_bytes" : 0,
        "io_kbytes" : 0,
        "bw_bytes" : 0,
        "bw" : 0,
        "iops" : 0.000000,
        "runtime" : 0,
        "total_ios" : 0,
        "short_ios" : 0,
        "drop_ios" : 0,
        "slat_ns" : {
          "min" : 0,
          "max" : 0,
          "mean" : 0.000000,
          "stddev" : 0.000000,
          "N" : 0
        },
        "clat_ns" : {
          "min" : 0,
          "max" : 0,
          "mean" : 0.000000,
          "stddev" : 0.000000,
          "N" : 0
        },
        "lat_ns" : {
          "min" : 0,
          "max" : 0,
          "mean" : 0.000000,
          "stddev" : 0.000000,
          "N" : 0
        },
        "bw_min" : 0,
        "bw_max" : 0,
        "bw_agg" : 0.000000,
        "bw_mean" : 0.000000,
        "bw_dev" : 0.000000,
        "bw_samples" : 0,
        "iops_min" : 0,
        "iops_max" : 0,
        "iops_mean" : 0.000000,
        "iops_stddev" : 0.000000,
        "iops_samples" : 0
      },
      "sync" : {
        "total_ios" : 0,
        "lat_ns" : {
          "min" : 0,
          "max" : 0,
          "mean" : 0.000000,
          "stddev" : 0.000000,
          "N" : 0
        }
      },
      "job_runtime" : 180000,
      "usr_cpu" : 93.445556,
      "sys_cpu" : 1.097222,
      "ctx" : 286674,
      "majf" : 0,
      "minf" : 0,
      "iodepth_level" : {
        "1" : 100.000000,
        "2" : 0.000000,
        "4" : 0.000000,
        "8" : 0.000000,
        "16" : 0.000000,
        "32" : 0.000000,
        ">=64" : 0.000000
      },
      "iodepth_submit" : {
        "0" : 0.000000,
        "4" : 100.000000,
        "8" : 0.000000,
        "16" : 0.000000,
        "32" : 0.000000,
        "64" : 0.000000,
        ">=64" : 0.000000
      },
      "iodepth_complete" : {
        "0" : 0.000000,
        "4" : 100.000000,
        "8" : 0.000000,
        "16" : 0.000000,
        "32" : 0.000000,
        "64" : 0.000000,
        ">=64" : 0.000000
      },
      "latency_ns" : {
        "2" : 0.000000,
        "4" : 0.000000,
        "10" : 0.000000,
        "20" : 0.000000,
        "50" : 0.000000,
        "100" : 0.000000,
        "250" : 0.000000,
        "500" : 0.010000,
        "750" : 0.000000,
        "1000" : 0.000000
      },
      "latency_us" : {
        "2" : 0.010000,
        "4" : 0.000000,
        "10" : 0.000000,
        "20" : 16.397678,
        "50" : 83.454711,
        "100" : 0.130827,
        "250" : 0.010000,
        "500" : 0.010000,
        "750" : 0.010000,
        "1000" : 0.010000
      },
      "latency_ms" : {
        "2" : 0.010000,
        "4" : 0.010000,
        "10" : 0.010000,
        "20" : 0.010000,
        "50" : 0.000000,
        "100" : 0.000000,
        "250" : 0.000000,
        "500" : 0.000000,
        "750" : 0.000000,
        "1000" : 0.000000,
        "2000" : 0.000000,
        ">=2000" : 0.000000
      },
      "latency_depth" : 1,
      "latency_target" : 0,
      "latency_percentile" : 100.000000,
      "latency_window" : 0
    }
  ],
  "disk_util" : [
    {
      "name" : "nvme0n2",
      "read_ios" : 45,
      "write_ios" : 7012747,
      "read_sectors" : 2064,
      "write_sectors" : 112203424,
      "read_merges" : 0,
      "write_merges" : 0,
      "read_ticks" : 1,
      "write_ticks" : 128601,
      "in_queue" : 128602,
      "util" : 99.928270
    }
  ]
}
