{
  "fio version" : "fio-3.35",
  "timestamp" : 1715691584,
  "timestamp_ms" : 1715691584267,
  "time" : "Tue May 14 12:59:44 2024",
  "global options" : {
    "name" : "loaded-reset",
    "ioengine" : "io_uring_cmd",
    "size" : "24z",
    "bs" : "64K",
    "zonemode" : "zbd",
    "thread" : "1",
    "lat_percentiles" : "1",
    "filename" : "/dev/ng1n1",
    "sqthread_poll" : "1"
  },
  "jobs" : [
    {
      "jobname" : "fill-prep",
      "groupid" : 0,
      "error" : 0,
      "eta" : 0,
      "elapsed" : 2012,
      "job options" : {
        "iodepth" : "1",
        "rw" : "write",
        "size" : "24z",
        "bs" : "256K"
      },
      "read" : {
        "io_bytes" : 0,
        "io_kbytes" : 0,
        "bw_bytes" : 0,
        "bw" : 0,
        "iops" : 0.000000,
        "runtime" : 0,
        "total_ios" : 0,
        "short_ios" : 0,
        "drop_ios" : 0,
        "slat_ns" : {
          "min" : 0,
          "max" : 0,
          "mean" : 0.000000,
          "stddev" : 0.000000,
          "N" : 0
        },
        "clat_ns" : {
          "min" : 0,
          "max" : 0,
          "mean" : 0.000000,
          "stddev" : 0.000000,
          "N" : 0
        },
        "lat_ns" : {
          "min" : 0,
          "max" : 0,
          "mean" : 0.000000,
          "stddev" : 0.000000,
          "N" : 0
        },
        "bw_min" : 0,
        "bw_max" : 0,
        "bw_agg" : 0.000000,
        "bw_mean" : 0.000000,
        "bw_dev" : 0.000000,
        "bw_samples" : 0,
        "iops_min" : 0,
        "iops_max" : 0,
        "iops_mean" : 0.000000,
        "iops_stddev" : 0.000000,
        "iops_samples" : 0
      },
      "write" : {
        "io_bytes" : 27380416512,
        "io_kbytes" : 26738688,
        "bw_bytes" : 71498485,
        "bw" : 69822,
        "iops" : 272.745077,
        "runtime" : 382951,
        "total_ios" : 104448,
        "short_ios" : 0,
        "drop_ios" : 0,
        "slat_ns" : {
          "min" : 0,
          "max" : 0,
          "mean" : 0.000000,
          "stddev" : 0.000000,
          "N" : 0
        },
        "clat_ns" : {
          "min" : 1621010,
          "max" : 13353540,
          "mean" : 3641178.197534,
          "stddev" : 124790.874109,
          "N" : 104448,
          "percentile" : {
            "1.000000" : 3620864,
            "5.000000" : 3620864,
            "10.000000" : 3620864,
            "20.000000" : 3620864,
            "30.000000" : 3620864,
            "40.000000" : 3620864,
            "50.000000" : 3620864,
            "60.000000" : 3620864,
            "70.000000" : 3620864,
            "80.000000" : 3620864,
            "90.000000" : 3620864,
            "95.000000" : 3620864,
            "99.000000" : 3653632,
            "99.500000" : 3653632,
            "99.900000" : 5341184,
            "99.950000" : 5668864,
            "99.990000" : 9633792
          }
        },
        "lat_ns" : {
          "min" : 3642593,
          "max" : 27510744,
          "mean" : 3664831.407064,
          "stddev" : 246016.434714,
          "N" : 104448,
          "percentile" : {
            "1.000000" : 3653632,
            "5.000000" : 3653632,
            "10.000000" : 3653632,
            "20.000000" : 3653632,
            "30.000000" : 3653632,
            "40.000000" : 3653632,
            "50.000000" : 3653632,
            "60.000000" : 3653632,
            "70.000000" : 3653632,
            "80.000000" : 3653632,
            "90.000000" : 3653632,
            "95.000000" : 3653632,
            "99.000000" : 3686400,
            "99.500000" : 3686400,
            "99.900000" : 5472256,
            "99.950000" : 6782976,
            "99.990000" : 17170432
          }
        },
        "bw_min" : 63102,
        "bw_max" : 70284,
        "bw_agg" : 100.000000,
        "bw_mean" : 69868.717647,
        "bw_dev" : 629.583436,
        "bw_samples" : 765,
        "iops_min" : 246,
        "iops_max" : 274,
        "iops_mean" : 272.745098,
        "iops_stddev" : 2.482213,
        "iops_samples" : 765
      },
      "ZNS Reset" : {
        "total_zone_resets" : 0,
        "io_bytes" : 0,
        "io_kbytes" : 0,
        "bw_bytes" : 0,
        "bw" : 0,
        "iops" : 0.000000,
        "runtime" : 0,
        "total_ios" : 0,
        "short_ios" : 0,
        "drop_ios" : 0,
        "slat_ns" : {
          "min" : 0,
          "max" : 0,
          "mean" : 0.000000,
          "stddev" : 0.000000,
          "N" : 0
        },
        "clat_ns" : {
          "min" : 0,
          "max" : 0,
          "mean" : 0.000000,
          "stddev" : 0.000000,
          "N" : 0
        },
        "lat_ns" : {
          "min" : 0,
          "max" : 0,
          "mean" : 0.000000,
          "stddev" : 0.000000,
          "N" : 0
        },
        "bw_min" : 0,
        "bw_max" : 0,
        "bw_agg" : 0.000000,
        "bw_mean" : 0.000000,
        "bw_dev" : 0.000000,
        "bw_samples" : 0,
        "iops_min" : 0,
        "iops_max" : 0,
        "iops_mean" : 0.000000,
        "iops_stddev" : 0.000000,
        "iops_samples" : 0
      },
      "sync" : {
        "total_ios" : 0,
        "lat_ns" : {
          "min" : 0,
          "max" : 0,
          "mean" : 0.000000,
          "stddev" : 0.000000,
          "N" : 0
        }
      },
      "job_runtime" : 382950,
      "usr_cpu" : 99.997911,
      "sys_cpu" : 0.002089,
      "ctx" : 483,
      "majf" : 0,
      "minf" : 0,
      "iodepth_level" : {
        "1" : 100.000000,
        "2" : 0.000000,
        "4" : 0.000000,
        "8" : 0.000000,
        "16" : 0.000000,
        "32" : 0.000000,
        ">=64" : 0.000000
      },
      "iodepth_submit" : {
        "0" : 0.000000,
        "4" : 100.000000,
        "8" : 0.000000,
        "16" : 0.000000,
        "32" : 0.000000,
        "64" : 0.000000,
        ">=64" : 0.000000
      },
      "iodepth_complete" : {
        "0" : 0.000000,
        "4" : 100.000000,
        "8" : 0.000000,
        "16" : 0.000000,
        "32" : 0.000000,
        "64" : 0.000000,
        ">=64" : 0.000000
      },
      "latency_ns" : {
        "2" : 0.000000,
        "4" : 0.000000,
        "10" : 0.000000,
        "20" : 0.000000,
        "50" : 0.000000,
        "100" : 0.000000,
        "250" : 0.000000,
        "500" : 0.000000,
        "750" : 0.000000,
        "1000" : 0.000000
      },
      "latency_us" : {
        "2" : 0.000000,
        "4" : 0.000000,
        "10" : 0.000000,
        "20" : 0.000000,
        "50" : 0.000000,
        "100" : 0.000000,
        "250" : 0.000000,
        "500" : 0.000000,
        "750" : 0.000000,
        "1000" : 0.000000
      },
      "latency_ms" : {
        "2" : 0.010000,
        "4" : 99.704159,
        "10" : 0.287224,
        "20" : 0.010000,
        "50" : 0.000000,
        "100" : 0.000000,
        "250" : 0.000000,
        "500" : 0.000000,
        "750" : 0.000000,
        "1000" : 0.000000,
        "2000" : 0.000000,
        ">=2000" : 0.000000
      },
      "latency_depth" : 1,
      "latency_target" : 0,
      "latency_percentile" : 100.000000,
      "latency_window" : 0
    },
    {
      "jobname" : "trim",
      "groupid" : 1,
      "error" : 0,
      "eta" : 0,
      "elapsed" : 2012,
      "job options" : {
        "rw" : "write",
        "iodepth" : "1",
        "size" : "24z",
        "offset" : "24z",
        "offset_increment" : "24z",
        "numjobs" : "1",
        "bs" : "8K",
        "exit_what" : "stonewall"
      },
      "read" : {
        "io_bytes" : 0,
        "io_kbytes" : 0,
        "bw_bytes" : 0,
        "bw" : 0,
        "iops" : 0.000000,
        "runtime" : 0,
        "total_ios" : 0,
        "short_ios" : 0,
        "drop_ios" : 0,
        "slat_ns" : {
          "min" : 0,
          "max" : 0,
          "mean" : 0.000000,
          "stddev" : 0.000000,
          "N" : 0
        },
        "clat_ns" : {
          "min" : 0,
          "max" : 0,
          "mean" : 0.000000,
          "stddev" : 0.000000,
          "N" : 0
        },