{
  "fio version" : "fio-3.35",
  "timestamp" : 1715695077,
  "timestamp_ms" : 1715695077248,
  "time" : "Tue May 14 13:57:57 2024",
  "global options" : {
    "name" : "loaded-reset",
    "ioengine" : "io_uring_cmd",
    "size" : "24z",
    "bs" : "64K",
    "zonemode" : "zbd",
    "thread" : "1",
    "lat_percentiles" : "1",
    "filename" : "/dev/ng1n1",
    "sqthread_poll" : "1"
  },
  "jobs" : [
    {
      "jobname" : "fill-prep",
      "groupid" : 0,
      "error" : 0,
      "eta" : 0,
      "elapsed" : 1334,
      "job options" : {
        "iodepth" : "1",
        "rw" : "write",
        "size" : "24z",
        "bs" : "256K"
      },
      "read" : {
        "io_bytes" : 0,
        "io_kbytes" : 0,
        "bw_bytes" : 0,
        "bw" : 0,
        "iops" : 0.000000,
        "runtime" : 0,
        "total_ios" : 0,
        "short_ios" : 0,
        "drop_ios" : 0,
        "slat_ns" : {
          "min" : 0,
          "max" : 0,
          "mean" : 0.000000,
          "stddev" : 0.000000,
          "N" : 0
        },
        "clat_ns" : {
          "min" : 0,
          "max" : 0,
          "mean" : 0.000000,
          "stddev" : 0.000000,
          "N" : 0
        },
        "lat_ns" : {
          "min" : 0,
          "max" : 0,
          "mean" : 0.000000,
          "stddev" : 0.000000,
          "N" : 0
        },
        "bw_min" : 0,
        "bw_max" : 0,
        "bw_agg" : 0.000000,
        "bw_mean" : 0.000000,
        "bw_dev" : 0.000000,
        "bw_samples" : 0,
        "iops_min" : 0,
        "iops_max" : 0,
        "iops_mean" : 0.000000,
        "iops_stddev" : 0.000000,
        "iops_samples" : 0
      },
      "write" : {
        "io_bytes" : 27380416512,
        "io_kbytes" : 26738688,
        "bw_bytes" : 71524820,
        "bw" : 69848,
        "iops" : 272.845537,
        "runtime" : 382810,
        "total_ios" : 104448,
        "short_ios" : 0,
        "drop_ios" : 0,
        "slat_ns" : {
          "min" : 0,
          "max" : 0,
          "mean" : 0.000000,
          "stddev" : 0.000000,
          "N" : 0
        },
        "clat_ns" : {
          "min" : 3620370,
          "max" : 13091738,
          "mean" : 3641412.044721,
          "stddev" : 134183.842793,
          "N" : 104448,
          "percentile" : {
            "1.000000" : 3620864,
            "5.000000" : 3620864,
            "10.000000" : 3620864,
            "20.000000" : 3620864,
            "30.000000" : 3620864,
            "40.000000" : 3620864,
            "50.000000" : 3620864,
            "60.000000" : 3620864,
            "70.000000" : 3620864,
            "80.000000" : 3620864,
            "90.000000" : 3620864,
            "95.000000" : 3653632,
            "99.000000" : 3653632,
            "99.500000" : 3653632,
            "99.900000" : 5275648,
            "99.950000" : 5799936,
            "99.990000" : 10551296
          }
        },
        "lat_ns" : {
          "min" : 3642477,
          "max" : 24489258,
          "mean" : 3663497.796186,
          "stddev" : 197057.915239,
          "N" : 104448,
          "percentile" : {
            "1.000000" : 3653632,
            "5.000000" : 3653632,
            "10.000000" : 3653632,
            "20.000000" : 3653632,
            "30.000000" : 3653632,
            "40.000000" : 3653632,
            "50.000000" : 3653632,
            "60.000000" : 3653632,
            "70.000000" : 3653632,
            "80.000000" : 3653632,
            "90.000000" : 3653632,
            "95.000000" : 3653632,
            "99.000000" : 3686400,
            "99.500000" : 3686400,
            "99.900000" : 5406720,
            "99.950000" : 6651904,
            "99.990000" : 12386304
          }
        },
        "bw_min" : 64000,
        "bw_max" : 70284,
        "bw_agg" : 100.000000,
        "bw_mean" : 69897.354248,
        "bw_dev" : 562.927419,
        "bw_samples" : 765,
        "iops_min" : 250,
        "iops_max" : 274,
        "iops_mean" : 272.840523,
        "iops_stddev" : 2.240905,
        "iops_samples" : 765
      },
      "ZNS Reset" : {
        "total_zone_resets" : 0,
        "io_bytes" : 0,
        "io_kbytes" : 0,
        "bw_bytes" : 0,
        "bw" : 0,
        "iops" : 0.000000,
        "runtime" : 0,
        "total_ios" : 0,
        "short_ios" : 0,
        "drop_ios" : 0,
        "slat_ns" : {
          "min" : 0,
          "max" : 0,
          "mean" : 0.000000,
          "stddev" : 0.000000,
          "N" : 0
        },
        "clat_ns" : {
          "min" : 0,
          "max" : 0,
          "mean" : 0.000000,
          "stddev" : 0.000000,
          "N" : 0
        },
        "lat_ns" : {
          "min" : 0,
          "max" : 0,
          "mean" : 0.000000,
          "stddev" : 0.000000,
          "N" : 0
        },
        "bw_min" : 0,
        "bw_max" : 0,
        "bw_agg" : 0.000000,
        "bw_mean" : 0.000000,
        "bw_dev" : 0.000000,
        "bw_samples" : 0,
        "iops_min" : 0,
        "iops_max" : 0,
        "iops_mean" : 0.000000,
        "iops_stddev" : 0.000000,
        "iops_samples" : 0
      },
      "sync" : {
        "total_ios" : 0,
        "lat_ns" : {
          "min" : 0,
          "max" : 0,
          "mean" : 0.000000,
          "stddev" : 0.000000,
          "N" : 0
        }
      },
      "job_runtime" : 382809,
      "usr_cpu" : 99.994775,
      "sys_cpu" : 0.002090,
      "ctx" : 872,
      "majf" : 0,
      "minf" : 0,
      "iodepth_level" : {
        "1" : 100.000000,
        "2" : 0.000000,
        "4" : 0.000000,
        "8" : 0.000000,
        "16" : 0.000000,
        "32" : 0.000000,
        ">=64" : 0.000000
      },
      "iodepth_submit" : {
        "0" : 0.000000,
        "4" : 100.000000,
        "8" : 0.000000,
        "16" : 0.000000,
        "32" : 0.000000,
        "64" : 0.000000,
        ">=64" : 0.000000
      },
      "iodepth_complete" : {
        "0" : 0.000000,
        "4" : 100.000000,
        "8" : 0.000000,
        "16" : 0.000000,
        "32" : 0.000000,
        "64" : 0.000000,
        ">=64" : 0.000000
      },
      "latency_ns" : {
        "2" : 0.000000,
        "4" : 0.000000,
        "10" : 0.000000,
        "20" : 0.000000,
        "50" : 0.000000,
        "100" : 0.000000,
        "250" : 0.000000,
        "500" : 0.000000,
        "750" : 0.000000,
        "1000" : 0.000000
      },
      "latency_us" : {
        "2" : 0.000000,
        "4" : 0.000000,
        "10" : 0.000000,
        "20" : 0.000000,
        "50" : 0.000000,
        "100" : 0.000000,
        "250" : 0.000000,
        "500" : 0.000000,
        "750" : 0.000000,
        "1000" : 0.000000
      },
      "latency_ms" : {
        "2" : 0.000000,
        "4" : 99.734796,
        "10" : 0.252757,
        "20" : 0.012446,
        "50" : 0.000000,
        "100" : 0.000000,
        "250" : 0.000000,
        "500" : 0.000000,
        "750" : 0.000000,
        "1000" : 0.000000,
        "2000" : 0.000000,
        ">=2000" : 0.000000
      },
      "latency_depth" : 1,
      "latency_target" : 0,
      "latency_percentile" : 100.000000,
      "latency_window" : 0
    },
    {
      "jobname" : "trim",
      "groupid" : 1,
      "error" : 0,
      "eta" : 0,
      "elapsed" : 1334,
      "job options" : {
        "rw" : "write",
        "iodepth" : "1",
        "size" : "24z",
        "offset" : "24z",
        "offset_increment" : "24z",
        "numjobs" : "1",
        "bs" : "8K",
        "exit_what" : "stonewall"
      },
      "read" : {
        "io_bytes" : 0,
        "io_kbytes" : 0,
        "bw_bytes" : 0,
        "bw" : 0,
        "iops" : 0.000000,
        "runtime" : 0,
        "total_ios" : 0,
        "short_ios" : 0,
        "drop_ios" : 0,
        "slat_ns" : {
          "min" : 0,
          "max" : 0,
          "mean" : 0.000000,
          "stddev" : 0.000000,
          "N" : 0
        },
        "clat_ns" : {
          "min" : 0,
          "max" : 0,
          "mean" : 0.000000,
          "stddev" : 0.000000,
          "N" : 0
        },