{
  "fio version" : "fio-3.35",
  "timestamp" : 1715721726,
  "timestamp_ms" : 1715721726902,
  "time" : "Tue May 14 21:22:06 2024",
  "global options" : {
    "name" : "bw",
    "ioengine" : "io_uring_cmd",
    "size" : "24z",
    "bs" : "8K",
    "zonemode" : "zbd",
    "thread" : "1",
    "lat_percentiles" : "1",
    "iodepth" : "1",
    "size" : "3z",
    "offset_increment" : "3z",
    "runtime" : "1m",
    "filename" : "/dev/ng1n1",
    "sqthread_poll" : "1"
  },
  "jobs" : [
    {
      "jobname" : "write",
      "groupid" : 0,
      "error" : 0,
      "eta" : 0,
      "elapsed" : 61,
      "job options" : {
        "numjobs" : "7",
        "rw" : "write"
      },
      "read" : {
        "io_bytes" : 0,
        "io_kbytes" : 0,
        "bw_bytes" : 0,
        "bw" : 0,
        "iops" : 0.000000,
        "runtime" : 0,
        "total_ios" : 0,
        "short_ios" : 0,
        "drop_ios" : 0,
        "slat_ns" : {
          "min" : 0,
          "max" : 0,
          "mean" : 0.000000,
          "stddev" : 0.000000,
          "N" : 0
        },
        "clat_ns" : {
          "min" : 0,
          "max" : 0,
          "mean" : 0.000000,
          "stddev" : 0.000000,
          "N" : 0
        },
        "lat_ns" : {
          "min" : 0,
          "max" : 0,
          "mean" : 0.000000,
          "stddev" : 0.000000,
          "N" : 0
        },
        "bw_min" : 0,
        "bw_max" : 0,
        "bw_agg" : 0.000000,
        "bw_mean" : 0.000000,
        "bw_dev" : 0.000000,
        "bw_samples" : 0,
        "iops_min" : 0,
        "iops_max" : 0,
        "iops_mean" : 0.000000,
        "iops_stddev" : 0.000000,
        "iops_samples" : 0
      },
      "write" : {
        "io_bytes" : 4360814592,
        "io_kbytes" : 4258608,
        "bw_bytes" : 72679031,
        "bw" : 70975,
        "iops" : 8871.952134,
        "runtime" : 60001,
        "total_ios" : 532326,
        "short_ios" : 0,
        "drop_ios" : 0,
        "slat_ns" : {
          "min" : 0,
          "max" : 0,
          "mean" : 0.000000,
          "stddev" : 0.000000,
          "N" : 0
        },
        "clat_ns" : {
          "min" : 472966,
          "max" : 60219005,
          "mean" : 787458.883671,
          "stddev" : 286402.498258,
          "N" : 532326,
          "percentile" : {
            "1.000000" : 493568,
            "5.000000" : 505856,
            "10.000000" : 518144,
            "20.000000" : 585728,
            "30.000000" : 733184,
            "40.000000" : 790528,
            "50.000000" : 815104,
            "60.000000" : 856064,
            "70.000000" : 888832,
            "80.000000" : 929792,
            "90.000000" : 937984,
            "95.000000" : 970752,
            "99.000000" : 1384448,
            "99.500000" : 1384448,
            "99.900000" : 1581056,
            "99.950000" : 1581056,
            "99.990000" : 3293184
          }
        },
        "lat_ns" : {
          "min" : 480007,
          "max" : 60219752,
          "mean" : 788148.542470,
          "stddev" : 286418.122245,
          "N" : 532326,
          "percentile" : {
            "1.000000" : 493568,
            "5.000000" : 505856,
            "10.000000" : 518144,
            "20.000000" : 585728,
            "30.000000" : 733184,
            "40.000000" : 790528,
            "50.000000" : 815104,
            "60.000000" : 856064,
            "70.000000" : 888832,
            "80.000000" : 929792,
            "90.000000" : 946176,
            "95.000000" : 970752,
            "99.000000" : 1384448,
            "99.500000" : 1384448,
            "99.900000" : 1581056,
            "99.950000" : 1581056,
            "99.990000" : 3325952
          }
        },
        "bw_min" : 63040,
        "bw_max" : 71576,
        "bw_agg" : 100.000000,
        "bw_mean" : 71041.428571,
        "bw_dev" : 116.624267,
        "bw_samples" : 833,
        "iops_min" : 7880,
        "iops_max" : 8946,
        "iops_mean" : 8879.882353,
        "iops_stddev" : 14.575753,
        "iops_samples" : 833
      },
      "ZNS Reset" : {
        "total_zone_resets" : 0,
        "io_bytes" : 0,
        "io_kbytes" : 0,
        "bw_bytes" : 0,
        "bw" : 0,
        "iops" : 0.000000,
        "runtime" : 0,
        "total_ios" : 0,
        "short_ios" : 0,
        "drop_ios" : 0,
        "slat_ns" : {
          "min" : 0,
          "max" : 0,
          "mean" : 0.000000,
          "stddev" : 0.000000,
          "N" : 0
        },
        "clat_ns" : {
          "min" : 0,
          "max" : 0,
          "mean" : 0.000000,
          "stddev" : 0.000000,
          "N" : 0
        },
        "lat_ns" : {
          "min" : 0,
          "max" : 0,
          "mean" : 0.000000,
          "stddev" : 0.000000,
          "N" : 0
        },
        "bw_min" : 0,
        "bw_max" : 0,
        "bw_agg" : 0.000000,
        "bw_mean" : 0.000000,
        "bw_dev" : 0.000000,
        "bw_samples" : 0,
        "iops_min" : 0,
        "iops_max" : 0,
        "iops_mean" : 0.000000,
        "iops_stddev" : 0.000000,
        "iops_samples" : 0
      },
      "sync" : {
        "total_ios" : 0,
        "lat_ns" : {
          "min" : 0,
          "max" : 0,
          "mean" : 0.000000,
          "stddev" : 0.000000,
          "N" : 0
        }
      },
      "job_runtime" : 420000,
      "usr_cpu" : 99.994286,
      "sys_cpu" : 0.002857,
      "ctx" : 283,
      "majf" : 0,
      "minf" : 0,
      "iodepth_level" : {
        "1" : 100.000000,
        "2" : 0.000000,
        "4" : 0.000000,
        "8" : 0.000000,
        "16" : 0.000000,
        "32" : 0.000000,
        ">=64" : 0.000000
      },
      "iodepth_submit" : {
        "0" : 0.000000,
        "4" : 100.000000,
        "8" : 0.000000,
        "16" : 0.000000,
        "32" : 0.000000,
        "64" : 0.000000,
        ">=64" : 0.000000
      },
      "iodepth_complete" : {
        "0" : 0.000000,
        "4" : 100.000000,
        "8" : 0.000000,
        "16" : 0.000000,
        "32" : 0.000000,
        "64" : 0.000000,
        ">=64" : 0.000000
      },
      "latency_ns" : {
        "2" : 0.000000,
        "4" : 0.000000,
        "10" : 0.000000,
        "20" : 0.000000,
        "50" : 0.000000,
        "100" : 0.000000,
        "250" : 0.000000,
        "500" : 0.000000,
        "750" : 0.000000,
        "1000" : 0.000000
      },
      "latency_us" : {
        "2" : 0.000000,
        "4" : 0.000000,
        "10" : 0.000000,
        "20" : 0.000000,
        "50" : 0.000000,
        "100" : 0.000000,
        "250" : 0.000000,
        "500" : 3.585021,
        "750" : 29.168404,
        "1000" : 63.745524
      },
      "latency_ms" : {
        "2" : 3.476629,
        "4" : 0.016719,
        "10" : 0.010000,
        "20" : 0.010000,
        "50" : 0.010000,
        "100" : 0.010000,
        "250" : 0.000000,
        "500" : 0.000000,
        "750" : 0.000000,
        "1000" : 0.000000,
        "2000" : 0.000000,
        ">=2000" : 0.000000
      },
      "latency_depth" : 1,
      "latency_target" : 0,
      "latency_percentile" : 100.000000,
      "latency_window" : 0
    }
  ]
}
