{
  "fio version" : "fio-3.35",
  "timestamp" : 1715697682,
  "timestamp_ms" : 1715697682342,
  "time" : "Tue May 14 14:41:22 2024",
  "global options" : {
    "name" : "loaded-reset",
    "ioengine" : "io_uring_cmd",
    "size" : "24z",
    "bs" : "64K",
    "zonemode" : "zbd",
    "thread" : "1",
    "lat_percentiles" : "1",
    "filename" : "/dev/ng1n1",
    "sqthread_poll" : "1"
  },
  "jobs" : [
    {
      "jobname" : "fill-prep",
      "groupid" : 0,
      "error" : 0,
      "eta" : 0,
      "elapsed" : 1206,
      "job options" : {
        "iodepth" : "1",
        "rw" : "write",
        "size" : "24z",
        "bs" : "256K"
      },
      "read" : {
        "io_bytes" : 0,
        "io_kbytes" : 0,
        "bw_bytes" : 0,
        "bw" : 0,
        "iops" : 0.000000,
        "runtime" : 0,
        "total_ios" : 0,
        "short_ios" : 0,
        "drop_ios" : 0,
        "slat_ns" : {
          "min" : 0,
          "max" : 0,
          "mean" : 0.000000,
          "stddev" : 0.000000,
          "N" : 0
        },
        "clat_ns" : {
          "min" : 0,
          "max" : 0,
          "mean" : 0.000000,
          "stddev" : 0.000000,
          "N" : 0
        },
        "lat_ns" : {
          "min" : 0,
          "max" : 0,
          "mean" : 0.000000,
          "stddev" : 0.000000,
          "N" : 0
        },
        "bw_min" : 0,
        "bw_max" : 0,
        "bw_agg" : 0.000000,
        "bw_mean" : 0.000000,
        "bw_dev" : 0.000000,
        "bw_samples" : 0,
        "iops_min" : 0,
        "iops_max" : 0,
        "iops_mean" : 0.000000,
        "iops_stddev" : 0.000000,
        "iops_samples" : 0
      },
      "write" : {
        "io_bytes" : 27380416512,
        "io_kbytes" : 26738688,
        "bw_bytes" : 71388127,
        "bw" : 69714,
        "iops" : 272.324094,
        "runtime" : 383543,
        "total_ios" : 104448,
        "short_ios" : 0,
        "drop_ios" : 0,
        "slat_ns" : {
          "min" : 0,
          "max" : 0,
          "mean" : 0.000000,
          "stddev" : 0.000000,
          "N" : 0
        },
        "clat_ns" : {
          "min" : 3635053,
          "max" : 9982208,
          "mean" : 3640956.236807,
          "stddev" : 81096.169306,
          "N" : 104448,
          "percentile" : {
            "1.000000" : 3620864,
            "5.000000" : 3620864,
            "10.000000" : 3620864,
            "20.000000" : 3620864,
            "30.000000" : 3620864,
            "40.000000" : 3620864,
            "50.000000" : 3620864,
            "60.000000" : 3620864,
            "70.000000" : 3620864,
            "80.000000" : 3653632,
            "90.000000" : 3653632,
            "95.000000" : 3653632,
            "99.000000" : 3653632,
            "99.500000" : 3653632,
            "99.900000" : 5210112,
            "99.950000" : 5406720,
            "99.990000" : 6586368
          }
        },
        "lat_ns" : {
          "min" : 3648767,
          "max" : 10013929,
          "mean" : 3671484.316952,
          "stddev" : 81522.165608,
          "N" : 104448,
          "percentile" : {
            "1.000000" : 3653632,
            "5.000000" : 3653632,
            "10.000000" : 3653632,
            "20.000000" : 3653632,
            "30.000000" : 3653632,
            "40.000000" : 3653632,
            "50.000000" : 3653632,
            "60.000000" : 3653632,
            "70.000000" : 3686400,
            "80.000000" : 3686400,
            "90.000000" : 3686400,
            "95.000000" : 3686400,
            "99.000000" : 3686400,
            "99.500000" : 3686400,
            "99.900000" : 5210112,
            "99.950000" : 5472256,
            "99.990000" : 6586368
          }
        },
        "bw_min" : 69120,
        "bw_max" : 70284,
        "bw_agg" : 100.000000,
        "bw_mean" : 69765.010444,
        "bw_dev" : 232.090218,
        "bw_samples" : 766,
        "iops_min" : 270,
        "iops_max" : 274,
        "iops_mean" : 272.322454,
        "iops_stddev" : 0.957498,
        "iops_samples" : 766
      },
      "ZNS Reset" : {
        "total_zone_resets" : 0,
        "io_bytes" : 0,
        "io_kbytes" : 0,
        "bw_bytes" : 0,
        "bw" : 0,
        "iops" : 0.000000,
        "runtime" : 0,
        "total_ios" : 0,
        "short_ios" : 0,
        "drop_ios" : 0,
        "slat_ns" : {
          "min" : 0,
          "max" : 0,
          "mean" : 0.000000,
          "stddev" : 0.000000,
          "N" : 0
        },
        "clat_ns" : {
          "min" : 0,
          "max" : 0,
          "mean" : 0.000000,
          "stddev" : 0.000000,
          "N" : 0
        },
        "lat_ns" : {
          "min" : 0,
          "max" : 0,
          "mean" : 0.000000,
          "stddev" : 0.000000,
          "N" : 0
        },
        "bw_min" : 0,
        "bw_max" : 0,
        "bw_agg" : 0.000000,
        "bw_mean" : 0.000000,
        "bw_dev" : 0.000000,
        "bw_samples" : 0,
        "iops_min" : 0,
        "iops_max" : 0,
        "iops_mean" : 0.000000,
        "iops_stddev" : 0.000000,
        "iops_samples" : 0
      },
      "sync" : {
        "total_ios" : 0,
        "lat_ns" : {
          "min" : 0,
          "max" : 0,
          "mean" : 0.000000,
          "stddev" : 0.000000,
          "N" : 0
        }
      },
      "job_runtime" : 383542,
      "usr_cpu" : 100.001043,
      "sys_cpu" : 0.000000,
      "ctx" : 99,
      "majf" : 0,
      "minf" : 0,
      "iodepth_level" : {
        "1" : 100.000000,
        "2" : 0.000000,
        "4" : 0.000000,
        "8" : 0.000000,
        "16" : 0.000000,
        "32" : 0.000000,
        ">=64" : 0.000000
      },
      "iodepth_submit" : {
        "0" : 0.000000,
        "4" : 100.000000,
        "8" : 0.000000,
        "16" : 0.000000,
        "32" : 0.000000,
        "64" : 0.000000,
        ">=64" : 0.000000
      },
      "iodepth_complete" : {
        "0" : 0.000000,
        "4" : 100.000000,
        "8" : 0.000000,
        "16" : 0.000000,
        "32" : 0.000000,
        "64" : 0.000000,
        ">=64" : 0.000000
      },
      "latency_ns" : {
        "2" : 0.000000,
        "4" : 0.000000,
        "10" : 0.000000,
        "20" : 0.000000,
        "50" : 0.000000,
        "100" : 0.000000,
        "250" : 0.000000,
        "500" : 0.000000,
        "750" : 0.000000,
        "1000" : 0.000000
      },
      "latency_us" : {
        "2" : 0.000000,
        "4" : 0.000000,
        "10" : 0.000000,
        "20" : 0.000000,
        "50" : 0.000000,
        "100" : 0.000000,
        "250" : 0.000000,
        "500" : 0.000000,
        "750" : 0.000000,
        "1000" : 0.000000
      },
      "latency_ms" : {
        "2" : 0.000000,
        "4" : 99.723307,
        "10" : 0.276693,
        "20" : 0.000000,
        "50" : 0.000000,
        "100" : 0.000000,
        "250" : 0.000000,
        "500" : 0.000000,
        "750" : 0.000000,
        "1000" : 0.000000,
        "2000" : 0.000000,
        ">=2000" : 0.000000
      },
      "latency_depth" : 1,
      "latency_target" : 0,
      "latency_percentile" : 100.000000,
      "latency_window" : 0
    },
    {
      "jobname" : "trim",
      "groupid" : 1,
      "error" : 0,
      "eta" : 0,
      "elapsed" : 1206,
      "job options" : {
        "rw" : "write",
        "iodepth" : "1",
        "size" : "12z",
        "offset" : "24z",
        "offset_increment" : "12z",
        "numjobs" : "2",
        "bs" : "8K",
        "exit_what" : "stonewall"
      },
      "read" : {
        "io_bytes" : 0,
        "io_kbytes" : 0,
        "bw_bytes" : 0,
        "bw" : 0,
        "iops" : 0.000000,
        "runtime" : 0,
        "total_ios" : 0,
        "short_ios" : 0,
        "drop_ios" : 0,
        "slat_ns" : {
          "min" : 0,
          "max" : 0,
          "mean" : 0.000000,
          "stddev" : 0.000000,
          "N" : 0
        },
        "clat_ns" : {
          "min" : 0,
          "max" : 0,
          "mean" : 0.000000,
          "stddev" : 0.000000,
          "N" : 0
        },