{
  "fio version" : "fio-3.35",
  "timestamp" : 1694046204,
  "timestamp_ms" : 1694046204771,
  "time" : "Thu Sep  7 00:23:24 2023",
  "global options" : {
    "name" : "bw",
    "ioengine" : "io_uring_cmd",
    "bs" : "8K",
    "zonemode" : "zbd",
    "thread" : "1",
    "lat_percentiles" : "1",
    "iodepth" : "1",
    "size" : "15z",
    "offset_increment" : "15z",
    "runtime" : "1m",
    "filename" : "/dev/ng0n3",
    "sqthread_poll" : "1"
  },
  "jobs" : [
    {
      "jobname" : "write",
      "groupid" : 0,
      "error" : 0,
      "eta" : 0,
      "elapsed" : 61,
      "job options" : {
        "numjobs" : "6",
        "rw" : "write"
      },
      "read" : {
        "io_bytes" : 0,
        "io_kbytes" : 0,
        "bw_bytes" : 0,
        "bw" : 0,
        "iops" : 0.000000,
        "runtime" : 0,
        "total_ios" : 0,
        "short_ios" : 0,
        "drop_ios" : 0,
        "slat_ns" : {
          "min" : 0,
          "max" : 0,
          "mean" : 0.000000,
          "stddev" : 0.000000,
          "N" : 0
        },
        "clat_ns" : {
          "min" : 0,
          "max" : 0,
          "mean" : 0.000000,
          "stddev" : 0.000000,
          "N" : 0
        },
        "lat_ns" : {
          "min" : 0,
          "max" : 0,
          "mean" : 0.000000,
          "stddev" : 0.000000,
          "N" : 0
        },
        "bw_min" : 0,
        "bw_max" : 0,
        "bw_agg" : 0.000000,
        "bw_mean" : 0.000000,
        "bw_dev" : 0.000000,
        "bw_samples" : 0,
        "iops_min" : 0,
        "iops_max" : 0,
        "iops_mean" : 0.000000,
        "iops_stddev" : 0.000000,
        "iops_samples" : 0
      },
      "write" : {
        "io_bytes" : 73664053248,
        "io_kbytes" : 71937552,
        "bw_bytes" : 1227693297,
        "bw" : 1198919,
        "iops" : 149864.904503,
        "runtime" : 60002,
        "total_ios" : 8992194,
        "short_ios" : 0,
        "drop_ios" : 0,
        "slat_ns" : {
          "min" : 0,
          "max" : 0,
          "mean" : 0.000000,
          "stddev" : 0.000000,
          "N" : 0
        },
        "clat_ns" : {
          "min" : 13790,
          "max" : 3339713,
          "mean" : 38737.908740,
          "stddev" : 47804.419435,
          "N" : 8992194,
          "percentile" : {
            "1.000000" : 16064,
            "5.000000" : 17024,
            "10.000000" : 17792,
            "20.000000" : 19328,
            "30.000000" : 20864,
            "40.000000" : 22656,
            "50.000000" : 25728,
            "60.000000" : 30848,
            "70.000000" : 40192,
            "80.000000" : 51968,
            "90.000000" : 71168,
            "95.000000" : 84480,
            "99.000000" : 164864,
            "99.500000" : 228352,
            "99.900000" : 489472,
            "99.950000" : 692224,
            "99.990000" : 2072576
          }
        },
        "lat_ns" : {
          "min" : 14059,
          "max" : 3340196,
          "mean" : 39142.463641,
          "stddev" : 47805.832313,
          "N" : 8992194,
          "percentile" : {
            "1.000000" : 16512,
            "5.000000" : 17280,
            "10.000000" : 18304,
            "20.000000" : 19840,
            "30.000000" : 21120,
            "40.000000" : 23168,
            "50.000000" : 26240,
            "60.000000" : 31360,
            "70.000000" : 40192,
            "80.000000" : 52480,
            "90.000000" : 72192,
            "95.000000" : 84480,
            "99.000000" : 164864,
            "99.500000" : 228352,
            "99.900000" : 489472,
            "99.950000" : 692224,
            "99.990000" : 2072576
          }
        },
        "bw_min" : 1161456,
        "bw_max" : 1234457,
        "bw_agg" : 100.000000,
        "bw_mean" : 1199592.605042,
        "bw_dev" : 1918.400880,
        "bw_samples" : 714,
        "iops_min" : 145182,
        "iops_max" : 154306,
        "iops_mean" : 149949.033613,
        "iops_stddev" : 239.797214,
        "iops_samples" : 714
      },
      "ZNS Reset" : {
        "total_zone_resets" : 0,
        "io_bytes" : 0,
        "io_kbytes" : 0,
        "bw_bytes" : 0,
        "bw" : 0,
        "iops" : 0.000000,
        "runtime" : 0,
        "total_ios" : 0,
        "short_ios" : 0,
        "drop_ios" : 0,
        "slat_ns" : {
          "min" : 0,
          "max" : 0,
          "mean" : 0.000000,
          "stddev" : 0.000000,
          "N" : 0
        },
        "clat_ns" : {
          "min" : 0,
          "max" : 0,
          "mean" : 0.000000,
          "stddev" : 0.000000,
          "N" : 0
        },
        "lat_ns" : {
          "min" : 0,
          "max" : 0,
          "mean" : 0.000000,
          "stddev" : 0.000000,
          "N" : 0
        },
        "bw_min" : 0,
        "bw_max" : 0,
        "bw_agg" : 0.000000,
        "bw_mean" : 0.000000,
        "bw_dev" : 0.000000,
        "bw_samples" : 0,
        "iops_min" : 0,
        "iops_max" : 0,
        "iops_mean" : 0.000000,
        "iops_stddev" : 0.000000,
        "iops_samples" : 0
      },
      "sync" : {
        "total_ios" : 0,
        "lat_ns" : {
          "min" : 0,
          "max" : 0,
          "mean" : 0.000000,
          "stddev" : 0.000000,
          "N" : 0
        }
      },
      "job_runtime" : 360002,
      "usr_cpu" : 99.998056,
      "sys_cpu" : 0.000833,
      "ctx" : 281,
      "majf" : 0,
      "minf" : 0,
      "iodepth_level" : {
        "1" : 100.000000,
        "2" : 0.000000,
        "4" : 0.000000,
        "8" : 0.000000,
        "16" : 0.000000,
        "32" : 0.000000,
        ">=64" : 0.000000
      },
      "iodepth_submit" : {
        "0" : 0.000000,
        "4" : 100.000000,
        "8" : 0.000000,
        "16" : 0.000000,
        "32" : 0.000000,
        "64" : 0.000000,
        ">=64" : 0.000000
      },
      "iodepth_complete" : {
        "0" : 0.000000,
        "4" : 100.000000,
        "8" : 0.000000,
        "16" : 0.000000,
        "32" : 0.000000,
        "64" : 0.000000,
        ">=64" : 0.000000
      },
      "latency_ns" : {
        "2" : 0.000000,
        "4" : 0.000000,
        "10" : 0.000000,
        "20" : 0.000000,
        "50" : 0.000000,
        "100" : 0.000000,
        "250" : 0.000000,
        "500" : 0.000000,
        "750" : 0.000000,
        "1000" : 0.000000
      },
      "latency_us" : {
        "2" : 0.000000,
        "4" : 0.000000,
        "10" : 0.000000,
        "20" : 24.603773,
        "50" : 53.922547,
        "100" : 18.059920,
        "250" : 2.997044,
        "500" : 0.321990,
        "750" : 0.052312,
        "1000" : 0.012044
      },
      "latency_ms" : {
        "2" : 0.018794,
        "4" : 0.011577,
        "10" : 0.000000,
        "20" : 0.000000,
        "50" : 0.000000,
        "100" : 0.000000,
        "250" : 0.000000,
        "500" : 0.000000,
        "750" : 0.000000,
        "1000" : 0.000000,
        "2000" : 0.000000,
        ">=2000" : 0.000000
      },
      "latency_depth" : 1,
      "latency_target" : 0,
      "latency_percentile" : 100.000000,
      "latency_window" : 0
    }
  ]
}
