{
  "fio version" : "fio-3.35",
  "timestamp" : 1694054562,
  "timestamp_ms" : 1694054562223,
  "time" : "Thu Sep  7 02:42:42 2023",
  "global options" : {
    "name" : "bw",
    "ioengine" : "io_uring_cmd",
    "bs" : "8K",
    "zonemode" : "zbd",
    "thread" : "1",
    "lat_percentiles" : "1",
    "iodepth" : "1",
    "size" : "11z",
    "offset_increment" : "11z",
    "runtime" : "1m",
    "filename" : "/dev/ng0n3",
    "sqthread_poll" : "1"
  },
  "jobs" : [
    {
      "jobname" : "write",
      "groupid" : 0,
      "error" : 0,
      "eta" : 0,
      "elapsed" : 61,
      "job options" : {
        "numjobs" : "8",
        "rw" : "write"
      },
      "read" : {
        "io_bytes" : 0,
        "io_kbytes" : 0,
        "bw_bytes" : 0,
        "bw" : 0,
        "iops" : 0.000000,
        "runtime" : 0,
        "total_ios" : 0,
        "short_ios" : 0,
        "drop_ios" : 0,
        "slat_ns" : {
          "min" : 0,
          "max" : 0,
          "mean" : 0.000000,
          "stddev" : 0.000000,
          "N" : 0
        },
        "clat_ns" : {
          "min" : 0,
          "max" : 0,
          "mean" : 0.000000,
          "stddev" : 0.000000,
          "N" : 0
        },
        "lat_ns" : {
          "min" : 0,
          "max" : 0,
          "mean" : 0.000000,
          "stddev" : 0.000000,
          "N" : 0
        },
        "bw_min" : 0,
        "bw_max" : 0,
        "bw_agg" : 0.000000,
        "bw_mean" : 0.000000,
        "bw_dev" : 0.000000,
        "bw_samples" : 0,
        "iops_min" : 0,
        "iops_max" : 0,
        "iops_mean" : 0.000000,
        "iops_stddev" : 0.000000,
        "iops_samples" : 0
      },
      "write" : {
        "io_bytes" : 73391194112,
        "io_kbytes" : 71671088,
        "bw_bytes" : 1223166182,
        "bw" : 1194498,
        "iops" : 149312.278129,
        "runtime" : 60001,
        "total_ios" : 8958886,
        "short_ios" : 0,
        "drop_ios" : 0,
        "slat_ns" : {
          "min" : 0,
          "max" : 0,
          "mean" : 0.000000,
          "stddev" : 0.000000,
          "N" : 0
        },
        "clat_ns" : {
          "min" : 377,
          "max" : 168512614,
          "mean" : 52334.996771,
          "stddev" : 167188.321807,
          "N" : 8958886,
          "percentile" : {
            "1.000000" : 18560,
            "5.000000" : 20352,
            "10.000000" : 22144,
            "20.000000" : 24704,
            "30.000000" : 28288,
            "40.000000" : 33536,
            "50.000000" : 39680,
            "60.000000" : 47360,
            "70.000000" : 57088,
            "80.000000" : 70144,
            "90.000000" : 84480,
            "95.000000" : 117248,
            "99.000000" : 220160,
            "99.500000" : 296960,
            "99.900000" : 618496,
            "99.950000" : 905216,
            "99.990000" : 2146304
          }
        },
        "lat_ns" : {
          "min" : 14090,
          "max" : 168513248,
          "mean" : 52755.907668,
          "stddev" : 167192.611115,
          "N" : 8958886,
          "percentile" : {
            "1.000000" : 19072,
            "5.000000" : 20608,
            "10.000000" : 22400,
            "20.000000" : 24960,
            "30.000000" : 28800,
            "40.000000" : 34048,
            "50.000000" : 40192,
            "60.000000" : 47872,
            "70.000000" : 57600,
            "80.000000" : 70144,
            "90.000000" : 85504,
            "95.000000" : 118272,
            "99.000000" : 220160,
            "99.500000" : 296960,
            "99.900000" : 618496,
            "99.950000" : 905216,
            "99.990000" : 2146304
          }
        },
        "bw_min" : 810326,
        "bw_max" : 1232151,
        "bw_agg" : 100.000000,
        "bw_mean" : 1195242.058824,
        "bw_dev" : 4662.871682,
        "bw_samples" : 952,
        "iops_min" : 101287,
        "iops_max" : 154018,
        "iops_mean" : 149405.184874,
        "iops_stddev" : 582.899460,
        "iops_samples" : 952
      },
      "ZNS Reset" : {
        "total_zone_resets" : 0,
        "io_bytes" : 0,
        "io_kbytes" : 0,
        "bw_bytes" : 0,
        "bw" : 0,
        "iops" : 0.000000,
        "runtime" : 0,
        "total_ios" : 0,
        "short_ios" : 0,
        "drop_ios" : 0,
        "slat_ns" : {
          "min" : 0,
          "max" : 0,
          "mean" : 0.000000,
          "stddev" : 0.000000,
          "N" : 0
        },
        "clat_ns" : {
          "min" : 0,
          "max" : 0,
          "mean" : 0.000000,
          "stddev" : 0.000000,
          "N" : 0
        },
        "lat_ns" : {
          "min" : 0,
          "max" : 0,
          "mean" : 0.000000,
          "stddev" : 0.000000,
          "N" : 0
        },
        "bw_min" : 0,
        "bw_max" : 0,
        "bw_agg" : 0.000000,
        "bw_mean" : 0.000000,
        "bw_dev" : 0.000000,
        "bw_samples" : 0,
        "iops_min" : 0,
        "iops_max" : 0,
        "iops_mean" : 0.000000,
        "iops_stddev" : 0.000000,
        "iops_samples" : 0
      },
      "sync" : {
        "total_ios" : 0,
        "lat_ns" : {
          "min" : 0,
          "max" : 0,
          "mean" : 0.000000,
          "stddev" : 0.000000,
          "N" : 0
        }
      },
      "job_runtime" : 480001,
      "usr_cpu" : 99.995208,
      "sys_cpu" : 0.000000,
      "ctx" : 494,
      "majf" : 0,
      "minf" : 0,
      "iodepth_level" : {
        "1" : 100.000000,
        "2" : 0.000000,
        "4" : 0.000000,
        "8" : 0.000000,
        "16" : 0.000000,
        "32" : 0.000000,
        ">=64" : 0.000000
      },
      "iodepth_submit" : {
        "0" : 0.000000,
        "4" : 100.000000,
        "8" : 0.000000,
        "16" : 0.000000,
        "32" : 0.000000,
        "64" : 0.000000,
        ">=64" : 0.000000
      },
      "iodepth_complete" : {
        "0" : 0.000000,
        "4" : 100.000000,
        "8" : 0.000000,
        "16" : 0.000000,
        "32" : 0.000000,
        "64" : 0.000000,
        ">=64" : 0.000000
      },
      "latency_ns" : {
        "2" : 0.000000,
        "4" : 0.000000,
        "10" : 0.000000,
        "20" : 0.000000,
        "50" : 0.000000,
        "100" : 0.000000,
        "250" : 0.000000,
        "500" : 0.010000,
        "750" : 0.000000,
        "1000" : 0.000000
      },
      "latency_us" : {
        "2" : 0.000000,
        "4" : 0.000000,
        "10" : 0.000000,
        "20" : 4.292665,
        "50" : 58.620715,
        "100" : 30.216168,
        "250" : 6.129925,
        "500" : 0.581858,
        "750" : 0.090982,
        "1000" : 0.024077
      },
      "latency_ms" : {
        "2" : 0.029524,
        "4" : 0.013908,
        "10" : 0.010000,
        "20" : 0.000000,
        "50" : 0.000000,
        "100" : 0.000000,
        "250" : 0.010000,
        "500" : 0.000000,
        "750" : 0.000000,
        "1000" : 0.000000,
        "2000" : 0.000000,
        ">=2000" : 0.000000
      },
      "latency_depth" : 1,
      "latency_target" : 0,
      "latency_percentile" : 100.000000,
      "latency_window" : 0
    }
  ]
}
