{
  "fio version" : "fio-3.35",
  "timestamp" : 1718012296,
  "timestamp_ms" : 1718012296088,
  "time" : "Mon Jun 10 09:38:16 2024",
  "global options" : {
    "name" : "bw",
    "ioengine" : "io_uring_cmd",
    "size" : "24z",
    "bs" : "16K",
    "zonemode" : "zbd",
    "thread" : "1",
    "lat_percentiles" : "1",
    "iodepth" : "1",
    "size" : "4z",
    "offset_increment" : "4z",
    "runtime" : "3m",
    "filename" : "/dev/ng0n1",
    "sqthread_poll" : "1"
  },
  "jobs" : [
    {
      "jobname" : "write",
      "groupid" : 0,
      "error" : 0,
      "eta" : 0,
      "elapsed" : 181,
      "job options" : {
        "numjobs" : "6",
        "rw" : "write"
      },
      "read" : {
        "io_bytes" : 0,
        "io_kbytes" : 0,
        "bw_bytes" : 0,
        "bw" : 0,
        "iops" : 0.000000,
        "runtime" : 0,
        "total_ios" : 0,
        "short_ios" : 0,
        "drop_ios" : 0,
        "slat_ns" : {
          "min" : 0,
          "max" : 0,
          "mean" : 0.000000,
          "stddev" : 0.000000,
          "N" : 0
        },
        "clat_ns" : {
          "min" : 0,
          "max" : 0,
          "mean" : 0.000000,
          "stddev" : 0.000000,
          "N" : 0
        },
        "lat_ns" : {
          "min" : 0,
          "max" : 0,
          "mean" : 0.000000,
          "stddev" : 0.000000,
          "N" : 0
        },
        "bw_min" : 0,
        "bw_max" : 0,
        "bw_agg" : 0.000000,
        "bw_mean" : 0.000000,
        "bw_dev" : 0.000000,
        "bw_samples" : 0,
        "iops_min" : 0,
        "iops_max" : 0,
        "iops_mean" : 0.000000,
        "iops_stddev" : 0.000000,
        "iops_samples" : 0
      },
      "write" : {
        "io_bytes" : 16828645376,
        "io_kbytes" : 16434224,
        "bw_bytes" : 93491435,
        "bw" : 91300,
        "iops" : 5706.264375,
        "runtime" : 180002,
        "total_ios" : 1027139,
        "short_ios" : 0,
        "drop_ios" : 0,
        "slat_ns" : {
          "min" : 0,
          "max" : 0,
          "mean" : 0.000000,
          "stddev" : 0.000000,
          "N" : 0
        },
        "clat_ns" : {
          "min" : 712550,
          "max" : 47984489,
          "mean" : 1049560.087656,
          "stddev" : 334572.255850,
          "N" : 1027139,
          "percentile" : {
            "1.000000" : 733184,
            "5.000000" : 733184,
            "10.000000" : 741376,
            "20.000000" : 749568,
            "30.000000" : 757760,
            "40.000000" : 790528,
            "50.000000" : 1003520,
            "60.000000" : 1220608,
            "70.000000" : 1269760,
            "80.000000" : 1433600,
            "90.000000" : 1433600,
            "95.000000" : 1433600,
            "99.000000" : 1449984,
            "99.500000" : 1449984,
            "99.900000" : 1957888,
            "99.950000" : 1990656,
            "99.990000" : 3489792
          }
        },
        "lat_ns" : {
          "min" : 730043,
          "max" : 47985060,
          "mean" : 1050758.806520,
          "stddev" : 334741.394270,
          "N" : 1027139,
          "percentile" : {
            "1.000000" : 733184,
            "5.000000" : 741376,
            "10.000000" : 741376,
            "20.000000" : 749568,
            "30.000000" : 757760,
            "40.000000" : 790528,
            "50.000000" : 1003520,
            "60.000000" : 1220608,
            "70.000000" : 1269760,
            "80.000000" : 1433600,
            "90.000000" : 1433600,
            "95.000000" : 1433600,
            "99.000000" : 1449984,
            "99.500000" : 1449984,
            "99.900000" : 1957888,
            "99.950000" : 1990656,
            "99.990000" : 3653632
          }
        },
        "bw_min" : 83104,
        "bw_max" : 91937,
        "bw_agg" : 100.000000,
        "bw_mean" : 91370.434540,
        "bw_dev" : 108.980845,
        "bw_samples" : 2154,
        "iops_min" : 5194,
        "iops_max" : 5746,
        "iops_mean" : 5710.551532,
        "iops_stddev" : 6.812649,
        "iops_samples" : 2154
      },
      "ZNS Reset" : {
        "total_zone_resets" : 0,
        "io_bytes" : 0,
        "io_kbytes" : 0,
        "bw_bytes" : 0,
        "bw" : 0,
        "iops" : 0.000000,
        "runtime" : 0,
        "total_ios" : 0,
        "short_ios" : 0,
        "drop_ios" : 0,
        "slat_ns" : {
          "min" : 0,
          "max" : 0,
          "mean" : 0.000000,
          "stddev" : 0.000000,
          "N" : 0
        },
        "clat_ns" : {
          "min" : 0,
          "max" : 0,
          "mean" : 0.000000,
          "stddev" : 0.000000,
          "N" : 0
        },
        "lat_ns" : {
          "min" : 0,
          "max" : 0,
          "mean" : 0.000000,
          "stddev" : 0.000000,
          "N" : 0
        },
        "bw_min" : 0,
        "bw_max" : 0,
        "bw_agg" : 0.000000,
        "bw_mean" : 0.000000,
        "bw_dev" : 0.000000,
        "bw_samples" : 0,
        "iops_min" : 0,
        "iops_max" : 0,
        "iops_mean" : 0.000000,
        "iops_stddev" : 0.000000,
        "iops_samples" : 0
      },
      "sync" : {
        "total_ios" : 0,
        "lat_ns" : {
          "min" : 0,
          "max" : 0,
          "mean" : 0.000000,
          "stddev" : 0.000000,
          "N" : 0
        }
      },
      "job_runtime" : 1080002,
      "usr_cpu" : 99.997500,
      "sys_cpu" : 0.001111,
      "ctx" : 698,
      "majf" : 0,
      "minf" : 0,
      "iodepth_level" : {
        "1" : 100.000000,
        "2" : 0.000000,
        "4" : 0.000000,
        "8" : 0.000000,
        "16" : 0.000000,
        "32" : 0.000000,
        ">=64" : 0.000000
      },
      "iodepth_submit" : {
        "0" : 0.000000,
        "4" : 100.000000,
        "8" : 0.000000,
        "16" : 0.000000,
        "32" : 0.000000,
        "64" : 0.000000,
        ">=64" : 0.000000
      },
      "iodepth_complete" : {
        "0" : 0.000000,
        "4" : 100.000000,
        "8" : 0.000000,
        "16" : 0.000000,
        "32" : 0.000000,
        "64" : 0.000000,
        ">=64" : 0.000000
      },
      "latency_ns" : {
        "2" : 0.000000,
        "4" : 0.000000,
        "10" : 0.000000,
        "20" : 0.000000,
        "50" : 0.000000,
        "100" : 0.000000,
        "250" : 0.000000,
        "500" : 0.000000,
        "750" : 0.000000,
        "1000" : 0.000000
      },
      "latency_us" : {
        "2" : 0.000000,
        "4" : 0.000000,
        "10" : 0.000000,
        "20" : 0.000000,
        "50" : 0.000000,
        "100" : 0.000000,
        "250" : 0.000000,
        "500" : 0.000000,
        "750" : 27.150853,
        "1000" : 22.415661
      },
      "latency_ms" : {
        "2" : 50.388896,
        "4" : 0.036607,
        "10" : 0.010000,
        "20" : 0.010000,
        "50" : 0.010000,
        "100" : 0.000000,
        "250" : 0.000000,
        "500" : 0.000000,
        "750" : 0.000000,
        "1000" : 0.000000,
        "2000" : 0.000000,
        ">=2000" : 0.000000
      },
      "latency_depth" : 1,
      "latency_target" : 0,
      "latency_percentile" : 100.000000,
      "latency_window" : 0
    }
  ]
}
