{
  "fio version" : "fio-3.35",
  "timestamp" : 1718020960,
  "timestamp_ms" : 1718020960394,
  "time" : "Mon Jun 10 12:02:40 2024",
  "global options" : {
    "name" : "loaded-reset",
    "ioengine" : "io_uring_cmd",
    "size" : "24z",
    "bs" : "64K",
    "zonemode" : "zbd",
    "thread" : "1",
    "lat_percentiles" : "1",
    "filename" : "/dev/ng0n1",
    "sqthread_poll" : "1"
  },
  "jobs" : [
    {
      "jobname" : "fill-prep",
      "groupid" : 0,
      "error" : 0,
      "eta" : 0,
      "elapsed" : 308,
      "job options" : {
        "iodepth" : "1",
        "rw" : "write",
        "size" : "24z",
        "bs" : "256K"
      },
      "read" : {
        "io_bytes" : 0,
        "io_kbytes" : 0,
        "bw_bytes" : 0,
        "bw" : 0,
        "iops" : 0.000000,
        "runtime" : 0,
        "total_ios" : 0,
        "short_ios" : 0,
        "drop_ios" : 0,
        "slat_ns" : {
          "min" : 0,
          "max" : 0,
          "mean" : 0.000000,
          "stddev" : 0.000000,
          "N" : 0
        },
        "clat_ns" : {
          "min" : 0,
          "max" : 0,
          "mean" : 0.000000,
          "stddev" : 0.000000,
          "N" : 0
        },
        "lat_ns" : {
          "min" : 0,
          "max" : 0,
          "mean" : 0.000000,
          "stddev" : 0.000000,
          "N" : 0
        },
        "bw_min" : 0,
        "bw_max" : 0,
        "bw_agg" : 0.000000,
        "bw_mean" : 0.000000,
        "bw_dev" : 0.000000,
        "bw_samples" : 0,
        "iops_min" : 0,
        "iops_max" : 0,
        "iops_mean" : 0.000000,
        "iops_stddev" : 0.000000,
        "iops_samples" : 0
      },
      "write" : {
        "io_bytes" : 26575110144,
        "io_kbytes" : 25952256,
        "bw_bytes" : 91881003,
        "bw" : 89727,
        "iops" : 350.498213,
        "runtime" : 289234,
        "total_ios" : 101376,
        "short_ios" : 0,
        "drop_ios" : 0,
        "slat_ns" : {
          "min" : 0,
          "max" : 0,
          "mean" : 0.000000,
          "stddev" : 0.000000,
          "N" : 0
        },
        "clat_ns" : {
          "min" : 2830295,
          "max" : 31301223,
          "mean" : 2843729.732501,
          "stddev" : 186477.971509,
          "N" : 101376,
          "percentile" : {
            "1.000000" : 2834432,
            "5.000000" : 2834432,
            "10.000000" : 2834432,
            "20.000000" : 2834432,
            "30.000000" : 2834432,
            "40.000000" : 2834432,
            "50.000000" : 2834432,
            "60.000000" : 2834432,
            "70.000000" : 2834432,
            "80.000000" : 2834432,
            "90.000000" : 2834432,
            "95.000000" : 2834432,
            "99.000000" : 2867200,
            "99.500000" : 2867200,
            "99.900000" : 4358144,
            "99.950000" : 4816896,
            "99.990000" : 12648448
          }
        },
        "lat_ns" : {
          "min" : 2839588,
          "max" : 31308688,
          "mean" : 2852502.772293,
          "stddev" : 186510.674561,
          "N" : 101376,
          "percentile" : {
            "1.000000" : 2834432,
            "5.000000" : 2834432,
            "10.000000" : 2834432,
            "20.000000" : 2834432,
            "30.000000" : 2834432,
            "40.000000" : 2834432,
            "50.000000" : 2834432,
            "60.000000" : 2834432,
            "70.000000" : 2834432,
            "80.000000" : 2834432,
            "90.000000" : 2867200,
            "95.000000" : 2867200,
            "99.000000" : 2867200,
            "99.500000" : 2867200,
            "99.900000" : 4358144,
            "99.950000" : 4816896,
            "99.990000" : 12648448
          }
        },
        "bw_min" : 84649,
        "bw_max" : 90292,
        "bw_agg" : 100.000000,
        "bw_mean" : 89784.837370,
        "bw_dev" : 571.810834,
        "bw_samples" : 578,
        "iops_min" : 330,
        "iops_max" : 352,
        "iops_mean" : 350.496540,
        "iops_stddev" : 2.265900,
        "iops_samples" : 578
      },
      "ZNS Reset" : {
        "total_zone_resets" : 0,
        "io_bytes" : 0,
        "io_kbytes" : 0,
        "bw_bytes" : 0,
        "bw" : 0,
        "iops" : 0.000000,
        "runtime" : 0,
        "total_ios" : 0,
        "short_ios" : 0,
        "drop_ios" : 0,
        "slat_ns" : {
          "min" : 0,
          "max" : 0,
          "mean" : 0.000000,
          "stddev" : 0.000000,
          "N" : 0
        },
        "clat_ns" : {
          "min" : 0,
          "max" : 0,
          "mean" : 0.000000,
          "stddev" : 0.000000,
          "N" : 0
        },
        "lat_ns" : {
          "min" : 0,
          "max" : 0,
          "mean" : 0.000000,
          "stddev" : 0.000000,
          "N" : 0
        },
        "bw_min" : 0,
        "bw_max" : 0,
        "bw_agg" : 0.000000,
        "bw_mean" : 0.000000,
        "bw_dev" : 0.000000,
        "bw_samples" : 0,
        "iops_min" : 0,
        "iops_max" : 0,
        "iops_mean" : 0.000000,
        "iops_stddev" : 0.000000,
        "iops_samples" : 0
      },
      "sync" : {
        "total_ios" : 0,
        "lat_ns" : {
          "min" : 0,
          "max" : 0,
          "mean" : 0.000000,
          "stddev" : 0.000000,
          "N" : 0
        }
      },
      "job_runtime" : 289233,
      "usr_cpu" : 100.000346,
      "sys_cpu" : 0.000000,
      "ctx" : 76,
      "majf" : 0,
      "minf" : 0,
      "iodepth_level" : {
        "1" : 100.000000,
        "2" : 0.000000,
        "4" : 0.000000,
        "8" : 0.000000,
        "16" : 0.000000,
        "32" : 0.000000,
        ">=64" : 0.000000
      },
      "iodepth_submit" : {
        "0" : 0.000000,
        "4" : 100.000000,
        "8" : 0.000000,
        "16" : 0.000000,
        "32" : 0.000000,
        "64" : 0.000000,
        ">=64" : 0.000000
      },
      "iodepth_complete" : {
        "0" : 0.000000,
        "4" : 100.000000,
        "8" : 0.000000,
        "16" : 0.000000,
        "32" : 0.000000,
        "64" : 0.000000,
        ">=64" : 0.000000
      },
      "latency_ns" : {
        "2" : 0.000000,
        "4" : 0.000000,
        "10" : 0.000000,
        "20" : 0.000000,
        "50" : 0.000000,
        "100" : 0.000000,
        "250" : 0.000000,
        "500" : 0.000000,
        "750" : 0.000000,
        "1000" : 0.000000
      },
      "latency_us" : {
        "2" : 0.000000,
        "4" : 0.000000,
        "10" : 0.000000,
        "20" : 0.000000,
        "50" : 0.000000,
        "100" : 0.000000,
        "250" : 0.000000,
        "500" : 0.000000,
        "750" : 0.000000,
        "1000" : 0.000000
      },
      "latency_ms" : {
        "2" : 0.000000,
        "4" : 99.839212,
        "10" : 0.144018,
        "20" : 0.015783,
        "50" : 0.010000,
        "100" : 0.000000,
        "250" : 0.000000,
        "500" : 0.000000,
        "750" : 0.000000,
        "1000" : 0.000000,
        "2000" : 0.000000,
        ">=2000" : 0.000000
      },
      "latency_depth" : 1,
      "latency_target" : 0,
      "latency_percentile" : 100.000000,
      "latency_window" : 0
    },
    {
      "jobname" : "trim",
      "groupid" : 1,
      "error" : 0,
      "eta" : 0,
      "elapsed" : 308,
      "job options" : {
        "rw" : "write",
        "iodepth" : "1",
        "size" : "8z",
        "offset" : "24z",
        "offset_increment" : "8z",
        "numjobs" : "3",
        "runtime" : "3m",
        "bs" : "16K",
        "exit_what" : "stonewall"
      },
      "read" : {
        "io_bytes" : 0,
        "io_kbytes" : 0,
        "bw_bytes" : 0,
        "bw" : 0,
        "iops" : 0.000000,
        "runtime" : 0,
        "total_ios" : 0,
        "short_ios" : 0,
        "drop_ios" : 0,
        "slat_ns" : {
          "min" : 0,
          "max" : 0,
          "mean" : 0.000000,
          "stddev" : 0.000000,
          "N" : 0
        },
        "clat_ns" : {
          "min" : 0,
          "max" : 0,
          "mean" : 0.000000,
          "stddev" : 0.000000,