{
  "fio version" : "fio-3.35",
  "timestamp" : 1718022662,
  "timestamp_ms" : 1718022662518,
  "time" : "Mon Jun 10 12:31:02 2024",
  "global options" : {
    "name" : "loaded-reset",
    "ioengine" : "io_uring_cmd",
    "size" : "24z",
    "bs" : "64K",
    "zonemode" : "zbd",
    "thread" : "1",
    "lat_percentiles" : "1",
    "filename" : "/dev/ng0n1",
    "sqthread_poll" : "1"
  },
  "jobs" : [
    {
      "jobname" : "fill-prep",
      "groupid" : 0,
      "error" : 0,
      "eta" : 0,
      "elapsed" : 310,
      "job options" : {
        "iodepth" : "1",
        "rw" : "write",
        "size" : "24z",
        "bs" : "256K"
      },
      "read" : {
        "io_bytes" : 0,
        "io_kbytes" : 0,
        "bw_bytes" : 0,
        "bw" : 0,
        "iops" : 0.000000,
        "runtime" : 0,
        "total_ios" : 0,
        "short_ios" : 0,
        "drop_ios" : 0,
        "slat_ns" : {
          "min" : 0,
          "max" : 0,
          "mean" : 0.000000,
          "stddev" : 0.000000,
          "N" : 0
        },
        "clat_ns" : {
          "min" : 0,
          "max" : 0,
          "mean" : 0.000000,
          "stddev" : 0.000000,
          "N" : 0
        },
        "lat_ns" : {
          "min" : 0,
          "max" : 0,
          "mean" : 0.000000,
          "stddev" : 0.000000,
          "N" : 0
        },
        "bw_min" : 0,
        "bw_max" : 0,
        "bw_agg" : 0.000000,
        "bw_mean" : 0.000000,
        "bw_dev" : 0.000000,
        "bw_samples" : 0,
        "iops_min" : 0,
        "iops_max" : 0,
        "iops_mean" : 0.000000,
        "iops_stddev" : 0.000000,
        "iops_samples" : 0
      },
      "write" : {
        "io_bytes" : 26575110144,
        "io_kbytes" : 25952256,
        "bw_bytes" : 91303322,
        "bw" : 89163,
        "iops" : 348.294533,
        "runtime" : 291064,
        "total_ios" : 101376,
        "short_ios" : 0,
        "drop_ios" : 0,
        "slat_ns" : {
          "min" : 0,
          "max" : 0,
          "mean" : 0.000000,
          "stddev" : 0.000000,
          "N" : 0
        },
        "clat_ns" : {
          "min" : 2833816,
          "max" : 11109218,
          "mean" : 2840286.205749,
          "stddev" : 85488.257467,
          "N" : 101376,
          "percentile" : {
            "1.000000" : 2834432,
            "5.000000" : 2834432,
            "10.000000" : 2834432,
            "20.000000" : 2834432,
            "30.000000" : 2834432,
            "40.000000" : 2834432,
            "50.000000" : 2834432,
            "60.000000" : 2834432,
            "70.000000" : 2834432,
            "80.000000" : 2834432,
            "90.000000" : 2834432,
            "95.000000" : 2834432,
            "99.000000" : 2834432,
            "99.500000" : 2867200,
            "99.900000" : 4227072,
            "99.950000" : 4489216,
            "99.990000" : 5996544
          }
        },
        "lat_ns" : {
          "min" : 2848067,
          "max" : 11141135,
          "mean" : 2870548.989662,
          "stddev" : 85695.500560,
          "N" : 101376,
          "percentile" : {
            "1.000000" : 2867200,
            "5.000000" : 2867200,
            "10.000000" : 2867200,
            "20.000000" : 2867200,
            "30.000000" : 2867200,
            "40.000000" : 2867200,
            "50.000000" : 2867200,
            "60.000000" : 2867200,
            "70.000000" : 2867200,
            "80.000000" : 2867200,
            "90.000000" : 2867200,
            "95.000000" : 2867200,
            "99.000000" : 2899968,
            "99.500000" : 2899968,
            "99.900000" : 4227072,
            "99.950000" : 4554752,
            "99.990000" : 6062080
          }
        },
        "bw_min" : 87552,
        "bw_max" : 89779,
        "bw_agg" : 100.000000,
        "bw_mean" : 89203.662651,
        "bw_dev" : 278.759437,
        "bw_samples" : 581,
        "iops_min" : 342,
        "iops_max" : 350,
        "iops_mean" : 348.292599,
        "iops_stddev" : 1.129738,
        "iops_samples" : 581
      },
      "ZNS Reset" : {
        "total_zone_resets" : 0,
        "io_bytes" : 0,
        "io_kbytes" : 0,
        "bw_bytes" : 0,
        "bw" : 0,
        "iops" : 0.000000,
        "runtime" : 0,
        "total_ios" : 0,
        "short_ios" : 0,
        "drop_ios" : 0,
        "slat_ns" : {
          "min" : 0,
          "max" : 0,
          "mean" : 0.000000,
          "stddev" : 0.000000,
          "N" : 0
        },
        "clat_ns" : {
          "min" : 0,
          "max" : 0,
          "mean" : 0.000000,
          "stddev" : 0.000000,
          "N" : 0
        },
        "lat_ns" : {
          "min" : 0,
          "max" : 0,
          "mean" : 0.000000,
          "stddev" : 0.000000,
          "N" : 0
        },
        "bw_min" : 0,
        "bw_max" : 0,
        "bw_agg" : 0.000000,
        "bw_mean" : 0.000000,
        "bw_dev" : 0.000000,
        "bw_samples" : 0,
        "iops_min" : 0,
        "iops_max" : 0,
        "iops_mean" : 0.000000,
        "iops_stddev" : 0.000000,
        "iops_samples" : 0
      },
      "sync" : {
        "total_ios" : 0,
        "lat_ns" : {
          "min" : 0,
          "max" : 0,
          "mean" : 0.000000,
          "stddev" : 0.000000,
          "N" : 0
        }
      },
      "job_runtime" : 291063,
      "usr_cpu" : 100.000344,
      "sys_cpu" : 0.000000,
      "ctx" : 221,
      "majf" : 0,
      "minf" : 0,
      "iodepth_level" : {
        "1" : 100.000000,
        "2" : 0.000000,
        "4" : 0.000000,
        "8" : 0.000000,
        "16" : 0.000000,
        "32" : 0.000000,
        ">=64" : 0.000000
      },
      "iodepth_submit" : {
        "0" : 0.000000,
        "4" : 100.000000,
        "8" : 0.000000,
        "16" : 0.000000,
        "32" : 0.000000,
        "64" : 0.000000,
        ">=64" : 0.000000
      },
      "iodepth_complete" : {
        "0" : 0.000000,
        "4" : 100.000000,
        "8" : 0.000000,
        "16" : 0.000000,
        "32" : 0.000000,
        "64" : 0.000000,
        ">=64" : 0.000000
      },
      "latency_ns" : {
        "2" : 0.000000,
        "4" : 0.000000,
        "10" : 0.000000,
        "20" : 0.000000,
        "50" : 0.000000,
        "100" : 0.000000,
        "250" : 0.000000,
        "500" : 0.000000,
        "750" : 0.000000,
        "1000" : 0.000000
      },
      "latency_us" : {
        "2" : 0.000000,
        "4" : 0.000000,
        "10" : 0.000000,
        "20" : 0.000000,
        "50" : 0.000000,
        "100" : 0.000000,
        "250" : 0.000000,
        "500" : 0.000000,
        "750" : 0.000000,
        "1000" : 0.000000
      },
      "latency_ms" : {
        "2" : 0.000000,
        "4" : 99.862887,
        "10" : 0.136127,
        "20" : 0.010000,
        "50" : 0.000000,
        "100" : 0.000000,
        "250" : 0.000000,
        "500" : 0.000000,
        "750" : 0.000000,
        "1000" : 0.000000,
        "2000" : 0.000000,
        ">=2000" : 0.000000
      },
      "latency_depth" : 1,
      "latency_target" : 0,
      "latency_percentile" : 100.000000,
      "latency_window" : 0
    },
    {
      "jobname" : "trim",
      "groupid" : 1,
      "error" : 0,
      "eta" : 0,
      "elapsed" : 310,
      "job options" : {
        "rw" : "write",
        "iodepth" : "1",
        "size" : "12z",
        "offset" : "24z",
        "offset_increment" : "12z",
        "numjobs" : "2",
        "runtime" : "3m",
        "bs" : "16K",
        "exit_what" : "stonewall"
      },
      "read" : {
        "io_bytes" : 0,
        "io_kbytes" : 0,
        "bw_bytes" : 0,
        "bw" : 0,
        "iops" : 0.000000,
        "runtime" : 0,
        "total_ios" : 0,
        "short_ios" : 0,
        "drop_ios" : 0,
        "slat_ns" : {
          "min" : 0,
          "max" : 0,
          "mean" : 0.000000,
          "stddev" : 0.000000,
          "N" : 0
        },
        "clat_ns" : {
          "min" : 0,
          "max" : 0,
          "mean" : 0.000000,
          "stddev" : 0.000000,