{
  "fio version" : "fio-3.35",
  "timestamp" : 1694026089,
  "timestamp_ms" : 1694026089549,
  "time" : "Wed Sep  6 18:48:09 2023",
  "global options" : {
    "name" : "loaded-reset",
    "ioengine" : "io_uring_cmd",
    "size" : "814z",
    "bs" : "64K",
    "zonemode" : "zbd",
    "thread" : "1",
    "lat_percentiles" : "1",
    "filename" : "/dev/ng0n2",
    "sqthread_poll" : "1"
  },
  "jobs" : [
    {
      "jobname" : "fill-prep",
      "groupid" : 0,
      "error" : 0,
      "eta" : 0,
      "elapsed" : 897,
      "job options" : {
        "iodepth" : "1",
        "numjobs" : "1",
        "rw" : "write"
      },
      "read" : {
        "io_bytes" : 0,
        "io_kbytes" : 0,
        "bw_bytes" : 0,
        "bw" : 0,
        "iops" : 0.000000,
        "runtime" : 0,
        "total_ios" : 0,
        "short_ios" : 0,
        "drop_ios" : 0,
        "slat_ns" : {
          "min" : 0,
          "max" : 0,
          "mean" : 0.000000,
          "stddev" : 0.000000,
          "N" : 0
        },
        "clat_ns" : {
          "min" : 0,
          "max" : 0,
          "mean" : 0.000000,
          "stddev" : 0.000000,
          "N" : 0
        },
        "lat_ns" : {
          "min" : 0,
          "max" : 0,
          "mean" : 0.000000,
          "stddev" : 0.000000,
          "N" : 0
        },
        "bw_min" : 0,
        "bw_max" : 0,
        "bw_agg" : 0.000000,
        "bw_mean" : 0.000000,
        "bw_dev" : 0.000000,
        "bw_samples" : 0,
        "iops_min" : 0,
        "iops_max" : 0,
        "iops_mean" : 0.000000,
        "iops_stddev" : 0.000000,
        "iops_samples" : 0
      },
      "write" : {
        "io_bytes" : 919263510528,
        "io_kbytes" : 897718272,
        "bw_bytes" : 1226602179,
        "bw" : 1197853,
        "iops" : 18716.463915,
        "runtime" : 749439,
        "total_ios" : 14026848,
        "short_ios" : 0,
        "drop_ios" : 0,
        "slat_ns" : {
          "min" : 0,
          "max" : 0,
          "mean" : 0.000000,
          "stddev" : 0.000000,
          "N" : 0
        },
        "clat_ns" : {
          "min" : 34574,
          "max" : 4526306,
          "mean" : 51395.009994,
          "stddev" : 48693.367394,
          "N" : 14026848,
          "percentile" : {
            "1.000000" : 43264,
            "5.000000" : 43776,
            "10.000000" : 43776,
            "20.000000" : 43776,
            "30.000000" : 44288,
            "40.000000" : 44288,
            "50.000000" : 44288,
            "60.000000" : 44800,
            "70.000000" : 45824,
            "80.000000" : 47360,
            "90.000000" : 54528,
            "95.000000" : 80384,
            "99.000000" : 160768,
            "99.500000" : 195584,
            "99.900000" : 301056,
            "99.950000" : 733184,
            "99.990000" : 2473984
          }
        },
        "lat_ns" : {
          "min" : 43812,
          "max" : 4527989,
          "mean" : 52826.718526,
          "stddev" : 48694.253398,
          "N" : 14026848,
          "percentile" : {
            "1.000000" : 44800,
            "5.000000" : 44800,
            "10.000000" : 45312,
            "20.000000" : 45312,
            "30.000000" : 45312,
            "40.000000" : 45824,
            "50.000000" : 45824,
            "60.000000" : 46336,
            "70.000000" : 47360,
            "80.000000" : 48896,
            "90.000000" : 56064,
            "95.000000" : 81408,
            "99.000000" : 162816,
            "99.500000" : 197632,
            "99.900000" : 301056,
            "99.950000" : 733184,
            "99.990000" : 2473984
          }
        },
        "bw_min" : 1158656,
        "bw_max" : 1225791,
        "bw_agg" : 100.000000,
        "bw_mean" : 1198300.268358,
        "bw_dev" : 7963.167388,
        "bw_samples" : 1498,
        "iops_min" : 18104,
        "iops_max" : 19152,
        "iops_mean" : 18723.357143,
        "iops_stddev" : 124.387697,
        "iops_samples" : 1498
      },
      "ZNS Reset" : {
        "total_zone_resets" : 0,
        "io_bytes" : 0,
        "io_kbytes" : 0,
        "bw_bytes" : 0,
        "bw" : 0,
        "iops" : 0.000000,
        "runtime" : 0,
        "total_ios" : 0,
        "short_ios" : 0,
        "drop_ios" : 0,
        "slat_ns" : {
          "min" : 0,
          "max" : 0,
          "mean" : 0.000000,
          "stddev" : 0.000000,
          "N" : 0
        },
        "clat_ns" : {
          "min" : 0,
          "max" : 0,
          "mean" : 0.000000,
          "stddev" : 0.000000,
          "N" : 0
        },
        "lat_ns" : {
          "min" : 0,
          "max" : 0,
          "mean" : 0.000000,
          "stddev" : 0.000000,
          "N" : 0
        },
        "bw_min" : 0,
        "bw_max" : 0,
        "bw_agg" : 0.000000,
        "bw_mean" : 0.000000,
        "bw_dev" : 0.000000,
        "bw_samples" : 0,
        "iops_min" : 0,
        "iops_max" : 0,
        "iops_mean" : 0.000000,
        "iops_stddev" : 0.000000,
        "iops_samples" : 0
      },
      "sync" : {
        "total_ios" : 0,
        "lat_ns" : {
          "min" : 0,
          "max" : 0,
          "mean" : 0.000000,
          "stddev" : 0.000000,
          "N" : 0
        }
      },
      "job_runtime" : 749438,
      "usr_cpu" : 100.001601,
      "sys_cpu" : 0.000000,
      "ctx" : 191,
      "majf" : 0,
      "minf" : 0,
      "iodepth_level" : {
        "1" : 100.000000,
        "2" : 0.000000,
        "4" : 0.000000,
        "8" : 0.000000,
        "16" : 0.000000,
        "32" : 0.000000,
        ">=64" : 0.000000
      },
      "iodepth_submit" : {
        "0" : 0.000000,
        "4" : 100.000000,
        "8" : 0.000000,
        "16" : 0.000000,
        "32" : 0.000000,
        "64" : 0.000000,
        ">=64" : 0.000000
      },
      "iodepth_complete" : {
        "0" : 0.000000,
        "4" : 100.000000,
        "8" : 0.000000,
        "16" : 0.000000,
        "32" : 0.000000,
        "64" : 0.000000,
        ">=64" : 0.000000
      },
      "latency_ns" : {
        "2" : 0.000000,
        "4" : 0.000000,
        "10" : 0.000000,
        "20" : 0.000000,
        "50" : 0.000000,
        "100" : 0.000000,
        "250" : 0.000000,
        "500" : 0.000000,
        "750" : 0.000000,
        "1000" : 0.000000
      },
      "latency_us" : {
        "2" : 0.000000,
        "4" : 0.000000,
        "10" : 0.000000,
        "20" : 0.000000,
        "50" : 87.247007,
        "100" : 9.402597,
        "250" : 3.146801,
        "500" : 0.142662,
        "750" : 0.011535,
        "1000" : 0.010000
      },
      "latency_ms" : {
        "2" : 0.016939,
        "4" : 0.025722,
        "10" : 0.010000,
        "20" : 0.000000,
        "50" : 0.000000,
        "100" : 0.000000,
        "250" : 0.000000,
        "500" : 0.000000,
        "750" : 0.000000,
        "1000" : 0.000000,
        "2000" : 0.000000,
        ">=2000" : 0.000000
      },
      "latency_depth" : 1,
      "latency_target" : 0,
      "latency_percentile" : 100.000000,
      "latency_window" : 0
    },
    {
      "jobname" : "trim",
      "groupid" : 1,
      "error" : 0,
      "eta" : 0,
      "elapsed" : 897,
      "job options" : {
        "rw" : "write",
        "iodepth" : "1",
        "size" : "90z",
        "offset_increment" : "90z",
        "numjobs" : "1",
        "bs" : "8K",
        "exit_what" : "stonewall",
        "filename" : "/dev/ng0n3"
      },
      "read" : {
        "io_bytes" : 0,
        "io_kbytes" : 0,
        "bw_bytes" : 0,
        "bw" : 0,
        "iops" : 0.000000,
        "runtime" : 0,
        "total_ios" : 0,
        "short_ios" : 0,
        "drop_ios" : 0,
        "slat_ns" : {
          "min" : 0,
          "max" : 0,
          "mean" : 0.000000,
          "stddev" : 0.000000,
          "N" : 0
        },
        "clat_ns" : {
          "min" : 0,
          "max" : 0,
          "mean" : 0.000000,
          "stddev" : 0.000000,
          "N" : 0
        },
        "lat_ns" : {
          "min" : 0,