{
  "fio version" : "fio-3.35",
  "timestamp" : 1694034462,
  "timestamp_ms" : 1694034462305,
  "time" : "Wed Sep  6 21:07:42 2023",
  "global options" : {
    "name" : "loaded-reset",
    "ioengine" : "io_uring_cmd",
    "size" : "814z",
    "bs" : "64K",
    "zonemode" : "zbd",
    "thread" : "1",
    "lat_percentiles" : "1",
    "filename" : "/dev/ng0n2",
    "sqthread_poll" : "1"
  },
  "jobs" : [
    {
      "jobname" : "fill-prep",
      "groupid" : 0,
      "error" : 0,
      "eta" : 0,
      "elapsed" : 836,
      "job options" : {
        "iodepth" : "1",
        "numjobs" : "1",
        "rw" : "write"
      },
      "read" : {
        "io_bytes" : 0,
        "io_kbytes" : 0,
        "bw_bytes" : 0,
        "bw" : 0,
        "iops" : 0.000000,
        "runtime" : 0,
        "total_ios" : 0,
        "short_ios" : 0,
        "drop_ios" : 0,
        "slat_ns" : {
          "min" : 0,
          "max" : 0,
          "mean" : 0.000000,
          "stddev" : 0.000000,
          "N" : 0
        },
        "clat_ns" : {
          "min" : 0,
          "max" : 0,
          "mean" : 0.000000,
          "stddev" : 0.000000,
          "N" : 0
        },
        "lat_ns" : {
          "min" : 0,
          "max" : 0,
          "mean" : 0.000000,
          "stddev" : 0.000000,
          "N" : 0
        },
        "bw_min" : 0,
        "bw_max" : 0,
        "bw_agg" : 0.000000,
        "bw_mean" : 0.000000,
        "bw_dev" : 0.000000,
        "bw_samples" : 0,
        "iops_min" : 0,
        "iops_max" : 0,
        "iops_mean" : 0.000000,
        "iops_stddev" : 0.000000,
        "iops_samples" : 0
      },
      "write" : {
        "io_bytes" : 919263510528,
        "io_kbytes" : 897718272,
        "bw_bytes" : 1225885725,
        "bw" : 1197154,
        "iops" : 18705.531707,
        "runtime" : 749877,
        "total_ios" : 14026848,
        "short_ios" : 0,
        "drop_ios" : 0,
        "slat_ns" : {
          "min" : 0,
          "max" : 0,
          "mean" : 0.000000,
          "stddev" : 0.000000,
          "N" : 0
        },
        "clat_ns" : {
          "min" : 40895,
          "max" : 10371564,
          "mean" : 51350.741113,
          "stddev" : 46785.700125,
          "N" : 14026848,
          "percentile" : {
            "1.000000" : 44800,
            "5.000000" : 44800,
            "10.000000" : 44800,
            "20.000000" : 45312,
            "30.000000" : 45312,
            "40.000000" : 45824,
            "50.000000" : 45824,
            "60.000000" : 46336,
            "70.000000" : 46848,
            "80.000000" : 48384,
            "90.000000" : 52480,
            "95.000000" : 73216,
            "99.000000" : 148480,
            "99.500000" : 175104,
            "99.900000" : 272384,
            "99.950000" : 733184,
            "99.990000" : 2441216
          }
        },
        "lat_ns" : {
          "min" : 44919,
          "max" : 10373258,
          "mean" : 52767.573138,
          "stddev" : 46846.586293,
          "N" : 14026848,
          "percentile" : {
            "1.000000" : 45824,
            "5.000000" : 46336,
            "10.000000" : 46336,
            "20.000000" : 46336,
            "30.000000" : 46848,
            "40.000000" : 46848,
            "50.000000" : 47360,
            "60.000000" : 47872,
            "70.000000" : 48384,
            "80.000000" : 49920,
            "90.000000" : 54016,
            "95.000000" : 75264,
            "99.000000" : 150528,
            "99.500000" : 177152,
            "99.900000" : 272384,
            "99.950000" : 733184,
            "99.990000" : 2441216
          }
        },
        "bw_min" : 1140480,
        "bw_max" : 1223424,
        "bw_agg" : 100.000000,
        "bw_mean" : 1197631.677570,
        "bw_dev" : 8215.852926,
        "bw_samples" : 1498,
        "iops_min" : 17820,
        "iops_max" : 19114,
        "iops_mean" : 18712.909880,
        "iops_stddev" : 128.308732,
        "iops_samples" : 1498
      },
      "ZNS Reset" : {
        "total_zone_resets" : 0,
        "io_bytes" : 0,
        "io_kbytes" : 0,
        "bw_bytes" : 0,
        "bw" : 0,
        "iops" : 0.000000,
        "runtime" : 0,
        "total_ios" : 0,
        "short_ios" : 0,
        "drop_ios" : 0,
        "slat_ns" : {
          "min" : 0,
          "max" : 0,
          "mean" : 0.000000,
          "stddev" : 0.000000,
          "N" : 0
        },
        "clat_ns" : {
          "min" : 0,
          "max" : 0,
          "mean" : 0.000000,
          "stddev" : 0.000000,
          "N" : 0
        },
        "lat_ns" : {
          "min" : 0,
          "max" : 0,
          "mean" : 0.000000,
          "stddev" : 0.000000,
          "N" : 0
        },
        "bw_min" : 0,
        "bw_max" : 0,
        "bw_agg" : 0.000000,
        "bw_mean" : 0.000000,
        "bw_dev" : 0.000000,
        "bw_samples" : 0,
        "iops_min" : 0,
        "iops_max" : 0,
        "iops_mean" : 0.000000,
        "iops_stddev" : 0.000000,
        "iops_samples" : 0
      },
      "sync" : {
        "total_ios" : 0,
        "lat_ns" : {
          "min" : 0,
          "max" : 0,
          "mean" : 0.000000,
          "stddev" : 0.000000,
          "N" : 0
        }
      },
      "job_runtime" : 749877,
      "usr_cpu" : 100.000667,
      "sys_cpu" : 0.000000,
      "ctx" : 848,
      "majf" : 0,
      "minf" : 0,
      "iodepth_level" : {
        "1" : 100.000000,
        "2" : 0.000000,
        "4" : 0.000000,
        "8" : 0.000000,
        "16" : 0.000000,
        "32" : 0.000000,
        ">=64" : 0.000000
      },
      "iodepth_submit" : {
        "0" : 0.000000,
        "4" : 100.000000,
        "8" : 0.000000,
        "16" : 0.000000,
        "32" : 0.000000,
        "64" : 0.000000,
        ">=64" : 0.000000
      },
      "iodepth_complete" : {
        "0" : 0.000000,
        "4" : 100.000000,
        "8" : 0.000000,
        "16" : 0.000000,
        "32" : 0.000000,
        "64" : 0.000000,
        ">=64" : 0.000000
      },
      "latency_ns" : {
        "2" : 0.000000,
        "4" : 0.000000,
        "10" : 0.000000,
        "20" : 0.000000,
        "50" : 0.000000,
        "100" : 0.000000,
        "250" : 0.000000,
        "500" : 0.000000,
        "750" : 0.000000,
        "1000" : 0.000000
      },
      "latency_us" : {
        "2" : 0.000000,
        "4" : 0.000000,
        "10" : 0.000000,
        "20" : 0.000000,
        "50" : 85.601897,
        "100" : 11.958774,
        "250" : 2.302634,
        "500" : 0.075961,
        "750" : 0.011485,
        "1000" : 0.010000
      },
      "latency_ms" : {
        "2" : 0.017730,
        "4" : 0.025187,
        "10" : 0.010000,
        "20" : 0.010000,
        "50" : 0.000000,
        "100" : 0.000000,
        "250" : 0.000000,
        "500" : 0.000000,
        "750" : 0.000000,
        "1000" : 0.000000,
        "2000" : 0.000000,
        ">=2000" : 0.000000
      },
      "latency_depth" : 1,
      "latency_target" : 0,
      "latency_percentile" : 100.000000,
      "latency_window" : 0
    },
    {
      "jobname" : "trim",
      "groupid" : 1,
      "error" : 0,
      "eta" : 0,
      "elapsed" : 836,
      "job options" : {
        "rw" : "write",
        "iodepth" : "1",
        "size" : "30z",
        "offset_increment" : "30z",
        "numjobs" : "3",
        "bs" : "8K",
        "exit_what" : "stonewall",
        "filename" : "/dev/ng0n3"
      },
      "read" : {
        "io_bytes" : 0,
        "io_kbytes" : 0,
        "bw_bytes" : 0,
        "bw" : 0,
        "iops" : 0.000000,
        "runtime" : 0,
        "total_ios" : 0,
        "short_ios" : 0,
        "drop_ios" : 0,
        "slat_ns" : {
          "min" : 0,
          "max" : 0,
          "mean" : 0.000000,
          "stddev" : 0.000000,
          "N" : 0
        },
        "clat_ns" : {
          "min" : 0,
          "max" : 0,
          "mean" : 0.000000,
          "stddev" : 0.000000,
          "N" : 0
        },
        "lat_ns" : {
          "min" : 0,