{
  "fio version" : "fio-3.35",
  "timestamp" : 1694042013,
  "timestamp_ms" : 1694042013554,
  "time" : "Wed Sep  6 23:13:33 2023",
  "global options" : {
    "name" : "bw",
    "ioengine" : "io_uring_cmd",
    "bs" : "8K",
    "zonemode" : "zbd",
    "thread" : "1",
    "lat_percentiles" : "1",
    "iodepth" : "1",
    "size" : "18z",
    "offset_increment" : "18z",
    "runtime" : "1m",
    "filename" : "/dev/ng0n3",
    "sqthread_poll" : "1"
  },
  "jobs" : [
    {
      "jobname" : "write",
      "groupid" : 0,
      "error" : 0,
      "eta" : 0,
      "elapsed" : 61,
      "job options" : {
        "numjobs" : "5",
        "rw" : "write"
      },
      "read" : {
        "io_bytes" : 0,
        "io_kbytes" : 0,
        "bw_bytes" : 0,
        "bw" : 0,
        "iops" : 0.000000,
        "runtime" : 0,
        "total_ios" : 0,
        "short_ios" : 0,
        "drop_ios" : 0,
        "slat_ns" : {
          "min" : 0,
          "max" : 0,
          "mean" : 0.000000,
          "stddev" : 0.000000,
          "N" : 0
        },
        "clat_ns" : {
          "min" : 0,
          "max" : 0,
          "mean" : 0.000000,
          "stddev" : 0.000000,
          "N" : 0
        },
        "lat_ns" : {
          "min" : 0,
          "max" : 0,
          "mean" : 0.000000,
          "stddev" : 0.000000,
          "N" : 0
        },
        "bw_min" : 0,
        "bw_max" : 0,
        "bw_agg" : 0.000000,
        "bw_mean" : 0.000000,
        "bw_dev" : 0.000000,
        "bw_samples" : 0,
        "iops_min" : 0,
        "iops_max" : 0,
        "iops_mean" : 0.000000,
        "iops_stddev" : 0.000000,
        "iops_samples" : 0
      },
      "write" : {
        "io_bytes" : 73633923072,
        "io_kbytes" : 71908128,
        "bw_bytes" : 1227211597,
        "bw" : 1198448,
        "iops" : 149806.103232,
        "runtime" : 60001,
        "total_ios" : 8988516,
        "short_ios" : 0,
        "drop_ios" : 0,
        "slat_ns" : {
          "min" : 0,
          "max" : 0,
          "mean" : 0.000000,
          "stddev" : 0.000000,
          "N" : 0
        },
        "clat_ns" : {
          "min" : 12887,
          "max" : 3308495,
          "mean" : 32085.345178,
          "stddev" : 42780.910165,
          "N" : 8988516,
          "percentile" : {
            "1.000000" : 15296,
            "5.000000" : 16192,
            "10.000000" : 16768,
            "20.000000" : 17536,
            "30.000000" : 18560,
            "40.000000" : 19584,
            "50.000000" : 21120,
            "60.000000" : 23680,
            "70.000000" : 28800,
            "80.000000" : 40192,
            "90.000000" : 59136,
            "95.000000" : 75264,
            "99.000000" : 146432,
            "99.500000" : 199680,
            "99.900000" : 473088,
            "99.950000" : 626688,
            "99.990000" : 1925120
          }
        },
        "lat_ns" : {
          "min" : 13867,
          "max" : 3309003,
          "mean" : 32526.656317,
          "stddev" : 42781.290080,
          "N" : 8988516,
          "percentile" : {
            "1.000000" : 15680,
            "5.000000" : 16512,
            "10.000000" : 17280,
            "20.000000" : 18048,
            "30.000000" : 18816,
            "40.000000" : 20096,
            "50.000000" : 21632,
            "60.000000" : 24192,
            "70.000000" : 29056,
            "80.000000" : 40704,
            "90.000000" : 59648,
            "95.000000" : 76288,
            "99.000000" : 148480,
            "99.500000" : 199680,
            "99.900000" : 473088,
            "99.950000" : 626688,
            "99.990000" : 1925120
          }
        },
        "bw_min" : 1169600,
        "bw_max" : 1223440,
        "bw_agg" : 100.000000,
        "bw_mean" : 1199204.487395,
        "bw_dev" : 2257.445041,
        "bw_samples" : 595,
        "iops_min" : 146200,
        "iops_max" : 152932,
        "iops_mean" : 149900.462185,
        "iops_stddev" : 282.174128,
        "iops_samples" : 595
      },
      "ZNS Reset" : {
        "total_zone_resets" : 0,
        "io_bytes" : 0,
        "io_kbytes" : 0,
        "bw_bytes" : 0,
        "bw" : 0,
        "iops" : 0.000000,
        "runtime" : 0,
        "total_ios" : 0,
        "short_ios" : 0,
        "drop_ios" : 0,
        "slat_ns" : {
          "min" : 0,
          "max" : 0,
          "mean" : 0.000000,
          "stddev" : 0.000000,
          "N" : 0
        },
        "clat_ns" : {
          "min" : 0,
          "max" : 0,
          "mean" : 0.000000,
          "stddev" : 0.000000,
          "N" : 0
        },
        "lat_ns" : {
          "min" : 0,
          "max" : 0,
          "mean" : 0.000000,
          "stddev" : 0.000000,
          "N" : 0
        },
        "bw_min" : 0,
        "bw_max" : 0,
        "bw_agg" : 0.000000,
        "bw_mean" : 0.000000,
        "bw_dev" : 0.000000,
        "bw_samples" : 0,
        "iops_min" : 0,
        "iops_max" : 0,
        "iops_mean" : 0.000000,
        "iops_stddev" : 0.000000,
        "iops_samples" : 0
      },
      "sync" : {
        "total_ios" : 0,
        "lat_ns" : {
          "min" : 0,
          "max" : 0,
          "mean" : 0.000000,
          "stddev" : 0.000000,
          "N" : 0
        }
      },
      "job_runtime" : 300000,
      "usr_cpu" : 99.996333,
      "sys_cpu" : 0.001000,
      "ctx" : 117,
      "majf" : 0,
      "minf" : 0,
      "iodepth_level" : {
        "1" : 100.000000,
        "2" : 0.000000,
        "4" : 0.000000,
        "8" : 0.000000,
        "16" : 0.000000,
        "32" : 0.000000,
        ">=64" : 0.000000
      },
      "iodepth_submit" : {
        "0" : 0.000000,
        "4" : 100.000000,
        "8" : 0.000000,
        "16" : 0.000000,
        "32" : 0.000000,
        "64" : 0.000000,
        ">=64" : 0.000000
      },
      "iodepth_complete" : {
        "0" : 0.000000,
        "4" : 100.000000,
        "8" : 0.000000,
        "16" : 0.000000,
        "32" : 0.000000,
        "64" : 0.000000,
        ">=64" : 0.000000
      },
      "latency_ns" : {
        "2" : 0.000000,
        "4" : 0.000000,
        "10" : 0.000000,
        "20" : 0.000000,
        "50" : 0.000000,
        "100" : 0.000000,
        "250" : 0.000000,
        "500" : 0.000000,
        "750" : 0.000000,
        "1000" : 0.000000
      },
      "latency_us" : {
        "2" : 0.000000,
        "4" : 0.000000,
        "10" : 0.000000,
        "20" : 43.426201,
        "50" : 42.593093,
        "100" : 11.914091,
        "250" : 1.727527,
        "500" : 0.251454,
        "750" : 0.054202,
        "1000" : 0.010000
      },
      "latency_ms" : {
        "2" : 0.015386,
        "4" : 0.010000,
        "10" : 0.000000,
        "20" : 0.000000,
        "50" : 0.000000,
        "100" : 0.000000,
        "250" : 0.000000,
        "500" : 0.000000,
        "750" : 0.000000,
        "1000" : 0.000000,
        "2000" : 0.000000,
        ">=2000" : 0.000000
      },
      "latency_depth" : 1,
      "latency_target" : 0,
      "latency_percentile" : 100.000000,
      "latency_window" : 0
    }
  ]
}
