{
  "fio version" : "fio-3.35",
  "timestamp" : 1701664078,
  "timestamp_ms" : 1701664078142,
  "time" : "Mon Dec  4 04:27:58 2023",
  "global options" : {
    "ioengine" : "io_uring",
    "size" : "813z",
    "bs" : "64K",
    "direct" : "1",
    "group_reporting" : "0",
    "zonemode" : "zbd",
    "thread" : "1",
    "lat_percentiles" : "1",
    "filename" : "/dev/nvme0n2"
  },
  "jobs" : [
    {
      "jobname" : "fill-prep",
      "groupid" : 0,
      "error" : 0,
      "eta" : 0,
      "elapsed" : 821,
      "job options" : {
        "iodepth" : "1",
        "rw" : "write",
        "numjobs" : "1",
        "size" : "813z"
      },
      "read" : {
        "io_bytes" : 0,
        "io_kbytes" : 0,
        "bw_bytes" : 0,
        "bw" : 0,
        "iops" : 0.000000,
        "runtime" : 0,
        "total_ios" : 0,
        "short_ios" : 0,
        "drop_ios" : 0,
        "slat_ns" : {
          "min" : 0,
          "max" : 0,
          "mean" : 0.000000,
          "stddev" : 0.000000,
          "N" : 0
        },
        "clat_ns" : {
          "min" : 0,
          "max" : 0,
          "mean" : 0.000000,
          "stddev" : 0.000000,
          "N" : 0
        },
        "lat_ns" : {
          "min" : 0,
          "max" : 0,
          "mean" : 0.000000,
          "stddev" : 0.000000,
          "N" : 0
        },
        "bw_min" : 0,
        "bw_max" : 0,
        "bw_agg" : 0.000000,
        "bw_mean" : 0.000000,
        "bw_dev" : 0.000000,
        "bw_samples" : 0,
        "iops_min" : 0,
        "iops_max" : 0,
        "iops_mean" : 0.000000,
        "iops_stddev" : 0.000000,
        "iops_samples" : 0
      },
      "finish" : {
        "total_zone_resets" : 0,
        "io_bytes" : 918134194176,
        "io_kbytes" : 896615424,
        "bw_bytes" : 1158856502,
        "bw" : 1131695,
        "iops" : 17682.746922,
        "runtime" : 792276,
        "total_ios" : 14009616,
        "short_ios" : 0,
        "drop_ios" : 0,
        "slat_ns" : {
          "min" : 4718,
          "max" : 6317355,
          "mean" : 6012.005259,
          "stddev" : 3049.441960,
          "N" : 14009616
        },
        "clat_ns" : {
          "min" : 350,
          "max" : 9919656,
          "mean" : 49586.507526,
          "stddev" : 16619.373413,
          "N" : 14009616,
          "percentile" : {
            "1.000000" : 44800,
            "5.000000" : 46336,
            "10.000000" : 46848,
            "20.000000" : 47360,
            "30.000000" : 47872,
            "40.000000" : 48384,
            "50.000000" : 48384,
            "60.000000" : 48896,
            "70.000000" : 49408,
            "80.000000" : 49920,
            "90.000000" : 51456,
            "95.000000" : 53504,
            "99.000000" : 72192,
            "99.500000" : 75264,
            "99.900000" : 107008,
            "99.950000" : 160768,
            "99.990000" : 847872
          }
        },
        "lat_ns" : {
          "min" : 48489,
          "max" : 9927193,
          "mean" : 55598.512785,
          "stddev" : 16945.208531,
          "N" : 14009616,
          "percentile" : {
            "1.000000" : 50432,
            "5.000000" : 51968,
            "10.000000" : 52480,
            "20.000000" : 52992,
            "30.000000" : 53504,
            "40.000000" : 54016,
            "50.000000" : 54528,
            "60.000000" : 55040,
            "70.000000" : 55552,
            "80.000000" : 56064,
            "90.000000" : 58112,
            "95.000000" : 60160,
            "99.000000" : 77312,
            "99.500000" : 82432,
            "99.900000" : 114176,
            "99.950000" : 166912,
            "99.990000" : 856064
          }
        },
        "bw_min" : 1034132,
        "bw_max" : 1179392,
        "bw_agg" : 100.000000,
        "bw_mean" : 1132537.643714,
        "bw_dev" : 23422.810015,
        "bw_samples" : 1583,
        "iops_min" : 16158,
        "iops_max" : 18428,
        "iops_mean" : 17695.701200,
        "iops_stddev" : 365.971870,
        "iops_samples" : 1583
      },
      "ZNS Reset" : {
        "total_zone_resets" : 0,
        "io_bytes" : 0,
        "io_kbytes" : 0,
        "bw_bytes" : 0,
        "bw" : 0,
        "iops" : 0.000000,
        "runtime" : 0,
        "total_ios" : 0,
        "short_ios" : 0,
        "drop_ios" : 0,
        "slat_ns" : {
          "min" : 0,
          "max" : 0,
          "mean" : 0.000000,
          "stddev" : 0.000000,
          "N" : 0
        },
        "clat_ns" : {
          "min" : 0,
          "max" : 0,
          "mean" : 0.000000,
          "stddev" : 0.000000,
          "N" : 0
        },
        "lat_ns" : {
          "min" : 0,
          "max" : 0,
          "mean" : 0.000000,
          "stddev" : 0.000000,
          "N" : 0
        },
        "bw_min" : 0,
        "bw_max" : 0,
        "bw_agg" : 0.000000,
        "bw_mean" : 0.000000,
        "bw_dev" : 0.000000,
        "bw_samples" : 0,
        "iops_min" : 0,
        "iops_max" : 0,
        "iops_mean" : 0.000000,
        "iops_stddev" : 0.000000,
        "iops_samples" : 0
      },
      "sync" : {
        "total_ios" : 0,
        "lat_ns" : {
          "min" : 0,
          "max" : 0,
          "mean" : 0.000000,
          "stddev" : 0.000000,
          "N" : 0
        }
      },
      "job_runtime" : 792275,
      "usr_cpu" : 7.868606,
      "sys_cpu" : 16.141113,
      "ctx" : 14009876,
      "majf" : 0,
      "minf" : 0,
      "iodepth_level" : {
        "1" : 100.000000,
        "2" : 0.000000,
        "4" : 0.000000,
        "8" : 0.000000,
        "16" : 0.000000,
        "32" : 0.000000,
        ">=64" : 0.000000
      },
      "iodepth_submit" : {
        "0" : 0.000000,
        "4" : 100.000000,
        "8" : 0.000000,
        "16" : 0.000000,
        "32" : 0.000000,
        "64" : 0.000000,
        ">=64" : 0.000000
      },
      "iodepth_complete" : {
        "0" : 0.000000,
        "4" : 100.000000,
        "8" : 0.000000,
        "16" : 0.000000,
        "32" : 0.000000,
        "64" : 0.000000,
        ">=64" : 0.000000
      },
      "latency_ns" : {
        "2" : 0.000000,
        "4" : 0.000000,
        "10" : 0.000000,
        "20" : 0.000000,
        "50" : 0.000000,
        "100" : 0.000000,
        "250" : 0.000000,
        "500" : 0.010000,
        "750" : 0.010000,
        "1000" : 0.010000
      },
      "latency_us" : {
        "2" : 0.010000,
        "4" : 0.000000,
        "10" : 0.010000,
        "20" : 0.010000,
        "50" : 80.160784,
        "100" : 19.723902,
        "250" : 0.075013,
        "500" : 0.010000,
        "750" : 0.010314,
        "1000" : 0.020357
      },
      "latency_ms" : {
        "2" : 0.010000,
        "4" : 0.010000,
        "10" : 0.010000,
        "20" : 0.000000,
        "50" : 0.000000,
        "100" : 0.000000,
        "250" : 0.000000,
        "500" : 0.000000,
        "750" : 0.000000,
        "1000" : 0.000000,
        "2000" : 0.000000,
        ">=2000" : 0.000000
      },
      "latency_depth" : 1,
      "latency_target" : 0,
      "latency_percentile" : 100.000000,
      "latency_window" : 0
    },
    {
      "jobname" : "trim",
      "groupid" : 1,
      "error" : 0,
      "eta" : 0,
      "elapsed" : 821,
      "job options" : {
        "rw" : "randtrim",
        "iodepth" : "1",
        "numjobs" : "1",
        "bs" : "2147483648",
        "rate" : ",,62042991939.50",
        "size" : "813z"
      },
      "read" : {
        "io_bytes" : 0,
        "io_kbytes" : 0,
        "bw_bytes" : 0,
        "bw" : 0,
        "iops" : 0.000000,
        "runtime" : 0,
        "total_ios" : 0,
        "short_ios" : 0,
        "drop_ios" : 0,
        "slat_ns" : {
          "min" : 0,
          "max" : 0,
          "mean" : 0.000000,
          "stddev" : 0.000000,
          "N" : 0
        },
        "clat_ns" : {
          "min" : 0,
          "max" : 0,
          "mean" : 0.000000,
          "stddev" : 0.000000,
          "N" : 0
        },
        "lat_ns" : {
          "min" : 0,