{
  "fio version" : "fio-3.35",
  "timestamp" : 1701664138,
  "timestamp_ms" : 1701664138480,
  "time" : "Mon Dec  4 04:28:58 2023",
  "global options" : {
    "ioengine" : "io_uring",
    "direct" : "1",
    "size" : "813z",
    "bs" : "8K",
    "group_reporting" : "0",
    "zonemode" : "zbd",
    "thread" : "1",
    "lat_percentiles" : "1",
    "iodepth" : "1",
    "runtime" : "1m",
    "filename" : "/dev/nvme0n2"
  },
  "jobs" : [
    {
      "jobname" : "write",
      "groupid" : 0,
      "error" : 0,
      "eta" : 0,
      "elapsed" : 61,
      "job options" : {
        "numjobs" : "1",
        "rw" : "write"
      },
      "read" : {
        "io_bytes" : 0,
        "io_kbytes" : 0,
        "bw_bytes" : 0,
        "bw" : 0,
        "iops" : 0.000000,
        "runtime" : 0,
        "total_ios" : 0,
        "short_ios" : 0,
        "drop_ios" : 0,
        "slat_ns" : {
          "min" : 0,
          "max" : 0,
          "mean" : 0.000000,
          "stddev" : 0.000000,
          "N" : 0
        },
        "clat_ns" : {
          "min" : 0,
          "max" : 0,
          "mean" : 0.000000,
          "stddev" : 0.000000,
          "N" : 0
        },
        "lat_ns" : {
          "min" : 0,
          "max" : 0,
          "mean" : 0.000000,
          "stddev" : 0.000000,
          "N" : 0
        },
        "bw_min" : 0,
        "bw_max" : 0,
        "bw_agg" : 0.000000,
        "bw_mean" : 0.000000,
        "bw_dev" : 0.000000,
        "bw_samples" : 0,
        "iops_min" : 0,
        "iops_max" : 0,
        "iops_mean" : 0.000000,
        "iops_stddev" : 0.000000,
        "iops_samples" : 0
      },
      "finish" : {
        "total_zone_resets" : 0,
        "io_bytes" : 18299707392,
        "io_kbytes" : 17870808,
        "bw_bytes" : 304990040,
        "bw" : 297841,
        "iops" : 37230.229496,
        "runtime" : 60001,
        "total_ios" : 2233851,
        "short_ios" : 0,
        "drop_ios" : 0,
        "slat_ns" : {
          "min" : 6413,
          "max" : 20150695,
          "mean" : 7727.126495,
          "stddev" : 13558.746675,
          "N" : 2233851
        },
        "clat_ns" : {
          "min" : 718,
          "max" : 2042159,
          "mean" : 18191.120795,
          "stddev" : 2861.503433,
          "N" : 2233851,
          "percentile" : {
            "1.000000" : 14912,
            "5.000000" : 15296,
            "10.000000" : 15680,
            "20.000000" : 17280,
            "30.000000" : 17536,
            "40.000000" : 18048,
            "50.000000" : 18560,
            "60.000000" : 18816,
            "70.000000" : 19072,
            "80.000000" : 19072,
            "90.000000" : 19584,
            "95.000000" : 19840,
            "99.000000" : 21632,
            "99.500000" : 22656,
            "99.900000" : 29056,
            "99.950000" : 39680,
            "99.990000" : 58624
          }
        },
        "lat_ns" : {
          "min" : 18673,
          "max" : 20176222,
          "mean" : 25918.247291,
          "stddev" : 13893.133683,
          "N" : 2233851,
          "percentile" : {
            "1.000000" : 22400,
            "5.000000" : 22912,
            "10.000000" : 23168,
            "20.000000" : 24960,
            "30.000000" : 25216,
            "40.000000" : 25728,
            "50.000000" : 26240,
            "60.000000" : 26496,
            "70.000000" : 26752,
            "80.000000" : 27008,
            "90.000000" : 27264,
            "95.000000" : 27520,
            "99.000000" : 30080,
            "99.500000" : 32640,
            "99.900000" : 39680,
            "99.950000" : 49920,
            "99.990000" : 71168
          }
        },
        "bw_min" : 279760,
        "bw_max" : 314672,
        "bw_agg" : 100.000000,
        "bw_mean" : 298124.361345,
        "bw_dev" : 5701.571127,
        "bw_samples" : 119,
        "iops_min" : 34970,
        "iops_max" : 39334,
        "iops_mean" : 37265.495798,
        "iops_stddev" : 712.697667,
        "iops_samples" : 119
      },
      "ZNS Reset" : {
        "total_zone_resets" : 0,
        "io_bytes" : 0,
        "io_kbytes" : 0,
        "bw_bytes" : 0,
        "bw" : 0,
        "iops" : 0.000000,
        "runtime" : 0,
        "total_ios" : 0,
        "short_ios" : 0,
        "drop_ios" : 0,
        "slat_ns" : {
          "min" : 0,
          "max" : 0,
          "mean" : 0.000000,
          "stddev" : 0.000000,
          "N" : 0
        },
        "clat_ns" : {
          "min" : 0,
          "max" : 0,
          "mean" : 0.000000,
          "stddev" : 0.000000,
          "N" : 0
        },
        "lat_ns" : {
          "min" : 0,
          "max" : 0,
          "mean" : 0.000000,
          "stddev" : 0.000000,
          "N" : 0
        },
        "bw_min" : 0,
        "bw_max" : 0,
        "bw_agg" : 0.000000,
        "bw_mean" : 0.000000,
        "bw_dev" : 0.000000,
        "bw_samples" : 0,
        "iops_min" : 0,
        "iops_max" : 0,
        "iops_mean" : 0.000000,
        "iops_stddev" : 0.000000,
        "iops_samples" : 0
      },
      "sync" : {
        "total_ios" : 0,
        "lat_ns" : {
          "min" : 0,
          "max" : 0,
          "mean" : 0.000000,
          "stddev" : 0.000000,
          "N" : 0
        }
      },
      "job_runtime" : 60000,
      "usr_cpu" : 10.713333,
      "sys_cpu" : 31.793333,
      "ctx" : 4466929,
      "majf" : 0,
      "minf" : 0,
      "iodepth_level" : {
        "1" : 100.000000,
        "2" : 0.000000,
        "4" : 0.000000,
        "8" : 0.000000,
        "16" : 0.000000,
        "32" : 0.000000,
        ">=64" : 0.000000
      },
      "iodepth_submit" : {
        "0" : 0.000000,
        "4" : 100.000000,
        "8" : 0.000000,
        "16" : 0.000000,
        "32" : 0.000000,
        "64" : 0.000000,
        ">=64" : 0.000000
      },
      "iodepth_complete" : {
        "0" : 0.000000,
        "4" : 100.000000,
        "8" : 0.000000,
        "16" : 0.000000,
        "32" : 0.000000,
        "64" : 0.000000,
        ">=64" : 0.000000
      },
      "latency_ns" : {
        "2" : 0.000000,
        "4" : 0.000000,
        "10" : 0.000000,
        "20" : 0.000000,
        "50" : 0.000000,
        "100" : 0.000000,
        "250" : 0.000000,
        "500" : 0.000000,
        "750" : 0.010000,
        "1000" : 0.024084
      },
      "latency_us" : {
        "2" : 0.010000,
        "4" : 0.010000,
        "10" : 0.015355,
        "20" : 96.770152,
        "50" : 3.164446,
        "100" : 0.020816,
        "250" : 0.010000,
        "500" : 0.010000,
        "750" : 0.010000,
        "1000" : 0.010000
      },
      "latency_ms" : {
        "2" : 0.010000,
        "4" : 0.010000,
        "10" : 0.000000,
        "20" : 0.000000,
        "50" : 0.000000,
        "100" : 0.000000,
        "250" : 0.000000,
        "500" : 0.000000,
        "750" : 0.000000,
        "1000" : 0.000000,
        "2000" : 0.000000,
        ">=2000" : 0.000000
      },
      "latency_depth" : 1,
      "latency_target" : 0,
      "latency_percentile" : 100.000000,
      "latency_window" : 0
    }
  ],
  "disk_util" : [
    {
      "name" : "nvme0n2",
      "read_ios" : 45,
      "write_ios" : 2229972,
      "read_sectors" : 2064,
      "write_sectors" : 35679552,
      "read_merges" : 0,
      "write_merges" : 0,
      "read_ticks" : 1,
      "write_ticks" : 41267,
      "in_queue" : 41268,
      "util" : 99.921582
    }
  ]
}
