{
  "fio version" : "fio-3.35",
  "timestamp" : 1693496088,
  "timestamp_ms" : 1693496088931,
  "time" : "Thu Aug 31 15:34:48 2023",
  "global options" : {
    "name" : "bw",
    "ioengine" : "io_uring_cmd",
    "size" : "813z",
    "bs" : "4K",
    "zonemode" : "zbd",
    "thread" : "1",
    "lat_percentiles" : "1",
    "iodepth" : "1",
    "size" : "101z",
    "offset_increment" : "101z",
    "runtime" : "1m",
    "filename" : "/dev/ng0n2",
    "sqthread_poll" : "1"
  },
  "jobs" : [
    {
      "jobname" : "write",
      "groupid" : 0,
      "error" : 0,
      "eta" : 0,
      "elapsed" : 61,
      "job options" : {
        "numjobs" : "8",
        "rw" : "write"
      },
      "read" : {
        "io_bytes" : 0,
        "io_kbytes" : 0,
        "bw_bytes" : 0,
        "bw" : 0,
        "iops" : 0.000000,
        "runtime" : 0,
        "total_ios" : 0,
        "short_ios" : 0,
        "drop_ios" : 0,
        "slat_ns" : {
          "min" : 0,
          "max" : 0,
          "mean" : 0.000000,
          "stddev" : 0.000000,
          "N" : 0
        },
        "clat_ns" : {
          "min" : 0,
          "max" : 0,
          "mean" : 0.000000,
          "stddev" : 0.000000,
          "N" : 0
        },
        "lat_ns" : {
          "min" : 0,
          "max" : 0,
          "mean" : 0.000000,
          "stddev" : 0.000000,
          "N" : 0
        },
        "bw_min" : 0,
        "bw_max" : 0,
        "bw_agg" : 0.000000,
        "bw_mean" : 0.000000,
        "bw_dev" : 0.000000,
        "bw_samples" : 0,
        "iops_min" : 0,
        "iops_max" : 0,
        "iops_mean" : 0.000000,
        "iops_stddev" : 0.000000,
        "iops_samples" : 0
      },
      "write" : {
        "io_bytes" : 46387290112,
        "io_kbytes" : 45300088,
        "bw_bytes" : 773108616,
        "bw" : 754988,
        "iops" : 188747.220880,
        "runtime" : 60001,
        "total_ios" : 11325022,
        "short_ios" : 0,
        "drop_ios" : 0,
        "slat_ns" : {
          "min" : 0,
          "max" : 0,
          "mean" : 0.000000,
          "stddev" : 0.000000,
          "N" : 0
        },
        "clat_ns" : {
          "min" : 14306,
          "max" : 59506895,
          "mean" : 41186.647193,
          "stddev" : 43689.955541,
          "N" : 11325022,
          "percentile" : {
            "1.000000" : 25984,
            "5.000000" : 29568,
            "10.000000" : 31616,
            "20.000000" : 34560,
            "30.000000" : 36608,
            "40.000000" : 38656,
            "50.000000" : 40704,
            "60.000000" : 42752,
            "70.000000" : 44800,
            "80.000000" : 47360,
            "90.000000" : 50944,
            "95.000000" : 54016,
            "99.000000" : 60160,
            "99.500000" : 62720,
            "99.900000" : 73216,
            "99.950000" : 82432,
            "99.990000" : 120320
          }
        },
        "lat_ns" : {
          "min" : 14547,
          "max" : 59507081,
          "mean" : 41536.480856,
          "stddev" : 43696.070671,
          "N" : 11325022,
          "percentile" : {
            "1.000000" : 26240,
            "5.000000" : 29824,
            "10.000000" : 31872,
            "20.000000" : 35072,
            "30.000000" : 37120,
            "40.000000" : 39168,
            "50.000000" : 41216,
            "60.000000" : 43264,
            "70.000000" : 45312,
            "80.000000" : 47872,
            "90.000000" : 51456,
            "95.000000" : 54016,
            "99.000000" : 60160,
            "99.500000" : 62720,
            "99.900000" : 73216,
            "99.950000" : 82432,
            "99.990000" : 120320
          }
        },
        "bw_min" : 674328,
        "bw_max" : 764424,
        "bw_agg" : 100.000000,
        "bw_mean" : 755403.739496,
        "bw_dev" : 1083.630153,
        "bw_samples" : 952,
        "iops_min" : 168582,
        "iops_max" : 191106,
        "iops_mean" : 188850.890756,
        "iops_stddev" : 270.906872,
        "iops_samples" : 952
      },
      "ZNS Reset" : {
        "total_zone_resets" : 0,
        "io_bytes" : 0,
        "io_kbytes" : 0,
        "bw_bytes" : 0,
        "bw" : 0,
        "iops" : 0.000000,
        "runtime" : 0,
        "total_ios" : 0,
        "short_ios" : 0,
        "drop_ios" : 0,
        "slat_ns" : {
          "min" : 0,
          "max" : 0,
          "mean" : 0.000000,
          "stddev" : 0.000000,
          "N" : 0
        },
        "clat_ns" : {
          "min" : 0,
          "max" : 0,
          "mean" : 0.000000,
          "stddev" : 0.000000,
          "N" : 0
        },
        "lat_ns" : {
          "min" : 0,
          "max" : 0,
          "mean" : 0.000000,
          "stddev" : 0.000000,
          "N" : 0
        },
        "bw_min" : 0,
        "bw_max" : 0,
        "bw_agg" : 0.000000,
        "bw_mean" : 0.000000,
        "bw_dev" : 0.000000,
        "bw_samples" : 0,
        "iops_min" : 0,
        "iops_max" : 0,
        "iops_mean" : 0.000000,
        "iops_stddev" : 0.000000,
        "iops_samples" : 0
      },
      "sync" : {
        "total_ios" : 0,
        "lat_ns" : {
          "min" : 0,
          "max" : 0,
          "mean" : 0.000000,
          "stddev" : 0.000000,
          "N" : 0
        }
      },
      "job_runtime" : 480000,
      "usr_cpu" : 99.991458,
      "sys_cpu" : 0.001667,
      "ctx" : 627,
      "majf" : 0,
      "minf" : 0,
      "iodepth_level" : {
        "1" : 100.000000,
        "2" : 0.000000,
        "4" : 0.000000,
        "8" : 0.000000,
        "16" : 0.000000,
        "32" : 0.000000,
        ">=64" : 0.000000
      },
      "iodepth_submit" : {
        "0" : 0.000000,
        "4" : 100.000000,
        "8" : 0.000000,
        "16" : 0.000000,
        "32" : 0.000000,
        "64" : 0.000000,
        ">=64" : 0.000000
      },
      "iodepth_complete" : {
        "0" : 0.000000,
        "4" : 100.000000,
        "8" : 0.000000,
        "16" : 0.000000,
        "32" : 0.000000,
        "64" : 0.000000,
        ">=64" : 0.000000
      },
      "latency_ns" : {
        "2" : 0.000000,
        "4" : 0.000000,
        "10" : 0.000000,
        "20" : 0.000000,
        "50" : 0.000000,
        "100" : 0.000000,
        "250" : 0.000000,
        "500" : 0.000000,
        "750" : 0.000000,
        "1000" : 0.000000
      },
      "latency_us" : {
        "2" : 0.000000,
        "4" : 0.000000,
        "10" : 0.000000,
        "20" : 0.014252,
        "50" : 87.806169,
        "100" : 12.162219,
        "250" : 0.013607,
        "500" : 0.010000,
        "750" : 0.010000,
        "1000" : 0.010000
      },
      "latency_ms" : {
        "2" : 0.010000,
        "4" : 0.010000,
        "10" : 0.010000,
        "20" : 0.010000,
        "50" : 0.010000,
        "100" : 0.010000,
        "250" : 0.000000,
        "500" : 0.000000,
        "750" : 0.000000,
        "1000" : 0.000000,
        "2000" : 0.000000,
        ">=2000" : 0.000000
      },
      "latency_depth" : 1,
      "latency_target" : 0,
      "latency_percentile" : 100.000000,
      "latency_window" : 0
    }
  ]
}
