{
  "fio version" : "fio-3.35",
  "timestamp" : 1693503867,
  "timestamp_ms" : 1693503867929,
  "time" : "Thu Aug 31 17:44:27 2023",
  "global options" : {
    "name" : "loaded-reset",
    "ioengine" : "io_uring_cmd",
    "size" : "813z",
    "bs" : "64K",
    "zonemode" : "zbd",
    "thread" : "1",
    "lat_percentiles" : "1",
    "filename" : "/dev/ng0n2",
    "sqthread_poll" : "1"
  },
  "jobs" : [
    {
      "jobname" : "fill-prep",
      "groupid" : 0,
      "error" : 0,
      "eta" : 0,
      "elapsed" : 855,
      "job options" : {
        "iodepth" : "1",
        "rw" : "write",
        "size" : "203z",
        "numjobs" : "4",
        "offset_increment" : "203z"
      },
      "read" : {
        "io_bytes" : 0,
        "io_kbytes" : 0,
        "bw_bytes" : 0,
        "bw" : 0,
        "iops" : 0.000000,
        "runtime" : 0,
        "total_ios" : 0,
        "short_ios" : 0,
        "drop_ios" : 0,
        "slat_ns" : {
          "min" : 0,
          "max" : 0,
          "mean" : 0.000000,
          "stddev" : 0.000000,
          "N" : 0
        },
        "clat_ns" : {
          "min" : 0,
          "max" : 0,
          "mean" : 0.000000,
          "stddev" : 0.000000,
          "N" : 0
        },
        "lat_ns" : {
          "min" : 0,
          "max" : 0,
          "mean" : 0.000000,
          "stddev" : 0.000000,
          "N" : 0
        },
        "bw_min" : 0,
        "bw_max" : 0,
        "bw_agg" : 0.000000,
        "bw_mean" : 0.000000,
        "bw_dev" : 0.000000,
        "bw_samples" : 0,
        "iops_min" : 0,
        "iops_max" : 0,
        "iops_mean" : 0.000000,
        "iops_stddev" : 0.000000,
        "iops_samples" : 0
      },
      "write" : {
        "io_bytes" : 908527009792,
        "io_kbytes" : 887233408,
        "bw_bytes" : 1228059493,
        "bw" : 1199276,
        "iops" : 18738.700769,
        "runtime" : 739807,
        "total_ios" : 13863022,
        "short_ios" : 0,
        "drop_ios" : 0,
        "slat_ns" : {
          "min" : 0,
          "max" : 0,
          "mean" : 0.000000,
          "stddev" : 0.000000,
          "N" : 0
        },
        "clat_ns" : {
          "min" : 43839,
          "max" : 18897636,
          "mean" : 211318.810479,
          "stddev" : 166376.845763,
          "N" : 13863022,
          "percentile" : {
            "1.000000" : 55552,
            "5.000000" : 72192,
            "10.000000" : 83456,
            "20.000000" : 104960,
            "30.000000" : 125440,
            "40.000000" : 146432,
            "50.000000" : 168960,
            "60.000000" : 197632,
            "70.000000" : 232448,
            "80.000000" : 284672,
            "90.000000" : 374784,
            "95.000000" : 485376,
            "99.000000" : 798720,
            "99.500000" : 946176,
            "99.900000" : 2113536,
            "99.950000" : 2703360,
            "99.990000" : 3063808
          }
        },
        "lat_ns" : {
          "min" : 44660,
          "max" : 18898884,
          "mean" : 212662.571142,
          "stddev" : 166442.589913,
          "N" : 13863022,
          "percentile" : {
            "1.000000" : 57088,
            "5.000000" : 73216,
            "10.000000" : 84480,
            "20.000000" : 105984,
            "30.000000" : 126464,
            "40.000000" : 148480,
            "50.000000" : 168960,
            "60.000000" : 197632,
            "70.000000" : 234496,
            "80.000000" : 284672,
            "90.000000" : 378880,
            "95.000000" : 485376,
            "99.000000" : 798720,
            "99.500000" : 954368,
            "99.900000" : 2113536,
            "99.950000" : 2703360,
            "99.990000" : 3063808
          }
        },
        "bw_min" : 1149504,
        "bw_max" : 1239784,
        "bw_agg" : 100.000000,
        "bw_mean" : 1199740.371197,
        "bw_dev" : 3217.489621,
        "bw_samples" : 5916,
        "iops_min" : 17961,
        "iops_max" : 19371,
        "iops_mean" : 18745.665991,
        "iops_stddev" : 50.254542,
        "iops_samples" : 5916
      },
      "ZNS Reset" : {
        "total_zone_resets" : 0,
        "io_bytes" : 0,
        "io_kbytes" : 0,
        "bw_bytes" : 0,
        "bw" : 0,
        "iops" : 0.000000,
        "runtime" : 0,
        "total_ios" : 0,
        "short_ios" : 0,
        "drop_ios" : 0,
        "slat_ns" : {
          "min" : 0,
          "max" : 0,
          "mean" : 0.000000,
          "stddev" : 0.000000,
          "N" : 0
        },
        "clat_ns" : {
          "min" : 0,
          "max" : 0,
          "mean" : 0.000000,
          "stddev" : 0.000000,
          "N" : 0
        },
        "lat_ns" : {
          "min" : 0,
          "max" : 0,
          "mean" : 0.000000,
          "stddev" : 0.000000,
          "N" : 0
        },
        "bw_min" : 0,
        "bw_max" : 0,
        "bw_agg" : 0.000000,
        "bw_mean" : 0.000000,
        "bw_dev" : 0.000000,
        "bw_samples" : 0,
        "iops_min" : 0,
        "iops_max" : 0,
        "iops_mean" : 0.000000,
        "iops_stddev" : 0.000000,
        "iops_samples" : 0
      },
      "sync" : {
        "total_ios" : 0,
        "lat_ns" : {
          "min" : 0,
          "max" : 0,
          "mean" : 0.000000,
          "stddev" : 0.000000,
          "N" : 0
        }
      },
      "job_runtime" : 2959224,
      "usr_cpu" : 100.000608,
      "sys_cpu" : 0.000000,
      "ctx" : 1544,
      "majf" : 0,
      "minf" : 0,
      "iodepth_level" : {
        "1" : 100.000000,
        "2" : 0.000000,
        "4" : 0.000000,
        "8" : 0.000000,
        "16" : 0.000000,
        "32" : 0.000000,
        ">=64" : 0.000000
      },
      "iodepth_submit" : {
        "0" : 0.000000,
        "4" : 100.000000,
        "8" : 0.000000,
        "16" : 0.000000,
        "32" : 0.000000,
        "64" : 0.000000,
        ">=64" : 0.000000
      },
      "iodepth_complete" : {
        "0" : 0.000000,
        "4" : 100.000000,
        "8" : 0.000000,
        "16" : 0.000000,
        "32" : 0.000000,
        "64" : 0.000000,
        ">=64" : 0.000000
      },
      "latency_ns" : {
        "2" : 0.000000,
        "4" : 0.000000,
        "10" : 0.000000,
        "20" : 0.000000,
        "50" : 0.000000,
        "100" : 0.000000,
        "250" : 0.000000,
        "500" : 0.000000,
        "750" : 0.000000,
        "1000" : 0.000000
      },
      "latency_us" : {
        "2" : 0.000000,
        "4" : 0.000000,
        "10" : 0.000000,
        "20" : 0.000000,
        "50" : 0.356243,
        "100" : 17.471378,
        "250" : 56.284387,
        "500" : 21.319464,
        "750" : 3.328423,
        "1000" : 0.834623
      },
      "latency_ms" : {
        "2" : 0.302250,
        "4" : 0.102943,
        "10" : 0.010000,
        "20" : 0.010000,
        "50" : 0.000000,
        "100" : 0.000000,
        "250" : 0.000000,
        "500" : 0.000000,
        "750" : 0.000000,
        "1000" : 0.000000,
        "2000" : 0.000000,
        ">=2000" : 0.000000
      },
      "latency_depth" : 1,
      "latency_target" : 0,
      "latency_percentile" : 100.000000,
      "latency_window" : 0
    },
    {
      "jobname" : "trim",
      "groupid" : 1,
      "error" : 0,
      "eta" : 0,
      "elapsed" : 855,
      "job options" : {
        "rw" : "write",
        "iodepth" : "1",
        "size" : "45z",
        "offset" : "813z",
        "offset_increment" : "45z",
        "numjobs" : "2",
        "bs" : "8K",
        "exit_what" : "stonewall"
      },
      "read" : {
        "io_bytes" : 0,
        "io_kbytes" : 0,
        "bw_bytes" : 0,
        "bw" : 0,
        "iops" : 0.000000,
        "runtime" : 0,
        "total_ios" : 0,
        "short_ios" : 0,
        "drop_ios" : 0,
        "slat_ns" : {
          "min" : 0,
          "max" : 0,
          "mean" : 0.000000,
          "stddev" : 0.000000,
          "N" : 0
        },
        "clat_ns" : {
          "min" : 0,
          "max" : 0,
          "mean" : 0.000000,
          "stddev" : 0.000000,