{
  "fio version" : "fio-3.35",
  "timestamp" : 1693496273,
  "timestamp_ms" : 1693496273379,
  "time" : "Thu Aug 31 15:37:53 2023",
  "global options" : {
    "name" : "bw",
    "ioengine" : "io_uring_cmd",
    "size" : "813z",
    "bs" : "4K",
    "zonemode" : "zbd",
    "thread" : "1",
    "lat_percentiles" : "1",
    "iodepth" : "1",
    "size" : "58z",
    "offset_increment" : "58z",
    "runtime" : "1m",
    "filename" : "/dev/ng0n2",
    "sqthread_poll" : "1"
  },
  "jobs" : [
    {
      "jobname" : "write",
      "groupid" : 0,
      "error" : 0,
      "eta" : 0,
      "elapsed" : 61,
      "job options" : {
        "numjobs" : "14",
        "rw" : "write"
      },
      "read" : {
        "io_bytes" : 0,
        "io_kbytes" : 0,
        "bw_bytes" : 0,
        "bw" : 0,
        "iops" : 0.000000,
        "runtime" : 0,
        "total_ios" : 0,
        "short_ios" : 0,
        "drop_ios" : 0,
        "slat_ns" : {
          "min" : 0,
          "max" : 0,
          "mean" : 0.000000,
          "stddev" : 0.000000,
          "N" : 0
        },
        "clat_ns" : {
          "min" : 0,
          "max" : 0,
          "mean" : 0.000000,
          "stddev" : 0.000000,
          "N" : 0
        },
        "lat_ns" : {
          "min" : 0,
          "max" : 0,
          "mean" : 0.000000,
          "stddev" : 0.000000,
          "N" : 0
        },
        "bw_min" : 0,
        "bw_max" : 0,
        "bw_agg" : 0.000000,
        "bw_mean" : 0.000000,
        "bw_dev" : 0.000000,
        "bw_samples" : 0,
        "iops_min" : 0,
        "iops_max" : 0,
        "iops_mean" : 0.000000,
        "iops_stddev" : 0.000000,
        "iops_samples" : 0
      },
      "write" : {
        "io_bytes" : 43628863488,
        "io_kbytes" : 42606312,
        "bw_bytes" : 726929645,
        "bw" : 709892,
        "iops" : 177473.058083,
        "runtime" : 60018,
        "total_ios" : 10651578,
        "short_ios" : 0,
        "drop_ios" : 0,
        "slat_ns" : {
          "min" : 0,
          "max" : 0,
          "mean" : 0.000000,
          "stddev" : 0.000000,
          "N" : 0
        },
        "clat_ns" : {
          "min" : 230,
          "max" : 247999342,
          "mean" : 76376.321053,
          "stddev" : 1013860.629799,
          "N" : 10651578,
          "percentile" : {
            "1.000000" : 17536,
            "5.000000" : 19584,
            "10.000000" : 21120,
            "20.000000" : 22912,
            "30.000000" : 24448,
            "40.000000" : 25728,
            "50.000000" : 27008,
            "60.000000" : 28288,
            "70.000000" : 30080,
            "80.000000" : 32128,
            "90.000000" : 35584,
            "95.000000" : 38656,
            "99.000000" : 47360,
            "99.500000" : 53504,
            "99.900000" : 16056320,
            "99.950000" : 23986176,
            "99.990000" : 32112640
          }
        },
        "lat_ns" : {
          "min" : 14137,
          "max" : 247999672,
          "mean" : 77056.929038,
          "stddev" : 1016984.861581,
          "N" : 10651578,
          "percentile" : {
            "1.000000" : 17792,
            "5.000000" : 19840,
            "10.000000" : 21376,
            "20.000000" : 23168,
            "30.000000" : 24704,
            "40.000000" : 25984,
            "50.000000" : 27264,
            "60.000000" : 28800,
            "70.000000" : 30336,
            "80.000000" : 32384,
            "90.000000" : 35584,
            "95.000000" : 39168,
            "99.000000" : 47872,
            "99.500000" : 54016,
            "99.900000" : 16056320,
            "99.950000" : 23986176,
            "99.990000" : 32112640
          }
        },
        "bw_min" : 8184,
        "bw_max" : 1958808,
        "bw_agg" : 100.000000,
        "bw_mean" : 710151.369748,
        "bw_dev" : 28958.478298,
        "bw_samples" : 1666,
        "iops_min" : 2046,
        "iops_max" : 489702,
        "iops_mean" : 177537.806723,
        "iops_stddev" : 7239.616335,
        "iops_samples" : 1666
      },
      "ZNS Reset" : {
        "total_zone_resets" : 0,
        "io_bytes" : 0,
        "io_kbytes" : 0,
        "bw_bytes" : 0,
        "bw" : 0,
        "iops" : 0.000000,
        "runtime" : 0,
        "total_ios" : 0,
        "short_ios" : 0,
        "drop_ios" : 0,
        "slat_ns" : {
          "min" : 0,
          "max" : 0,
          "mean" : 0.000000,
          "stddev" : 0.000000,
          "N" : 0
        },
        "clat_ns" : {
          "min" : 0,
          "max" : 0,
          "mean" : 0.000000,
          "stddev" : 0.000000,
          "N" : 0
        },
        "lat_ns" : {
          "min" : 0,
          "max" : 0,
          "mean" : 0.000000,
          "stddev" : 0.000000,
          "N" : 0
        },
        "bw_min" : 0,
        "bw_max" : 0,
        "bw_agg" : 0.000000,
        "bw_mean" : 0.000000,
        "bw_dev" : 0.000000,
        "bw_samples" : 0,
        "iops_min" : 0,
        "iops_max" : 0,
        "iops_mean" : 0.000000,
        "iops_stddev" : 0.000000,
        "iops_samples" : 0
      },
      "sync" : {
        "total_ios" : 0,
        "lat_ns" : {
          "min" : 0,
          "max" : 0,
          "mean" : 0.000000,
          "stddev" : 0.000000,
          "N" : 0
        }
      },
      "job_runtime" : 840030,
      "usr_cpu" : 55.536231,
      "sys_cpu" : 0.005952,
      "ctx" : 27449,
      "majf" : 0,
      "minf" : 0,
      "iodepth_level" : {
        "1" : 100.000000,
        "2" : 0.000000,
        "4" : 0.000000,
        "8" : 0.000000,
        "16" : 0.000000,
        "32" : 0.000000,
        ">=64" : 0.000000
      },
      "iodepth_submit" : {
        "0" : 0.000000,
        "4" : 100.000000,
        "8" : 0.000000,
        "16" : 0.000000,
        "32" : 0.000000,
        "64" : 0.000000,
        ">=64" : 0.000000
      },
      "iodepth_complete" : {
        "0" : 0.000000,
        "4" : 100.000000,
        "8" : 0.000000,
        "16" : 0.000000,
        "32" : 0.000000,
        "64" : 0.000000,
        ">=64" : 0.000000
      },
      "latency_ns" : {
        "2" : 0.000000,
        "4" : 0.000000,
        "10" : 0.000000,
        "20" : 0.000000,
        "50" : 0.000000,
        "100" : 0.000000,
        "250" : 0.010000,
        "500" : 0.010000,
        "750" : 0.010000,
        "1000" : 0.010000
      },
      "latency_us" : {
        "2" : 0.010000,
        "4" : 0.000000,
        "10" : 0.010000,
        "20" : 6.212244,
        "50" : 93.079720,
        "100" : 0.410822,
        "250" : 0.010000,
        "500" : 0.010000,
        "750" : 0.010000,
        "1000" : 0.010000
      },
      "latency_ms" : {
        "2" : 0.010000,
        "4" : 0.010000,
        "10" : 0.025968,
        "20" : 0.179701,
        "50" : 0.071088,
        "100" : 0.010000,
        "250" : 0.010000,
        "500" : 0.000000,
        "750" : 0.000000,
        "1000" : 0.000000,
        "2000" : 0.000000,
        ">=2000" : 0.000000
      },
      "latency_depth" : 1,
      "latency_target" : 0,
      "latency_percentile" : 100.000000,
      "latency_window" : 0
    }
  ]
}
