{
  "fio version" : "fio-3.35",
  "timestamp" : 1693509685,
  "timestamp_ms" : 1693509685182,
  "time" : "Thu Aug 31 19:21:25 2023",
  "global options" : {
    "name" : "loaded-reset",
    "ioengine" : "io_uring_cmd",
    "size" : "813z",
    "bs" : "64K",
    "zonemode" : "zbd",
    "thread" : "1",
    "lat_percentiles" : "1",
    "filename" : "/dev/ng0n2",
    "sqthread_poll" : "1"
  },
  "jobs" : [
    {
      "jobname" : "fill-prep",
      "groupid" : 0,
      "error" : 0,
      "eta" : 0,
      "elapsed" : 796,
      "job options" : {
        "iodepth" : "1",
        "rw" : "write",
        "size" : "203z",
        "numjobs" : "4",
        "offset_increment" : "203z"
      },
      "read" : {
        "io_bytes" : 0,
        "io_kbytes" : 0,
        "bw_bytes" : 0,
        "bw" : 0,
        "iops" : 0.000000,
        "runtime" : 0,
        "total_ios" : 0,
        "short_ios" : 0,
        "drop_ios" : 0,
        "slat_ns" : {
          "min" : 0,
          "max" : 0,
          "mean" : 0.000000,
          "stddev" : 0.000000,
          "N" : 0
        },
        "clat_ns" : {
          "min" : 0,
          "max" : 0,
          "mean" : 0.000000,
          "stddev" : 0.000000,
          "N" : 0
        },
        "lat_ns" : {
          "min" : 0,
          "max" : 0,
          "mean" : 0.000000,
          "stddev" : 0.000000,
          "N" : 0
        },
        "bw_min" : 0,
        "bw_max" : 0,
        "bw_agg" : 0.000000,
        "bw_mean" : 0.000000,
        "bw_dev" : 0.000000,
        "bw_samples" : 0,
        "iops_min" : 0,
        "iops_max" : 0,
        "iops_mean" : 0.000000,
        "iops_stddev" : 0.000000,
        "iops_samples" : 0
      },
      "write" : {
        "io_bytes" : 910404616192,
        "io_kbytes" : 889067008,
        "bw_bytes" : 1227756289,
        "bw" : 1198980,
        "iops" : 18734.074245,
        "runtime" : 741519,
        "total_ios" : 13891672,
        "short_ios" : 0,
        "drop_ios" : 0,
        "slat_ns" : {
          "min" : 0,
          "max" : 0,
          "mean" : 0.000000,
          "stddev" : 0.000000,
          "N" : 0
        },
        "clat_ns" : {
          "min" : 603,
          "max" : 12458632,
          "mean" : 211287.730955,
          "stddev" : 166907.880645,
          "N" : 13891672,
          "percentile" : {
            "1.000000" : 55552,
            "5.000000" : 72192,
            "10.000000" : 83456,
            "20.000000" : 103936,
            "30.000000" : 125440,
            "40.000000" : 146432,
            "50.000000" : 166912,
            "60.000000" : 195584,
            "70.000000" : 232448,
            "80.000000" : 284672,
            "90.000000" : 378880,
            "95.000000" : 485376,
            "99.000000" : 798720,
            "99.500000" : 954368,
            "99.900000" : 2113536,
            "99.950000" : 2703360,
            "99.990000" : 3063808
          }
        },
        "lat_ns" : {
          "min" : 44934,
          "max" : 12459747,
          "mean" : 212747.576855,
          "stddev" : 167050.240349,
          "N" : 13891672,
          "percentile" : {
            "1.000000" : 57088,
            "5.000000" : 73216,
            "10.000000" : 84480,
            "20.000000" : 105984,
            "30.000000" : 126464,
            "40.000000" : 148480,
            "50.000000" : 168960,
            "60.000000" : 197632,
            "70.000000" : 232448,
            "80.000000" : 284672,
            "90.000000" : 378880,
            "95.000000" : 489472,
            "99.000000" : 798720,
            "99.500000" : 954368,
            "99.900000" : 2113536,
            "99.950000" : 2736128,
            "99.990000" : 3063808
          }
        },
        "bw_min" : 1146366,
        "bw_max" : 1241830,
        "bw_agg" : 100.000000,
        "bw_mean" : 1199491.097166,
        "bw_dev" : 3243.122807,
        "bw_samples" : 5928,
        "iops_min" : 17911,
        "iops_max" : 19403,
        "iops_mean" : 18741.702429,
        "iops_stddev" : 50.658956,
        "iops_samples" : 5928
      },
      "ZNS Reset" : {
        "total_zone_resets" : 0,
        "io_bytes" : 0,
        "io_kbytes" : 0,
        "bw_bytes" : 0,
        "bw" : 0,
        "iops" : 0.000000,
        "runtime" : 0,
        "total_ios" : 0,
        "short_ios" : 0,
        "drop_ios" : 0,
        "slat_ns" : {
          "min" : 0,
          "max" : 0,
          "mean" : 0.000000,
          "stddev" : 0.000000,
          "N" : 0
        },
        "clat_ns" : {
          "min" : 0,
          "max" : 0,
          "mean" : 0.000000,
          "stddev" : 0.000000,
          "N" : 0
        },
        "lat_ns" : {
          "min" : 0,
          "max" : 0,
          "mean" : 0.000000,
          "stddev" : 0.000000,
          "N" : 0
        },
        "bw_min" : 0,
        "bw_max" : 0,
        "bw_agg" : 0.000000,
        "bw_mean" : 0.000000,
        "bw_dev" : 0.000000,
        "bw_samples" : 0,
        "iops_min" : 0,
        "iops_max" : 0,
        "iops_mean" : 0.000000,
        "iops_stddev" : 0.000000,
        "iops_samples" : 0
      },
      "sync" : {
        "total_ios" : 0,
        "lat_ns" : {
          "min" : 0,
          "max" : 0,
          "mean" : 0.000000,
          "stddev" : 0.000000,
          "N" : 0
        }
      },
      "job_runtime" : 2966071,
      "usr_cpu" : 99.998348,
      "sys_cpu" : 0.000944,
      "ctx" : 1732,
      "majf" : 0,
      "minf" : 0,
      "iodepth_level" : {
        "1" : 100.000000,
        "2" : 0.000000,
        "4" : 0.000000,
        "8" : 0.000000,
        "16" : 0.000000,
        "32" : 0.000000,
        ">=64" : 0.000000
      },
      "iodepth_submit" : {
        "0" : 0.000000,
        "4" : 100.000000,
        "8" : 0.000000,
        "16" : 0.000000,
        "32" : 0.000000,
        "64" : 0.000000,
        ">=64" : 0.000000
      },
      "iodepth_complete" : {
        "0" : 0.000000,
        "4" : 100.000000,
        "8" : 0.000000,
        "16" : 0.000000,
        "32" : 0.000000,
        "64" : 0.000000,
        ">=64" : 0.000000
      },
      "latency_ns" : {
        "2" : 0.000000,
        "4" : 0.000000,
        "10" : 0.000000,
        "20" : 0.000000,
        "50" : 0.000000,
        "100" : 0.000000,
        "250" : 0.000000,
        "500" : 0.000000,
        "750" : 0.010000,
        "1000" : 0.010000
      },
      "latency_us" : {
        "2" : 0.010000,
        "4" : 0.000000,
        "10" : 0.010000,
        "20" : 0.000000,
        "50" : 0.362239,
        "100" : 17.642174,
        "250" : 56.168386,
        "500" : 21.184304,
        "750" : 3.374957,
        "1000" : 0.859616
      },
      "latency_ms" : {
        "2" : 0.304571,
        "4" : 0.103465,
        "10" : 0.010000,
        "20" : 0.010000,
        "50" : 0.000000,
        "100" : 0.000000,
        "250" : 0.000000,
        "500" : 0.000000,
        "750" : 0.000000,
        "1000" : 0.000000,
        "2000" : 0.000000,
        ">=2000" : 0.000000
      },
      "latency_depth" : 1,
      "latency_target" : 0,
      "latency_percentile" : 100.000000,
      "latency_window" : 0
    },
    {
      "jobname" : "trim",
      "groupid" : 1,
      "error" : 0,
      "eta" : 0,
      "elapsed" : 796,
      "job options" : {
        "rw" : "write",
        "iodepth" : "1",
        "size" : "22z",
        "offset" : "813z",
        "offset_increment" : "22z",
        "numjobs" : "4",
        "bs" : "8K",
        "exit_what" : "stonewall"
      },
      "read" : {
        "io_bytes" : 0,
        "io_kbytes" : 0,
        "bw_bytes" : 0,
        "bw" : 0,
        "iops" : 0.000000,
        "runtime" : 0,
        "total_ios" : 0,
        "short_ios" : 0,
        "drop_ios" : 0,
        "slat_ns" : {
          "min" : 0,
          "max" : 0,
          "mean" : 0.000000,
          "stddev" : 0.000000,
          "N" : 0
        },
        "clat_ns" : {
          "min" : 0,
          "max" : 0,
          "mean" : 0.000000,
          "stddev" : 0.000000,