{
  "fio version" : "fio-3.35",
  "timestamp" : 1693495837,
  "timestamp_ms" : 1693495837330,
  "time" : "Thu Aug 31 15:30:37 2023",
  "global options" : {
    "name" : "bw",
    "ioengine" : "io_uring_cmd",
    "size" : "813z",
    "bs" : "4K",
    "zonemode" : "zbd",
    "thread" : "1",
    "lat_percentiles" : "1",
    "iodepth" : "1",
    "size" : "203z",
    "offset_increment" : "203z",
    "runtime" : "1m",
    "filename" : "/dev/ng0n2",
    "sqthread_poll" : "1"
  },
  "jobs" : [
    {
      "jobname" : "write",
      "groupid" : 0,
      "error" : 0,
      "eta" : 0,
      "elapsed" : 61,
      "job options" : {
        "numjobs" : "4",
        "rw" : "write"
      },
      "read" : {
        "io_bytes" : 0,
        "io_kbytes" : 0,
        "bw_bytes" : 0,
        "bw" : 0,
        "iops" : 0.000000,
        "runtime" : 0,
        "total_ios" : 0,
        "short_ios" : 0,
        "drop_ios" : 0,
        "slat_ns" : {
          "min" : 0,
          "max" : 0,
          "mean" : 0.000000,
          "stddev" : 0.000000,
          "N" : 0
        },
        "clat_ns" : {
          "min" : 0,
          "max" : 0,
          "mean" : 0.000000,
          "stddev" : 0.000000,
          "N" : 0
        },
        "lat_ns" : {
          "min" : 0,
          "max" : 0,
          "mean" : 0.000000,
          "stddev" : 0.000000,
          "N" : 0
        },
        "bw_min" : 0,
        "bw_max" : 0,
        "bw_agg" : 0.000000,
        "bw_mean" : 0.000000,
        "bw_dev" : 0.000000,
        "bw_samples" : 0,
        "iops_min" : 0,
        "iops_max" : 0,
        "iops_mean" : 0.000000,
        "iops_stddev" : 0.000000,
        "iops_samples" : 0
      },
      "write" : {
        "io_bytes" : 42360168448,
        "io_kbytes" : 41367352,
        "bw_bytes" : 705991040,
        "bw" : 689444,
        "iops" : 172361.093982,
        "runtime" : 60001,
        "total_ios" : 10341838,
        "short_ios" : 0,
        "drop_ios" : 0,
        "slat_ns" : {
          "min" : 0,
          "max" : 0,
          "mean" : 0.000000,
          "stddev" : 0.000000,
          "N" : 0
        },
        "clat_ns" : {
          "min" : 403,
          "max" : 1598618,
          "mean" : 22016.665592,
          "stddev" : 3740.101727,
          "N" : 10341838,
          "percentile" : {
            "1.000000" : 15040,
            "5.000000" : 16768,
            "10.000000" : 17792,
            "20.000000" : 19072,
            "30.000000" : 20096,
            "40.000000" : 20864,
            "50.000000" : 21888,
            "60.000000" : 22656,
            "70.000000" : 23424,
            "80.000000" : 24704,
            "90.000000" : 26496,
            "95.000000" : 28032,
            "99.000000" : 31616,
            "99.500000" : 33536,
            "99.900000" : 41728,
            "99.950000" : 48384,
            "99.990000" : 62720
          }
        },
        "lat_ns" : {
          "min" : 13252,
          "max" : 1598993,
          "mean" : 22348.578666,
          "stddev" : 3782.861673,
          "N" : 10341838,
          "percentile" : {
            "1.000000" : 15296,
            "5.000000" : 17024,
            "10.000000" : 18048,
            "20.000000" : 19328,
            "30.000000" : 20352,
            "40.000000" : 21376,
            "50.000000" : 22144,
            "60.000000" : 22912,
            "70.000000" : 23936,
            "80.000000" : 24960,
            "90.000000" : 26752,
            "95.000000" : 28544,
            "99.000000" : 32128,
            "99.500000" : 34048,
            "99.900000" : 42240,
            "99.950000" : 48384,
            "99.990000" : 62720
          }
        },
        "bw_min" : 684296,
        "bw_max" : 697712,
        "bw_agg" : 100.000000,
        "bw_mean" : 689878.647059,
        "bw_dev" : 637.759802,
        "bw_samples" : 476,
        "iops_min" : 171074,
        "iops_max" : 174428,
        "iops_mean" : 172469.663866,
        "iops_stddev" : 159.442065,
        "iops_samples" : 476
      },
      "ZNS Reset" : {
        "total_zone_resets" : 0,
        "io_bytes" : 0,
        "io_kbytes" : 0,
        "bw_bytes" : 0,
        "bw" : 0,
        "iops" : 0.000000,
        "runtime" : 0,
        "total_ios" : 0,
        "short_ios" : 0,
        "drop_ios" : 0,
        "slat_ns" : {
          "min" : 0,
          "max" : 0,
          "mean" : 0.000000,
          "stddev" : 0.000000,
          "N" : 0
        },
        "clat_ns" : {
          "min" : 0,
          "max" : 0,
          "mean" : 0.000000,
          "stddev" : 0.000000,
          "N" : 0
        },
        "lat_ns" : {
          "min" : 0,
          "max" : 0,
          "mean" : 0.000000,
          "stddev" : 0.000000,
          "N" : 0
        },
        "bw_min" : 0,
        "bw_max" : 0,
        "bw_agg" : 0.000000,
        "bw_mean" : 0.000000,
        "bw_dev" : 0.000000,
        "bw_samples" : 0,
        "iops_min" : 0,
        "iops_max" : 0,
        "iops_mean" : 0.000000,
        "iops_stddev" : 0.000000,
        "iops_samples" : 0
      },
      "sync" : {
        "total_ios" : 0,
        "lat_ns" : {
          "min" : 0,
          "max" : 0,
          "mean" : 0.000000,
          "stddev" : 0.000000,
          "N" : 0
        }
      },
      "job_runtime" : 240000,
      "usr_cpu" : 99.991250,
      "sys_cpu" : 0.002500,
      "ctx" : 280,
      "majf" : 0,
      "minf" : 0,
      "iodepth_level" : {
        "1" : 100.000000,
        "2" : 0.000000,
        "4" : 0.000000,
        "8" : 0.000000,
        "16" : 0.000000,
        "32" : 0.000000,
        ">=64" : 0.000000
      },
      "iodepth_submit" : {
        "0" : 0.000000,
        "4" : 100.000000,
        "8" : 0.000000,
        "16" : 0.000000,
        "32" : 0.000000,
        "64" : 0.000000,
        ">=64" : 0.000000
      },
      "iodepth_complete" : {
        "0" : 0.000000,
        "4" : 100.000000,
        "8" : 0.000000,
        "16" : 0.000000,
        "32" : 0.000000,
        "64" : 0.000000,
        ">=64" : 0.000000
      },
      "latency_ns" : {
        "2" : 0.000000,
        "4" : 0.000000,
        "10" : 0.000000,
        "20" : 0.000000,
        "50" : 0.000000,
        "100" : 0.000000,
        "250" : 0.000000,
        "500" : 0.010000,
        "750" : 0.000000,
        "1000" : 0.000000
      },
      "latency_us" : {
        "2" : 0.000000,
        "4" : 0.000000,
        "10" : 0.010000,
        "20" : 29.541470,
        "50" : 70.416796,
        "100" : 0.041289,
        "250" : 0.010000,
        "500" : 0.010000,
        "750" : 0.000000,
        "1000" : 0.000000
      },
      "latency_ms" : {
        "2" : 0.010000,
        "4" : 0.000000,
        "10" : 0.000000,
        "20" : 0.000000,
        "50" : 0.000000,
        "100" : 0.000000,
        "250" : 0.000000,
        "500" : 0.000000,
        "750" : 0.000000,
        "1000" : 0.000000,
        "2000" : 0.000000,
        ">=2000" : 0.000000
      },
      "latency_depth" : 1,
      "latency_target" : 0,
      "latency_percentile" : 100.000000,
      "latency_window" : 0
    }
  ]
}
