{
  "fio version" : "fio-3.35",
  "timestamp" : 1717968883,
  "timestamp_ms" : 1717968883054,
  "time" : "Sun Jun  9 21:34:43 2024",
  "global options" : {
    "name" : "bw",
    "ioengine" : "io_uring_cmd",
    "bs" : "256K",
    "zonemode" : "zbd",
    "thread" : "1",
    "numjobs" : "1",
    "lat_percentiles" : "1",
    "iodepth" : "1",
    "filename" : "/dev/ng1n1",
    "sqthread_poll" : "1"
  },
  "jobs" : [
    {
      "jobname" : "fill",
      "groupid" : 0,
      "error" : 0,
      "eta" : 0,
      "elapsed" : 241,
      "job options" : {
        "rw" : "write",
        "offset" : "20z",
        "size" : "5z"
      },
      "read" : {
        "io_bytes" : 0,
        "io_kbytes" : 0,
        "bw_bytes" : 0,
        "bw" : 0,
        "iops" : 0.000000,
        "runtime" : 0,
        "total_ios" : 0,
        "short_ios" : 0,
        "drop_ios" : 0,
        "slat_ns" : {
          "min" : 0,
          "max" : 0,
          "mean" : 0.000000,
          "stddev" : 0.000000,
          "N" : 0
        },
        "clat_ns" : {
          "min" : 0,
          "max" : 0,
          "mean" : 0.000000,
          "stddev" : 0.000000,
          "N" : 0
        },
        "lat_ns" : {
          "min" : 0,
          "max" : 0,
          "mean" : 0.000000,
          "stddev" : 0.000000,
          "N" : 0
        },
        "bw_min" : 0,
        "bw_max" : 0,
        "bw_agg" : 0.000000,
        "bw_mean" : 0.000000,
        "bw_dev" : 0.000000,
        "bw_samples" : 0,
        "iops_min" : 0,
        "iops_max" : 0,
        "iops_mean" : 0.000000,
        "iops_stddev" : 0.000000,
        "iops_samples" : 0
      },
      "write" : {
        "io_bytes" : 5536481280,
        "io_kbytes" : 5406720,
        "bw_bytes" : 91361077,
        "bw" : 89219,
        "iops" : 348.514851,
        "runtime" : 60600,
        "total_ios" : 21120,
        "short_ios" : 0,
        "drop_ios" : 0,
        "slat_ns" : {
          "min" : 0,
          "max" : 0,
          "mean" : 0.000000,
          "stddev" : 0.000000,
          "N" : 0
        },
        "clat_ns" : {
          "min" : 2830303,
          "max" : 15523715,
          "mean" : 2855605.757434,
          "stddev" : 322206.047237,
          "N" : 21120,
          "percentile" : {
            "1.000000" : 2834432,
            "5.000000" : 2834432,
            "10.000000" : 2834432,
            "20.000000" : 2834432,
            "30.000000" : 2834432,
            "40.000000" : 2834432,
            "50.000000" : 2834432,
            "60.000000" : 2834432,
            "70.000000" : 2834432,
            "80.000000" : 2834432,
            "90.000000" : 2834432,
            "95.000000" : 2834432,
            "99.000000" : 2867200,
            "99.500000" : 3555328,
            "99.900000" : 9109504,
            "99.950000" : 10944512,
            "99.990000" : 12910592
          }
        },
        "lat_ns" : {
          "min" : 2840126,
          "max" : 15528360,
          "mean" : 2868635.541288,
          "stddev" : 322323.181534,
          "N" : 21120,
          "percentile" : {
            "1.000000" : 2834432,
            "5.000000" : 2834432,
            "10.000000" : 2834432,
            "20.000000" : 2834432,
            "30.000000" : 2834432,
            "40.000000" : 2834432,
            "50.000000" : 2834432,
            "60.000000" : 2834432,
            "70.000000" : 2867200,
            "80.000000" : 2867200,
            "90.000000" : 2867200,
            "95.000000" : 2867200,
            "99.000000" : 2867200,
            "99.500000" : 3555328,
            "99.900000" : 9109504,
            "99.950000" : 10944512,
            "99.990000" : 12910592
          }
        },
        "bw_min" : 86528,
        "bw_max" : 90292,
        "bw_agg" : 100.000000,
        "bw_mean" : 89256.441667,
        "bw_dev" : 787.084438,
        "bw_samples" : 120,
        "iops_min" : 338,
        "iops_max" : 352,
        "iops_mean" : 348.491667,
        "iops_stddev" : 3.081514,
        "iops_samples" : 120
      },
      "ZNS Reset" : {
        "total_zone_resets" : 0,
        "io_bytes" : 0,
        "io_kbytes" : 0,
        "bw_bytes" : 0,
        "bw" : 0,
        "iops" : 0.000000,
        "runtime" : 0,
        "total_ios" : 0,
        "short_ios" : 0,
        "drop_ios" : 0,
        "slat_ns" : {
          "min" : 0,
          "max" : 0,
          "mean" : 0.000000,
          "stddev" : 0.000000,
          "N" : 0
        },
        "clat_ns" : {
          "min" : 0,
          "max" : 0,
          "mean" : 0.000000,
          "stddev" : 0.000000,
          "N" : 0
        },
        "lat_ns" : {
          "min" : 0,
          "max" : 0,
          "mean" : 0.000000,
          "stddev" : 0.000000,
          "N" : 0
        },
        "bw_min" : 0,
        "bw_max" : 0,
        "bw_agg" : 0.000000,
        "bw_mean" : 0.000000,
        "bw_dev" : 0.000000,
        "bw_samples" : 0,
        "iops_min" : 0,
        "iops_max" : 0,
        "iops_mean" : 0.000000,
        "iops_stddev" : 0.000000,
        "iops_samples" : 0
      },
      "sync" : {
        "total_ios" : 0,
        "lat_ns" : {
          "min" : 0,
          "max" : 0,
          "mean" : 0.000000,
          "stddev" : 0.000000,
          "N" : 0
        }
      },
      "job_runtime" : 60599,
      "usr_cpu" : 99.996700,
      "sys_cpu" : 0.000000,
      "ctx" : 18,
      "majf" : 0,
      "minf" : 0,
      "iodepth_level" : {
        "1" : 100.000000,
        "2" : 0.000000,
        "4" : 0.000000,
        "8" : 0.000000,
        "16" : 0.000000,
        "32" : 0.000000,
        ">=64" : 0.000000
      },
      "iodepth_submit" : {
        "0" : 0.000000,
        "4" : 100.000000,
        "8" : 0.000000,
        "16" : 0.000000,
        "32" : 0.000000,
        "64" : 0.000000,
        ">=64" : 0.000000
      },
      "iodepth_complete" : {
        "0" : 0.000000,
        "4" : 100.000000,
        "8" : 0.000000,
        "16" : 0.000000,
        "32" : 0.000000,
        "64" : 0.000000,
        ">=64" : 0.000000
      },
      "latency_ns" : {
        "2" : 0.000000,
        "4" : 0.000000,
        "10" : 0.000000,
        "20" : 0.000000,
        "50" : 0.000000,
        "100" : 0.000000,
        "250" : 0.000000,
        "500" : 0.000000,
        "750" : 0.000000,
        "1000" : 0.000000
      },
      "latency_us" : {
        "2" : 0.000000,
        "4" : 0.000000,
        "10" : 0.000000,
        "20" : 0.000000,
        "50" : 0.000000,
        "100" : 0.000000,
        "250" : 0.000000,
        "500" : 0.000000,
        "750" : 0.000000,
        "1000" : 0.000000
      },
      "latency_ms" : {
        "2" : 0.000000,
        "4" : 99.607008,
        "10" : 0.321970,
        "20" : 0.071023,
        "50" : 0.000000,
        "100" : 0.000000,
        "250" : 0.000000,
        "500" : 0.000000,
        "750" : 0.000000,
        "1000" : 0.000000,
        "2000" : 0.000000,
        ">=2000" : 0.000000
      },
      "latency_depth" : 1,
      "latency_target" : 0,
      "latency_percentile" : 100.000000,
      "latency_window" : 0
    },
    {
      "jobname" : "read",
      "groupid" : 1,
      "error" : 0,
      "eta" : 0,
      "elapsed" : 241,
      "job options" : {
        "iodepth" : "8",
        "rw" : "randread",
        "bs" : "16K",
        "runtime" : "3m",
        "offset" : "20z",
        "size" : "5z"
      },
      "read" : {
        "io_bytes" : 149777858560,
        "io_kbytes" : 146267440,
        "bw_bytes" : 832094591,
        "bw" : 812592,
        "iops" : 50787.023405,
        "runtime" : 180001,
        "total_ios" : 9141715,
        "short_ios" : 0,
        "drop_ios" : 0,
        "slat_ns" : {
          "min" : 0,
          "max" : 0,
          "mean" : 0.000000,
          "stddev" : 0.000000,
          "N" : 0
        },
        "clat_ns" : {
          "min" : 8235,
          "max" : 21777420,
          "mean" : 156577.620490,
          "stddev" : 105430.533684,
          "N" : 9141715,