{
  "fio version" : "fio-3.35",
  "timestamp" : 1701475951,
  "timestamp_ms" : 1701475951530,
  "time" : "Sat Dec  2 00:12:31 2023",
  "global options" : {
    "name" : "bw",
    "ioengine" : "io_uring",
    "direct" : "1",
    "size" : "813z",
    "bs" : "8K",
    "zonemode" : "zbd",
    "thread" : "1",
    "lat_percentiles" : "1",
    "iodepth" : "1",
    "runtime" : "1m",
    "filename" : "/dev/nvme0n2",
    "sqthread_poll" : "1"
  },
  "jobs" : [
    {
      "jobname" : "write",
      "groupid" : 0,
      "error" : 0,
      "eta" : 0,
      "elapsed" : 61,
      "job options" : {
        "numjobs" : "6",
        "rw" : "write"
      },
      "read" : {
        "io_bytes" : 0,
        "io_kbytes" : 0,
        "bw_bytes" : 0,
        "bw" : 0,
        "iops" : 0.000000,
        "runtime" : 0,
        "total_ios" : 0,
        "short_ios" : 0,
        "drop_ios" : 0,
        "slat_ns" : {
          "min" : 0,
          "max" : 0,
          "mean" : 0.000000,
          "stddev" : 0.000000,
          "N" : 0
        },
        "clat_ns" : {
          "min" : 0,
          "max" : 0,
          "mean" : 0.000000,
          "stddev" : 0.000000,
          "N" : 0
        },
        "lat_ns" : {
          "min" : 0,
          "max" : 0,
          "mean" : 0.000000,
          "stddev" : 0.000000,
          "N" : 0
        },
        "bw_min" : 0,
        "bw_max" : 0,
        "bw_agg" : 0.000000,
        "bw_mean" : 0.000000,
        "bw_dev" : 0.000000,
        "bw_samples" : 0,
        "iops_min" : 0,
        "iops_max" : 0,
        "iops_mean" : 0.000000,
        "iops_stddev" : 0.000000,
        "iops_samples" : 0
      },
      "finish" : {
        "total_zone_resets" : 50,
        "io_bytes" : 66517049344,
        "io_kbytes" : 64958056,
        "bw_bytes" : 1108599012,
        "bw" : 1082616,
        "iops" : 135327.027883,
        "runtime" : 60001,
        "total_ios" : 8119757,
        "short_ios" : 0,
        "drop_ios" : 0,
        "slat_ns" : {
          "min" : 0,
          "max" : 0,
          "mean" : 0.000000,
          "stddev" : 0.000000,
          "N" : 0
        },
        "clat_ns" : {
          "min" : 469,
          "max" : 18352374,
          "mean" : 35078.467138,
          "stddev" : 73600.512740,
          "N" : 8119757,
          "percentile" : {
            "1.000000" : 18560,
            "5.000000" : 20608,
            "10.000000" : 21888,
            "20.000000" : 23936,
            "30.000000" : 25472,
            "40.000000" : 27008,
            "50.000000" : 28544,
            "60.000000" : 30592,
            "70.000000" : 33024,
            "80.000000" : 37120,
            "90.000000" : 49408,
            "95.000000" : 70144,
            "99.000000" : 132096,
            "99.500000" : 166912,
            "99.900000" : 333824,
            "99.950000" : 477184,
            "99.990000" : 2072576
          }
        },
        "lat_ns" : {
          "min" : 16879,
          "max" : 18352573,
          "mean" : 35513.069436,
          "stddev" : 73616.600212,
          "N" : 8119757,
          "percentile" : {
            "1.000000" : 19072,
            "5.000000" : 21120,
            "10.000000" : 22400,
            "20.000000" : 24192,
            "30.000000" : 25728,
            "40.000000" : 27264,
            "50.000000" : 29056,
            "60.000000" : 30848,
            "70.000000" : 33536,
            "80.000000" : 37632,
            "90.000000" : 49920,
            "95.000000" : 70144,
            "99.000000" : 134144,
            "99.500000" : 166912,
            "99.900000" : 333824,
            "99.950000" : 477184,
            "99.990000" : 2072576
          }
        },
        "bw_min" : 38112,
        "bw_max" : 1772512,
        "bw_agg" : 100.000000,
        "bw_mean" : 1154647.312675,
        "bw_dev" : 58783.634860,
        "bw_samples" : 667,
        "iops_min" : 4764,
        "iops_max" : 221564,
        "iops_mean" : 144330.822025,
        "iops_stddev" : 7347.954473,
        "iops_samples" : 667
      },
      "ZNS Reset" : {
        "total_zone_resets" : 50,
        "io_bytes" : 0,
        "io_kbytes" : 0,
        "bw_bytes" : 0,
        "bw" : 0,
        "iops" : 0.000000,
        "runtime" : 0,
        "total_ios" : 0,
        "short_ios" : 0,
        "drop_ios" : 0,
        "slat_ns" : {
          "min" : 0,
          "max" : 0,
          "mean" : 0.000000,
          "stddev" : 0.000000,
          "N" : 0
        },
        "clat_ns" : {
          "min" : 0,
          "max" : 0,
          "mean" : 0.000000,
          "stddev" : 0.000000,
          "N" : 0
        },
        "lat_ns" : {
          "min" : 0,
          "max" : 0,
          "mean" : 0.000000,
          "stddev" : 0.000000,
          "N" : 0
        },
        "bw_min" : 0,
        "bw_max" : 0,
        "bw_agg" : 0.000000,
        "bw_mean" : 0.000000,
        "bw_dev" : 0.000000,
        "bw_samples" : 0,
        "iops_min" : 0,
        "iops_max" : 0,
        "iops_mean" : 0.000000,
        "iops_stddev" : 0.000000,
        "iops_samples" : 0
      },
      "sync" : {
        "total_ios" : 0,
        "lat_ns" : {
          "min" : 0,
          "max" : 0,
          "mean" : 0.000000,
          "stddev" : 0.000000,
          "N" : 0
        }
      },
      "job_runtime" : 360000,
      "usr_cpu" : 83.304444,
      "sys_cpu" : 1.295278,
      "ctx" : 695475,
      "majf" : 0,
      "minf" : 0,
      "iodepth_level" : {
        "1" : 100.000000,
        "2" : 0.000000,
        "4" : 0.000000,
        "8" : 0.000000,
        "16" : 0.000000,
        "32" : 0.000000,
        ">=64" : 0.000000
      },
      "iodepth_submit" : {
        "0" : 0.000000,
        "4" : 100.000000,
        "8" : 0.000000,
        "16" : 0.000000,
        "32" : 0.000000,
        "64" : 0.000000,
        ">=64" : 0.000000
      },
      "iodepth_complete" : {
        "0" : 0.000000,
        "4" : 100.000000,
        "8" : 0.000000,
        "16" : 0.000000,
        "32" : 0.000000,
        "64" : 0.000000,
        ">=64" : 0.000000
      },
      "latency_ns" : {
        "2" : 0.000000,
        "4" : 0.000000,
        "10" : 0.000000,
        "20" : 0.000000,
        "50" : 0.000000,
        "100" : 0.000000,
        "250" : 0.000000,
        "500" : 0.010000,
        "750" : 0.000000,
        "1000" : 0.010000
      },
      "latency_us" : {
        "2" : 0.000000,
        "4" : 0.000000,
        "10" : 0.000000,
        "20" : 3.622608,
        "50" : 86.563009,
        "100" : 8.066337,
        "250" : 1.550391,
        "500" : 0.151002,
        "750" : 0.016269,
        "1000" : 0.010000
      },
      "latency_ms" : {
        "2" : 0.013436,
        "4" : 0.010000,
        "10" : 0.010000,
        "20" : 0.010000,
        "50" : 0.000000,
        "100" : 0.000000,
        "250" : 0.000000,
        "500" : 0.000000,
        "750" : 0.000000,
        "1000" : 0.000000,
        "2000" : 0.000000,
        ">=2000" : 0.000000
      },
      "latency_depth" : 1,
      "latency_target" : 0,
      "latency_percentile" : 100.000000,
      "latency_window" : 0
    }
  ],
  "disk_util" : [
    {
      "name" : "nvme0n2",
      "read_ios" : 14,
      "write_ios" : 8104972,
      "read_sectors" : 1416,
      "write_sectors" : 129678752,
      "read_merges" : 0,
      "write_merges" : 0,
      "read_ticks" : 0,
      "write_ticks" : 238775,
      "in_queue" : 238776,
      "util" : 99.911609
    }
  ]
}
