{
  "fio version" : "fio-3.35",
  "timestamp" : 1715789196,
  "timestamp_ms" : 1715789196214,
  "time" : "Wed May 15 16:06:36 2024",
  "global options" : {
    "name" : "bw",
    "ioengine" : "io_uring_cmd",
    "size" : "24z",
    "bs" : "8K",
    "zonemode" : "zbd",
    "thread" : "1",
    "lat_percentiles" : "1",
    "iodepth" : "1",
    "size" : "4z",
    "offset_increment" : "4z",
    "runtime" : "1m",
    "filename" : "/dev/ng0n1",
    "sqthread_poll" : "1"
  },
  "jobs" : [
    {
      "jobname" : "write",
      "groupid" : 0,
      "error" : 0,
      "eta" : 0,
      "elapsed" : 61,
      "job options" : {
        "numjobs" : "5",
        "rw" : "write"
      },
      "read" : {
        "io_bytes" : 0,
        "io_kbytes" : 0,
        "bw_bytes" : 0,
        "bw" : 0,
        "iops" : 0.000000,
        "runtime" : 0,
        "total_ios" : 0,
        "short_ios" : 0,
        "drop_ios" : 0,
        "slat_ns" : {
          "min" : 0,
          "max" : 0,
          "mean" : 0.000000,
          "stddev" : 0.000000,
          "N" : 0
        },
        "clat_ns" : {
          "min" : 0,
          "max" : 0,
          "mean" : 0.000000,
          "stddev" : 0.000000,
          "N" : 0
        },
        "lat_ns" : {
          "min" : 0,
          "max" : 0,
          "mean" : 0.000000,
          "stddev" : 0.000000,
          "N" : 0
        },
        "bw_min" : 0,
        "bw_max" : 0,
        "bw_agg" : 0.000000,
        "bw_mean" : 0.000000,
        "bw_dev" : 0.000000,
        "bw_samples" : 0,
        "iops_min" : 0,
        "iops_max" : 0,
        "iops_mean" : 0.000000,
        "iops_stddev" : 0.000000,
        "iops_samples" : 0
      },
      "write" : {
        "io_bytes" : 4212006912,
        "io_kbytes" : 4113288,
        "bw_bytes" : 70198945,
        "bw" : 68553,
        "iops" : 8569.207180,
        "runtime" : 60001,
        "total_ios" : 514161,
        "short_ios" : 0,
        "drop_ios" : 0,
        "slat_ns" : {
          "min" : 0,
          "max" : 0,
          "mean" : 0.000000,
          "stddev" : 0.000000,
          "N" : 0
        },
        "clat_ns" : {
          "min" : 472496,
          "max" : 1752529342,
          "mean" : 581639.687246,
          "stddev" : 5418468.631895,
          "N" : 514161,
          "percentile" : {
            "1.000000" : 481280,
            "5.000000" : 481280,
            "10.000000" : 481280,
            "20.000000" : 485376,
            "30.000000" : 485376,
            "40.000000" : 485376,
            "50.000000" : 489472,
            "60.000000" : 497664,
            "70.000000" : 509952,
            "80.000000" : 749568,
            "90.000000" : 790528,
            "95.000000" : 790528,
            "99.000000" : 798720,
            "99.500000" : 798720,
            "99.900000" : 2211840,
            "99.950000" : 2539520,
            "99.990000" : 5734400
          }
        },
        "lat_ns" : {
          "min" : 479323,
          "max" : 1752529986,
          "mean" : 582411.124957,
          "stddev" : 5418570.321214,
          "N" : 514161,
          "percentile" : {
            "1.000000" : 481280,
            "5.000000" : 485376,
            "10.000000" : 485376,
            "20.000000" : 485376,
            "30.000000" : 485376,
            "40.000000" : 485376,
            "50.000000" : 489472,
            "60.000000" : 497664,
            "70.000000" : 514048,
            "80.000000" : 749568,
            "90.000000" : 790528,
            "95.000000" : 790528,
            "99.000000" : 798720,
            "99.500000" : 798720,
            "99.900000" : 2211840,
            "99.950000" : 2539520,
            "99.990000" : 5799936
          }
        },
        "bw_min" : 12466,
        "bw_max" : 71408,
        "bw_agg" : 100.000000,
        "bw_mean" : 70233.396552,
        "bw_dev" : 1118.333188,
        "bw_samples" : 580,
        "iops_min" : 1555,
        "iops_max" : 8926,
        "iops_mean" : 8779.146552,
        "iops_stddev" : 139.849640,
        "iops_samples" : 580
      },
      "ZNS Reset" : {
        "total_zone_resets" : 0,
        "io_bytes" : 0,
        "io_kbytes" : 0,
        "bw_bytes" : 0,
        "bw" : 0,
        "iops" : 0.000000,
        "runtime" : 0,
        "total_ios" : 0,
        "short_ios" : 0,
        "drop_ios" : 0,
        "slat_ns" : {
          "min" : 0,
          "max" : 0,
          "mean" : 0.000000,
          "stddev" : 0.000000,
          "N" : 0
        },
        "clat_ns" : {
          "min" : 0,
          "max" : 0,
          "mean" : 0.000000,
          "stddev" : 0.000000,
          "N" : 0
        },
        "lat_ns" : {
          "min" : 0,
          "max" : 0,
          "mean" : 0.000000,
          "stddev" : 0.000000,
          "N" : 0
        },
        "bw_min" : 0,
        "bw_max" : 0,
        "bw_agg" : 0.000000,
        "bw_mean" : 0.000000,
        "bw_dev" : 0.000000,
        "bw_samples" : 0,
        "iops_min" : 0,
        "iops_max" : 0,
        "iops_mean" : 0.000000,
        "iops_stddev" : 0.000000,
        "iops_samples" : 0
      },
      "sync" : {
        "total_ios" : 0,
        "lat_ns" : {
          "min" : 0,
          "max" : 0,
          "mean" : 0.000000,
          "stddev" : 0.000000,
          "N" : 0
        }
      },
      "job_runtime" : 300000,
      "usr_cpu" : 99.518333,
      "sys_cpu" : 0.459667,
      "ctx" : 239,
      "majf" : 0,
      "minf" : 0,
      "iodepth_level" : {
        "1" : 100.000000,
        "2" : 0.000000,
        "4" : 0.000000,
        "8" : 0.000000,
        "16" : 0.000000,
        "32" : 0.000000,
        ">=64" : 0.000000
      },
      "iodepth_submit" : {
        "0" : 0.000000,
        "4" : 100.000000,
        "8" : 0.000000,
        "16" : 0.000000,
        "32" : 0.000000,
        "64" : 0.000000,
        ">=64" : 0.000000
      },
      "iodepth_complete" : {
        "0" : 0.000000,
        "4" : 100.000000,
        "8" : 0.000000,
        "16" : 0.000000,
        "32" : 0.000000,
        "64" : 0.000000,
        ">=64" : 0.000000
      },
      "latency_ns" : {
        "2" : 0.000000,
        "4" : 0.000000,
        "10" : 0.000000,
        "20" : 0.000000,
        "50" : 0.000000,
        "100" : 0.000000,
        "250" : 0.000000,
        "500" : 0.000000,
        "750" : 0.000000,
        "1000" : 0.000000
      },
      "latency_us" : {
        "2" : 0.000000,
        "4" : 0.000000,
        "10" : 0.000000,
        "20" : 0.000000,
        "50" : 0.000000,
        "100" : 0.000000,
        "250" : 0.000000,
        "500" : 65.411029,
        "750" : 14.442558,
        "1000" : 20.025828
      },
      "latency_ms" : {
        "2" : 0.010000,
        "4" : 0.105803,
        "10" : 0.010000,
        "20" : 0.010000,
        "50" : 0.010000,
        "100" : 0.010000,
        "250" : 0.000000,
        "500" : 0.000000,
        "750" : 0.000000,
        "1000" : 0.000000,
        "2000" : 0.010000,
        ">=2000" : 0.000000
      },
      "latency_depth" : 1,
      "latency_target" : 0,
      "latency_percentile" : 100.000000,
      "latency_window" : 0
    }
  ]
}
