{
  "fio version" : "fio-3.35",
  "timestamp" : 1715557189,
  "timestamp_ms" : 1715557189945,
  "time" : "Sun May 12 23:39:49 2024",
  "global options" : {
    "name" : "bw",
    "ioengine" : "io_uring_cmd",
    "bs" : "8K",
    "zonemode" : "zbd",
    "thread" : "1",
    "lat_percentiles" : "1",
    "iodepth" : "1",
    "size" : "7z",
    "offset_increment" : "7z",
    "runtime" : "1m",
    "filename" : "/dev/ng1n1",
    "sqthread_poll" : "1"
  },
  "jobs" : [
    {
      "jobname" : "write",
      "groupid" : 0,
      "error" : 0,
      "eta" : 0,
      "elapsed" : 61,
      "job options" : {
        "numjobs" : "4",
        "rw" : "write",
        "size" : "3z"
      },
      "read" : {
        "io_bytes" : 0,
        "io_kbytes" : 0,
        "bw_bytes" : 0,
        "bw" : 0,
        "iops" : 0.000000,
        "runtime" : 0,
        "total_ios" : 0,
        "short_ios" : 0,
        "drop_ios" : 0,
        "slat_ns" : {
          "min" : 0,
          "max" : 0,
          "mean" : 0.000000,
          "stddev" : 0.000000,
          "N" : 0
        },
        "clat_ns" : {
          "min" : 0,
          "max" : 0,
          "mean" : 0.000000,
          "stddev" : 0.000000,
          "N" : 0
        },
        "lat_ns" : {
          "min" : 0,
          "max" : 0,
          "mean" : 0.000000,
          "stddev" : 0.000000,
          "N" : 0
        },
        "bw_min" : 0,
        "bw_max" : 0,
        "bw_agg" : 0.000000,
        "bw_mean" : 0.000000,
        "bw_dev" : 0.000000,
        "bw_samples" : 0,
        "iops_min" : 0,
        "iops_max" : 0,
        "iops_mean" : 0.000000,
        "iops_stddev" : 0.000000,
        "iops_samples" : 0
      },
      "write" : {
        "io_bytes" : 4050968576,
        "io_kbytes" : 3956024,
        "bw_bytes" : 67515017,
        "bw" : 65932,
        "iops" : 8241.579307,
        "runtime" : 60001,
        "total_ios" : 494503,
        "short_ios" : 0,
        "drop_ios" : 0,
        "slat_ns" : {
          "min" : 0,
          "max" : 0,
          "mean" : 0.000000,
          "stddev" : 0.000000,
          "N" : 0
        },
        "clat_ns" : {
          "min" : 478602,
          "max" : 57774911,
          "mean" : 483787.718845,
          "stddev" : 171043.055704,
          "N" : 494503,
          "percentile" : {
            "1.000000" : 481280,
            "5.000000" : 481280,
            "10.000000" : 481280,
            "20.000000" : 481280,
            "30.000000" : 481280,
            "40.000000" : 481280,
            "50.000000" : 481280,
            "60.000000" : 481280,
            "70.000000" : 481280,
            "80.000000" : 481280,
            "90.000000" : 485376,
            "95.000000" : 485376,
            "99.000000" : 497664,
            "99.500000" : 501760,
            "99.900000" : 618496,
            "99.950000" : 716800,
            "99.990000" : 2473984
          }
        },
        "lat_ns" : {
          "min" : 480430,
          "max" : 57775309,
          "mean" : 484625.813724,
          "stddev" : 171050.499249,
          "N" : 494503,
          "percentile" : {
            "1.000000" : 481280,
            "5.000000" : 481280,
            "10.000000" : 481280,
            "20.000000" : 481280,
            "30.000000" : 481280,
            "40.000000" : 481280,
            "50.000000" : 481280,
            "60.000000" : 481280,
            "70.000000" : 481280,
            "80.000000" : 481280,
            "90.000000" : 485376,
            "95.000000" : 489472,
            "99.000000" : 497664,
            "99.500000" : 501760,
            "99.900000" : 618496,
            "99.950000" : 716800,
            "99.990000" : 2473984
          }
        },
        "bw_min" : 58368,
        "bw_max" : 66304,
        "bw_agg" : 100.000000,
        "bw_mean" : 65998.117647,
        "bw_dev" : 205.386533,
        "bw_samples" : 476,
        "iops_min" : 7296,
        "iops_max" : 8288,
        "iops_mean" : 8249.781513,
        "iops_stddev" : 25.674331,
        "iops_samples" : 476
      },
      "ZNS Reset" : {
        "total_zone_resets" : 0,
        "io_bytes" : 0,
        "io_kbytes" : 0,
        "bw_bytes" : 0,
        "bw" : 0,
        "iops" : 0.000000,
        "runtime" : 0,
        "total_ios" : 0,
        "short_ios" : 0,
        "drop_ios" : 0,
        "slat_ns" : {
          "min" : 0,
          "max" : 0,
          "mean" : 0.000000,
          "stddev" : 0.000000,
          "N" : 0
        },
        "clat_ns" : {
          "min" : 0,
          "max" : 0,
          "mean" : 0.000000,
          "stddev" : 0.000000,
          "N" : 0
        },
        "lat_ns" : {
          "min" : 0,
          "max" : 0,
          "mean" : 0.000000,
          "stddev" : 0.000000,
          "N" : 0
        },
        "bw_min" : 0,
        "bw_max" : 0,
        "bw_agg" : 0.000000,
        "bw_mean" : 0.000000,
        "bw_dev" : 0.000000,
        "bw_samples" : 0,
        "iops_min" : 0,
        "iops_max" : 0,
        "iops_mean" : 0.000000,
        "iops_stddev" : 0.000000,
        "iops_samples" : 0
      },
      "sync" : {
        "total_ios" : 0,
        "lat_ns" : {
          "min" : 0,
          "max" : 0,
          "mean" : 0.000000,
          "stddev" : 0.000000,
          "N" : 0
        }
      },
      "job_runtime" : 240000,
      "usr_cpu" : 99.992917,
      "sys_cpu" : 0.000000,
      "ctx" : 220,
      "majf" : 0,
      "minf" : 0,
      "iodepth_level" : {
        "1" : 100.000000,
        "2" : 0.000000,
        "4" : 0.000000,
        "8" : 0.000000,
        "16" : 0.000000,
        "32" : 0.000000,
        ">=64" : 0.000000
      },
      "iodepth_submit" : {
        "0" : 0.000000,
        "4" : 100.000000,
        "8" : 0.000000,
        "16" : 0.000000,
        "32" : 0.000000,
        "64" : 0.000000,
        ">=64" : 0.000000
      },
      "iodepth_complete" : {
        "0" : 0.000000,
        "4" : 100.000000,
        "8" : 0.000000,
        "16" : 0.000000,
        "32" : 0.000000,
        "64" : 0.000000,
        ">=64" : 0.000000
      },
      "latency_ns" : {
        "2" : 0.000000,
        "4" : 0.000000,
        "10" : 0.000000,
        "20" : 0.000000,
        "50" : 0.000000,
        "100" : 0.000000,
        "250" : 0.000000,
        "500" : 0.000000,
        "750" : 0.000000,
        "1000" : 0.000000
      },
      "latency_us" : {
        "2" : 0.000000,
        "4" : 0.000000,
        "10" : 0.000000,
        "20" : 0.000000,
        "50" : 0.000000,
        "100" : 0.000000,
        "250" : 0.000000,
        "500" : 99.236607,
        "750" : 0.720926,
        "1000" : 0.010000
      },
      "latency_ms" : {
        "2" : 0.010000,
        "4" : 0.029120,
        "10" : 0.010000,
        "20" : 0.010000,
        "50" : 0.000000,
        "100" : 0.010000,
        "250" : 0.000000,
        "500" : 0.000000,
        "750" : 0.000000,
        "1000" : 0.000000,
        "2000" : 0.000000,
        ">=2000" : 0.000000
      },
      "latency_depth" : 1,
      "latency_target" : 0,
      "latency_percentile" : 100.000000,
      "latency_window" : 0
    }
  ]
}
