{
  "fio version" : "fio-3.35",
  "timestamp" : 1715557325,
  "timestamp_ms" : 1715557325490,
  "time" : "Sun May 12 23:42:05 2024",
  "global options" : {
    "name" : "bw",
    "ioengine" : "io_uring_cmd",
    "bs" : "8K",
    "zonemode" : "zbd",
    "thread" : "1",
    "lat_percentiles" : "1",
    "iodepth" : "1",
    "size" : "9z",
    "offset_increment" : "9z",
    "runtime" : "1m",
    "filename" : "/dev/ng1n1",
    "sqthread_poll" : "1"
  },
  "jobs" : [
    {
      "jobname" : "write",
      "groupid" : 0,
      "error" : 0,
      "eta" : 0,
      "elapsed" : 61,
      "job options" : {
        "numjobs" : "3",
        "rw" : "write",
        "size" : "3z"
      },
      "read" : {
        "io_bytes" : 0,
        "io_kbytes" : 0,
        "bw_bytes" : 0,
        "bw" : 0,
        "iops" : 0.000000,
        "runtime" : 0,
        "total_ios" : 0,
        "short_ios" : 0,
        "drop_ios" : 0,
        "slat_ns" : {
          "min" : 0,
          "max" : 0,
          "mean" : 0.000000,
          "stddev" : 0.000000,
          "N" : 0
        },
        "clat_ns" : {
          "min" : 0,
          "max" : 0,
          "mean" : 0.000000,
          "stddev" : 0.000000,
          "N" : 0
        },
        "lat_ns" : {
          "min" : 0,
          "max" : 0,
          "mean" : 0.000000,
          "stddev" : 0.000000,
          "N" : 0
        },
        "bw_min" : 0,
        "bw_max" : 0,
        "bw_agg" : 0.000000,
        "bw_mean" : 0.000000,
        "bw_dev" : 0.000000,
        "bw_samples" : 0,
        "iops_min" : 0,
        "iops_max" : 0,
        "iops_mean" : 0.000000,
        "iops_stddev" : 0.000000,
        "iops_samples" : 0
      },
      "write" : {
        "io_bytes" : 3042672640,
        "io_kbytes" : 2971360,
        "bw_bytes" : 50710365,
        "bw" : 49521,
        "iops" : 6190.230163,
        "runtime" : 60001,
        "total_ios" : 371420,
        "short_ios" : 0,
        "drop_ios" : 0,
        "slat_ns" : {
          "min" : 0,
          "max" : 0,
          "mean" : 0.000000,
          "stddev" : 0.000000,
          "N" : 0
        },
        "clat_ns" : {
          "min" : 463152,
          "max" : 26045905,
          "mean" : 483135.583334,
          "stddev" : 86187.436270,
          "N" : 371420,
          "percentile" : {
            "1.000000" : 481280,
            "5.000000" : 481280,
            "10.000000" : 481280,
            "20.000000" : 481280,
            "30.000000" : 481280,
            "40.000000" : 481280,
            "50.000000" : 481280,
            "60.000000" : 481280,
            "70.000000" : 481280,
            "80.000000" : 481280,
            "90.000000" : 481280,
            "95.000000" : 485376,
            "99.000000" : 493568,
            "99.500000" : 497664,
            "99.900000" : 518144,
            "99.950000" : 757760,
            "99.990000" : 2441216
          }
        },
        "lat_ns" : {
          "min" : 479479,
          "max" : 26046413,
          "mean" : 484097.154348,
          "stddev" : 86188.793492,
          "N" : 371420,
          "percentile" : {
            "1.000000" : 481280,
            "5.000000" : 481280,
            "10.000000" : 481280,
            "20.000000" : 481280,
            "30.000000" : 481280,
            "40.000000" : 481280,
            "50.000000" : 481280,
            "60.000000" : 481280,
            "70.000000" : 481280,
            "80.000000" : 481280,
            "90.000000" : 485376,
            "95.000000" : 485376,
            "99.000000" : 497664,
            "99.500000" : 497664,
            "99.900000" : 518144,
            "99.950000" : 757760,
            "99.990000" : 2441216
          }
        },
        "bw_min" : 46992,
        "bw_max" : 49776,
        "bw_agg" : 100.000000,
        "bw_mean" : 49570.151261,
        "bw_dev" : 95.763155,
        "bw_samples" : 357,
        "iops_min" : 5874,
        "iops_max" : 6222,
        "iops_mean" : 6196.268908,
        "iops_stddev" : 11.970394,
        "iops_samples" : 357
      },
      "ZNS Reset" : {
        "total_zone_resets" : 0,
        "io_bytes" : 0,
        "io_kbytes" : 0,
        "bw_bytes" : 0,
        "bw" : 0,
        "iops" : 0.000000,
        "runtime" : 0,
        "total_ios" : 0,
        "short_ios" : 0,
        "drop_ios" : 0,
        "slat_ns" : {
          "min" : 0,
          "max" : 0,
          "mean" : 0.000000,
          "stddev" : 0.000000,
          "N" : 0
        },
        "clat_ns" : {
          "min" : 0,
          "max" : 0,
          "mean" : 0.000000,
          "stddev" : 0.000000,
          "N" : 0
        },
        "lat_ns" : {
          "min" : 0,
          "max" : 0,
          "mean" : 0.000000,
          "stddev" : 0.000000,
          "N" : 0
        },
        "bw_min" : 0,
        "bw_max" : 0,
        "bw_agg" : 0.000000,
        "bw_mean" : 0.000000,
        "bw_dev" : 0.000000,
        "bw_samples" : 0,
        "iops_min" : 0,
        "iops_max" : 0,
        "iops_mean" : 0.000000,
        "iops_stddev" : 0.000000,
        "iops_samples" : 0
      },
      "sync" : {
        "total_ios" : 0,
        "lat_ns" : {
          "min" : 0,
          "max" : 0,
          "mean" : 0.000000,
          "stddev" : 0.000000,
          "N" : 0
        }
      },
      "job_runtime" : 180000,
      "usr_cpu" : 99.992778,
      "sys_cpu" : 0.000000,
      "ctx" : 152,
      "majf" : 0,
      "minf" : 0,
      "iodepth_level" : {
        "1" : 100.000000,
        "2" : 0.000000,
        "4" : 0.000000,
        "8" : 0.000000,
        "16" : 0.000000,
        "32" : 0.000000,
        ">=64" : 0.000000
      },
      "iodepth_submit" : {
        "0" : 0.000000,
        "4" : 100.000000,
        "8" : 0.000000,
        "16" : 0.000000,
        "32" : 0.000000,
        "64" : 0.000000,
        ">=64" : 0.000000
      },
      "iodepth_complete" : {
        "0" : 0.000000,
        "4" : 100.000000,
        "8" : 0.000000,
        "16" : 0.000000,
        "32" : 0.000000,
        "64" : 0.000000,
        ">=64" : 0.000000
      },
      "latency_ns" : {
        "2" : 0.000000,
        "4" : 0.000000,
        "10" : 0.000000,
        "20" : 0.000000,
        "50" : 0.000000,
        "100" : 0.000000,
        "250" : 0.000000,
        "500" : 0.000000,
        "750" : 0.000000,
        "1000" : 0.000000
      },
      "latency_us" : {
        "2" : 0.000000,
        "4" : 0.000000,
        "10" : 0.000000,
        "20" : 0.000000,
        "50" : 0.000000,
        "100" : 0.000000,
        "250" : 0.000000,
        "500" : 99.665069,
        "750" : 0.284583,
        "1000" : 0.010000
      },
      "latency_ms" : {
        "2" : 0.010000,
        "4" : 0.034462,
        "10" : 0.010000,
        "20" : 0.000000,
        "50" : 0.010000,
        "100" : 0.000000,
        "250" : 0.000000,
        "500" : 0.000000,
        "750" : 0.000000,
        "1000" : 0.000000,
        "2000" : 0.000000,
        ">=2000" : 0.000000
      },
      "latency_depth" : 1,
      "latency_target" : 0,
      "latency_percentile" : 100.000000,
      "latency_window" : 0
    }
  ]
}
