{
  "fio version" : "fio-3.35",
  "timestamp" : 1715557045,
  "timestamp_ms" : 1715557045946,
  "time" : "Sun May 12 23:37:25 2024",
  "global options" : {
    "name" : "bw",
    "ioengine" : "io_uring_cmd",
    "bs" : "8K",
    "zonemode" : "zbd",
    "thread" : "1",
    "lat_percentiles" : "1",
    "iodepth" : "1",
    "size" : "5z",
    "offset_increment" : "5z",
    "runtime" : "1m",
    "filename" : "/dev/ng1n1",
    "sqthread_poll" : "1"
  },
  "jobs" : [
    {
      "jobname" : "write",
      "groupid" : 0,
      "error" : 0,
      "eta" : 0,
      "elapsed" : 61,
      "job options" : {
        "numjobs" : "5",
        "rw" : "write",
        "size" : "3z"
      },
      "read" : {
        "io_bytes" : 0,
        "io_kbytes" : 0,
        "bw_bytes" : 0,
        "bw" : 0,
        "iops" : 0.000000,
        "runtime" : 0,
        "total_ios" : 0,
        "short_ios" : 0,
        "drop_ios" : 0,
        "slat_ns" : {
          "min" : 0,
          "max" : 0,
          "mean" : 0.000000,
          "stddev" : 0.000000,
          "N" : 0
        },
        "clat_ns" : {
          "min" : 0,
          "max" : 0,
          "mean" : 0.000000,
          "stddev" : 0.000000,
          "N" : 0
        },
        "lat_ns" : {
          "min" : 0,
          "max" : 0,
          "mean" : 0.000000,
          "stddev" : 0.000000,
          "N" : 0
        },
        "bw_min" : 0,
        "bw_max" : 0,
        "bw_agg" : 0.000000,
        "bw_mean" : 0.000000,
        "bw_dev" : 0.000000,
        "bw_samples" : 0,
        "iops_min" : 0,
        "iops_max" : 0,
        "iops_mean" : 0.000000,
        "iops_stddev" : 0.000000,
        "iops_samples" : 0
      },
      "write" : {
        "io_bytes" : 4314480640,
        "io_kbytes" : 4213360,
        "bw_bytes" : 71906812,
        "bw" : 70221,
        "iops" : 8777.687039,
        "runtime" : 60001,
        "total_ios" : 526670,
        "short_ios" : 0,
        "drop_ios" : 0,
        "slat_ns" : {
          "min" : 0,
          "max" : 0,
          "mean" : 0.000000,
          "stddev" : 0.000000,
          "N" : 0
        },
        "clat_ns" : {
          "min" : 476727,
          "max" : 227730464,
          "mean" : 565001.591777,
          "stddev" : 705869.681322,
          "N" : 526670,
          "percentile" : {
            "1.000000" : 481280,
            "5.000000" : 485376,
            "10.000000" : 485376,
            "20.000000" : 489472,
            "30.000000" : 493568,
            "40.000000" : 497664,
            "50.000000" : 505856,
            "60.000000" : 522240,
            "70.000000" : 569344,
            "80.000000" : 675840,
            "90.000000" : 741376,
            "95.000000" : 774144,
            "99.000000" : 790528,
            "99.500000" : 790528,
            "99.900000" : 798720,
            "99.950000" : 929792,
            "99.990000" : 2867200
          }
        },
        "lat_ns" : {
          "min" : 479913,
          "max" : 227730937,
          "mean" : 565863.548820,
          "stddev" : 707499.971843,
          "N" : 526670,
          "percentile" : {
            "1.000000" : 481280,
            "5.000000" : 485376,
            "10.000000" : 485376,
            "20.000000" : 489472,
            "30.000000" : 493568,
            "40.000000" : 497664,
            "50.000000" : 505856,
            "60.000000" : 528384,
            "70.000000" : 569344,
            "80.000000" : 684032,
            "90.000000" : 741376,
            "95.000000" : 774144,
            "99.000000" : 790528,
            "99.500000" : 790528,
            "99.900000" : 798720,
            "99.950000" : 929792,
            "99.990000" : 2998272
          }
        },
        "bw_min" : 35080,
        "bw_max" : 71504,
        "bw_agg" : 100.000000,
        "bw_mean" : 70448.117647,
        "bw_dev" : 801.328765,
        "bw_samples" : 595,
        "iops_min" : 4382,
        "iops_max" : 8938,
        "iops_mean" : 8805.470588,
        "iops_stddev" : 100.209058,
        "iops_samples" : 595
      },
      "ZNS Reset" : {
        "total_zone_resets" : 0,
        "io_bytes" : 0,
        "io_kbytes" : 0,
        "bw_bytes" : 0,
        "bw" : 0,
        "iops" : 0.000000,
        "runtime" : 0,
        "total_ios" : 0,
        "short_ios" : 0,
        "drop_ios" : 0,
        "slat_ns" : {
          "min" : 0,
          "max" : 0,
          "mean" : 0.000000,
          "stddev" : 0.000000,
          "N" : 0
        },
        "clat_ns" : {
          "min" : 0,
          "max" : 0,
          "mean" : 0.000000,
          "stddev" : 0.000000,
          "N" : 0
        },
        "lat_ns" : {
          "min" : 0,
          "max" : 0,
          "mean" : 0.000000,
          "stddev" : 0.000000,
          "N" : 0
        },
        "bw_min" : 0,
        "bw_max" : 0,
        "bw_agg" : 0.000000,
        "bw_mean" : 0.000000,
        "bw_dev" : 0.000000,
        "bw_samples" : 0,
        "iops_min" : 0,
        "iops_max" : 0,
        "iops_mean" : 0.000000,
        "iops_stddev" : 0.000000,
        "iops_samples" : 0
      },
      "sync" : {
        "total_ios" : 0,
        "lat_ns" : {
          "min" : 0,
          "max" : 0,
          "mean" : 0.000000,
          "stddev" : 0.000000,
          "N" : 0
        }
      },
      "job_runtime" : 300000,
      "usr_cpu" : 99.989667,
      "sys_cpu" : 0.002667,
      "ctx" : 169,
      "majf" : 0,
      "minf" : 0,
      "iodepth_level" : {
        "1" : 100.000000,
        "2" : 0.000000,
        "4" : 0.000000,
        "8" : 0.000000,
        "16" : 0.000000,
        "32" : 0.000000,
        ">=64" : 0.000000
      },
      "iodepth_submit" : {
        "0" : 0.000000,
        "4" : 100.000000,
        "8" : 0.000000,
        "16" : 0.000000,
        "32" : 0.000000,
        "64" : 0.000000,
        ">=64" : 0.000000
      },
      "iodepth_complete" : {
        "0" : 0.000000,
        "4" : 100.000000,
        "8" : 0.000000,
        "16" : 0.000000,
        "32" : 0.000000,
        "64" : 0.000000,
        ">=64" : 0.000000
      },
      "latency_ns" : {
        "2" : 0.000000,
        "4" : 0.000000,
        "10" : 0.000000,
        "20" : 0.000000,
        "50" : 0.000000,
        "100" : 0.000000,
        "250" : 0.000000,
        "500" : 0.000000,
        "750" : 0.000000,
        "1000" : 0.000000
      },
      "latency_us" : {
        "2" : 0.000000,
        "4" : 0.000000,
        "10" : 0.000000,
        "20" : 0.000000,
        "50" : 0.000000,
        "100" : 0.000000,
        "250" : 0.000000,
        "500" : 44.224277,
        "750" : 47.059829,
        "1000" : 8.676781
      },
      "latency_ms" : {
        "2" : 0.010000,
        "4" : 0.024873,
        "10" : 0.010000,
        "20" : 0.010000,
        "50" : 0.010000,
        "100" : 0.010000,
        "250" : 0.010000,
        "500" : 0.000000,
        "750" : 0.000000,
        "1000" : 0.000000,
        "2000" : 0.000000,
        ">=2000" : 0.000000
      },
      "latency_depth" : 1,
      "latency_target" : 0,
      "latency_percentile" : 100.000000,
      "latency_window" : 0
    }
  ]
}
