{
  "fio version" : "fio-3.35",
  "timestamp" : 1699649753,
  "timestamp_ms" : 1699649753758,
  "time" : "Fri Nov 10 20:55:53 2023",
  "global options" : {
    "name" : "bw",
    "ioengine" : "io_uring_cmd",
    "bs" : "64K",
    "zonemode" : "zbd",
    "thread" : "1",
    "numjobs" : "1",
    "lat_percentiles" : "1",
    "iodepth" : "1",
    "runtime" : "10m",
    "filename" : "/dev/ng0n2",
    "sqthread_poll" : "1"
  },
  "jobs" : [
    {
      "jobname" : "fill",
      "groupid" : 0,
      "error" : 0,
      "eta" : 0,
      "elapsed" : 1156,
      "job options" : {
        "rw" : "write",
        "offset" : "300z",
        "size" : "604z"
      },
      "read" : {
        "io_bytes" : 0,
        "io_kbytes" : 0,
        "bw_bytes" : 0,
        "bw" : 0,
        "iops" : 0.000000,
        "runtime" : 0,
        "total_ios" : 0,
        "short_ios" : 0,
        "drop_ios" : 0,
        "slat_ns" : {
          "min" : 0,
          "max" : 0,
          "mean" : 0.000000,
          "stddev" : 0.000000,
          "N" : 0
        },
        "clat_ns" : {
          "min" : 0,
          "max" : 0,
          "mean" : 0.000000,
          "stddev" : 0.000000,
          "N" : 0
        },
        "lat_ns" : {
          "min" : 0,
          "max" : 0,
          "mean" : 0.000000,
          "stddev" : 0.000000,
          "N" : 0
        },
        "bw_min" : 0,
        "bw_max" : 0,
        "bw_agg" : 0.000000,
        "bw_mean" : 0.000000,
        "bw_dev" : 0.000000,
        "bw_samples" : 0,
        "iops_min" : 0,
        "iops_max" : 0,
        "iops_mean" : 0.000000,
        "iops_stddev" : 0.000000,
        "iops_samples" : 0
      },
      "finish" : {
        "total_zone_resets" : 0,
        "io_bytes" : 682107076608,
        "io_kbytes" : 666120192,
        "bw_bytes" : 1229657636,
        "bw" : 1200837,
        "iops" : 18763.086497,
        "runtime" : 554713,
        "total_ios" : 10408128,
        "short_ios" : 0,
        "drop_ios" : 0,
        "slat_ns" : {
          "min" : 0,
          "max" : 0,
          "mean" : 0.000000,
          "stddev" : 0.000000,
          "N" : 0
        },
        "clat_ns" : {
          "min" : 34318,
          "max" : 20594925,
          "mean" : 50884.409722,
          "stddev" : 47773.584173,
          "N" : 10408128,
          "percentile" : {
            "1.000000" : 43776,
            "5.000000" : 44288,
            "10.000000" : 44288,
            "20.000000" : 44800,
            "30.000000" : 44800,
            "40.000000" : 44800,
            "50.000000" : 45312,
            "60.000000" : 45312,
            "70.000000" : 46336,
            "80.000000" : 47872,
            "90.000000" : 51968,
            "95.000000" : 74240,
            "99.000000" : 150528,
            "99.500000" : 181248,
            "99.900000" : 272384,
            "99.950000" : 651264,
            "99.990000" : 2441216
          }
        },
        "lat_ns" : {
          "min" : 44376,
          "max" : 20596601,
          "mean" : 52559.147224,
          "stddev" : 47775.243169,
          "N" : 10408128,
          "percentile" : {
            "1.000000" : 45312,
            "5.000000" : 45824,
            "10.000000" : 45824,
            "20.000000" : 46336,
            "30.000000" : 46336,
            "40.000000" : 46848,
            "50.000000" : 46848,
            "60.000000" : 47360,
            "70.000000" : 47872,
            "80.000000" : 49920,
            "90.000000" : 54016,
            "95.000000" : 76288,
            "99.000000" : 152576,
            "99.500000" : 183296,
            "99.900000" : 276480,
            "99.950000" : 651264,
            "99.990000" : 2441216
          }
        },
        "bw_min" : 1157888,
        "bw_max" : 1220736,
        "bw_agg" : 100.000000,
        "bw_mean" : 1201321.799820,
        "bw_dev" : 8252.490810,
        "bw_samples" : 1109,
        "iops_min" : 18092,
        "iops_max" : 19076,
        "iops_mean" : 18770.532913,
        "iops_stddev" : 128.900173,
        "iops_samples" : 1109
      },
      "ZNS Reset" : {
        "total_zone_resets" : 0,
        "io_bytes" : 0,
        "io_kbytes" : 0,
        "bw_bytes" : 0,
        "bw" : 0,
        "iops" : 0.000000,
        "runtime" : 0,
        "total_ios" : 0,
        "short_ios" : 0,
        "drop_ios" : 0,
        "slat_ns" : {
          "min" : 0,
          "max" : 0,
          "mean" : 0.000000,
          "stddev" : 0.000000,
          "N" : 0
        },
        "clat_ns" : {
          "min" : 0,
          "max" : 0,
          "mean" : 0.000000,
          "stddev" : 0.000000,
          "N" : 0
        },
        "lat_ns" : {
          "min" : 0,
          "max" : 0,
          "mean" : 0.000000,
          "stddev" : 0.000000,
          "N" : 0
        },
        "bw_min" : 0,
        "bw_max" : 0,
        "bw_agg" : 0.000000,
        "bw_mean" : 0.000000,
        "bw_dev" : 0.000000,
        "bw_samples" : 0,
        "iops_min" : 0,
        "iops_max" : 0,
        "iops_mean" : 0.000000,
        "iops_stddev" : 0.000000,
        "iops_samples" : 0
      },
      "sync" : {
        "total_ios" : 0,
        "lat_ns" : {
          "min" : 0,
          "max" : 0,
          "mean" : 0.000000,
          "stddev" : 0.000000,
          "N" : 0
        }
      },
      "job_runtime" : 554712,
      "usr_cpu" : 99.999459,
      "sys_cpu" : 0.000000,
      "ctx" : 737,
      "majf" : 0,
      "minf" : 0,
      "iodepth_level" : {
        "1" : 100.000000,
        "2" : 0.000000,
        "4" : 0.000000,
        "8" : 0.000000,
        "16" : 0.000000,
        "32" : 0.000000,
        ">=64" : 0.000000
      },
      "iodepth_submit" : {
        "0" : 0.000000,
        "4" : 100.000000,
        "8" : 0.000000,
        "16" : 0.000000,
        "32" : 0.000000,
        "64" : 0.000000,
        ">=64" : 0.000000
      },
      "iodepth_complete" : {
        "0" : 0.000000,
        "4" : 100.000000,
        "8" : 0.000000,
        "16" : 0.000000,
        "32" : 0.000000,
        "64" : 0.000000,
        ">=64" : 0.000000
      },
      "latency_ns" : {
        "2" : 0.000000,
        "4" : 0.000000,
        "10" : 0.000000,
        "20" : 0.000000,
        "50" : 0.000000,
        "100" : 0.000000,
        "250" : 0.000000,
        "500" : 0.000000,
        "750" : 0.000000,
        "1000" : 0.000000
      },
      "latency_us" : {
        "2" : 0.000000,
        "4" : 0.000000,
        "10" : 0.000000,
        "20" : 0.000000,
        "50" : 86.468460,
        "100" : 10.987586,
        "250" : 2.387980,
        "500" : 0.098010,
        "750" : 0.011414,
        "1000" : 0.010000
      },
      "latency_ms" : {
        "2" : 0.016228,
        "4" : 0.024135,
        "10" : 0.010000,
        "20" : 0.010000,
        "50" : 0.010000,
        "100" : 0.000000,
        "250" : 0.000000,
        "500" : 0.000000,
        "750" : 0.000000,
        "1000" : 0.000000,
        "2000" : 0.000000,
        ">=2000" : 0.000000
      },
      "latency_depth" : 1,
      "latency_target" : 0,
      "latency_percentile" : 100.000000,
      "latency_window" : 0
    },
    {
      "jobname" : "read",
      "groupid" : 1,
      "error" : 0,
      "eta" : 0,
      "elapsed" : 1156,
      "job options" : {
        "iodepth" : "32",
        "rw" : "randread",
        "bs" : "8K",
        "offset" : "300z",
        "size" : "604z"
      },
      "read" : {
        "io_bytes" : 1028970749952,
        "io_kbytes" : 1004854248,
        "bw_bytes" : 1714948391,
        "bw" : 1674754,
        "iops" : 209344.286093,
        "runtime" : 600001,
        "total_ios" : 125606781,
        "short_ios" : 0,
        "drop_ios" : 0,
        "slat_ns" : {
          "min" : 0,
          "max" : 0,
          "mean" : 0.000000,
          "stddev" : 0.000000,
          "N" : 0
        },
        "clat_ns" : {
          "min" : 36451,
          "max" : 23909660,
          "mean" : 151825.642666,
          "stddev" : 71566.726167,
          "N" : 125606781,