{
  "fio version" : "fio-3.35",
  "timestamp" : 1700783135,
  "timestamp_ms" : 1700783135919,
  "time" : "Thu Nov 23 23:45:35 2023",
  "global options" : {
    "name" : "loaded-reset",
    "ioengine" : "io_uring_cmd",
    "size" : "813z",
    "bs" : "64K",
    "zonemode" : "zbd",
    "thread" : "1",
    "lat_percentiles" : "1",
    "filename" : "/dev/ng0n2",
    "sqthread_poll" : "1"
  },
  "jobs" : [
    {
      "jobname" : "fill-prep",
      "groupid" : 0,
      "error" : 0,
      "eta" : 0,
      "elapsed" : 776,
      "job options" : {
        "iodepth" : "1",
        "rw" : "write"
      },
      "read" : {
        "io_bytes" : 0,
        "io_kbytes" : 0,
        "bw_bytes" : 0,
        "bw" : 0,
        "iops" : 0.000000,
        "runtime" : 0,
        "total_ios" : 0,
        "short_ios" : 0,
        "drop_ios" : 0,
        "slat_ns" : {
          "min" : 0,
          "max" : 0,
          "mean" : 0.000000,
          "stddev" : 0.000000,
          "N" : 0
        },
        "clat_ns" : {
          "min" : 0,
          "max" : 0,
          "mean" : 0.000000,
          "stddev" : 0.000000,
          "N" : 0
        },
        "lat_ns" : {
          "min" : 0,
          "max" : 0,
          "mean" : 0.000000,
          "stddev" : 0.000000,
          "N" : 0
        },
        "bw_min" : 0,
        "bw_max" : 0,
        "bw_agg" : 0.000000,
        "bw_mean" : 0.000000,
        "bw_dev" : 0.000000,
        "bw_samples" : 0,
        "iops_min" : 0,
        "iops_max" : 0,
        "iops_mean" : 0.000000,
        "iops_stddev" : 0.000000,
        "iops_samples" : 0
      },
      "finish" : {
        "total_zone_resets" : 0,
        "io_bytes" : 918134194176,
        "io_kbytes" : 896615424,
        "bw_bytes" : 1230112990,
        "bw" : 1201282,
        "iops" : 18770.034647,
        "runtime" : 746382,
        "total_ios" : 14009616,
        "short_ios" : 0,
        "drop_ios" : 0,
        "slat_ns" : {
          "min" : 0,
          "max" : 0,
          "mean" : 0.000000,
          "stddev" : 0.000000,
          "N" : 0
        },
        "clat_ns" : {
          "min" : 40071,
          "max" : 21598938,
          "mean" : 50996.377247,
          "stddev" : 48830.634733,
          "N" : 14009616,
          "percentile" : {
            "1.000000" : 43776,
            "5.000000" : 44288,
            "10.000000" : 44288,
            "20.000000" : 44288,
            "30.000000" : 44800,
            "40.000000" : 44800,
            "50.000000" : 44800,
            "60.000000" : 45312,
            "70.000000" : 46336,
            "80.000000" : 48384,
            "90.000000" : 52480,
            "95.000000" : 75264,
            "99.000000" : 152576,
            "99.500000" : 183296,
            "99.900000" : 276480,
            "99.950000" : 659456,
            "99.990000" : 2441216
          }
        },
        "lat_ns" : {
          "min" : 44228,
          "max" : 21600437,
          "mean" : 52544.862368,
          "stddev" : 48831.887370,
          "N" : 14009616,
          "percentile" : {
            "1.000000" : 45312,
            "5.000000" : 45824,
            "10.000000" : 45824,
            "20.000000" : 45824,
            "30.000000" : 46336,
            "40.000000" : 46336,
            "50.000000" : 46848,
            "60.000000" : 46848,
            "70.000000" : 47872,
            "80.000000" : 49920,
            "90.000000" : 54016,
            "95.000000" : 77312,
            "99.000000" : 152576,
            "99.500000" : 183296,
            "99.900000" : 276480,
            "99.950000" : 659456,
            "99.990000" : 2441216
          }
        },
        "bw_min" : 1146803,
        "bw_max" : 1221760,
        "bw_agg" : 100.000000,
        "bw_mean" : 1201763.488263,
        "bw_dev" : 8517.222815,
        "bw_samples" : 1491,
        "iops_min" : 17918,
        "iops_max" : 19090,
        "iops_mean" : 18777.443997,
        "iops_stddev" : 133.064212,
        "iops_samples" : 1491
      },
      "ZNS Reset" : {
        "total_zone_resets" : 0,
        "io_bytes" : 0,
        "io_kbytes" : 0,
        "bw_bytes" : 0,
        "bw" : 0,
        "iops" : 0.000000,
        "runtime" : 0,
        "total_ios" : 0,
        "short_ios" : 0,
        "drop_ios" : 0,
        "slat_ns" : {
          "min" : 0,
          "max" : 0,
          "mean" : 0.000000,
          "stddev" : 0.000000,
          "N" : 0
        },
        "clat_ns" : {
          "min" : 0,
          "max" : 0,
          "mean" : 0.000000,
          "stddev" : 0.000000,
          "N" : 0
        },
        "lat_ns" : {
          "min" : 0,
          "max" : 0,
          "mean" : 0.000000,
          "stddev" : 0.000000,
          "N" : 0
        },
        "bw_min" : 0,
        "bw_max" : 0,
        "bw_agg" : 0.000000,
        "bw_mean" : 0.000000,
        "bw_dev" : 0.000000,
        "bw_samples" : 0,
        "iops_min" : 0,
        "iops_max" : 0,
        "iops_mean" : 0.000000,
        "iops_stddev" : 0.000000,
        "iops_samples" : 0
      },
      "sync" : {
        "total_ios" : 0,
        "lat_ns" : {
          "min" : 0,
          "max" : 0,
          "mean" : 0.000000,
          "stddev" : 0.000000,
          "N" : 0
        }
      },
      "job_runtime" : 746381,
      "usr_cpu" : 100.000000,
      "sys_cpu" : 0.000000,
      "ctx" : 592,
      "majf" : 0,
      "minf" : 0,
      "iodepth_level" : {
        "1" : 100.000000,
        "2" : 0.000000,
        "4" : 0.000000,
        "8" : 0.000000,
        "16" : 0.000000,
        "32" : 0.000000,
        ">=64" : 0.000000
      },
      "iodepth_submit" : {
        "0" : 0.000000,
        "4" : 100.000000,
        "8" : 0.000000,
        "16" : 0.000000,
        "32" : 0.000000,
        "64" : 0.000000,
        ">=64" : 0.000000
      },
      "iodepth_complete" : {
        "0" : 0.000000,
        "4" : 100.000000,
        "8" : 0.000000,
        "16" : 0.000000,
        "32" : 0.000000,
        "64" : 0.000000,
        ">=64" : 0.000000
      },
      "latency_ns" : {
        "2" : 0.000000,
        "4" : 0.000000,
        "10" : 0.000000,
        "20" : 0.000000,
        "50" : 0.000000,
        "100" : 0.000000,
        "250" : 0.000000,
        "500" : 0.000000,
        "750" : 0.000000,
        "1000" : 0.000000
      },
      "latency_us" : {
        "2" : 0.000000,
        "4" : 0.000000,
        "10" : 0.000000,
        "20" : 0.000000,
        "50" : 86.296891,
        "100" : 10.989837,
        "250" : 2.554802,
        "500" : 0.100353,
        "750" : 0.011178,
        "1000" : 0.010000
      },
      "latency_ms" : {
        "2" : 0.016674,
        "4" : 0.024248,
        "10" : 0.010000,
        "20" : 0.010000,
        "50" : 0.010000,
        "100" : 0.000000,
        "250" : 0.000000,
        "500" : 0.000000,
        "750" : 0.000000,
        "1000" : 0.000000,
        "2000" : 0.000000,
        ">=2000" : 0.000000
      },
      "latency_depth" : 1,
      "latency_target" : 0,
      "latency_percentile" : 100.000000,
      "latency_window" : 0
    },
    {
      "jobname" : "trim",
      "groupid" : 1,
      "error" : 0,
      "eta" : 0,
      "elapsed" : 776,
      "job options" : {
        "rw" : "write",
        "iodepth" : "3",
        "size" : "30z",
        "offset" : "813z",
        "numjobs" : "1",
        "bs" : "8K",
        "exit_what" : "stonewall",
        "zone_append" : "1"
      },
      "read" : {
        "io_bytes" : 0,
        "io_kbytes" : 0,
        "bw_bytes" : 0,
        "bw" : 0,
        "iops" : 0.000000,
        "runtime" : 0,
        "total_ios" : 0,
        "short_ios" : 0,
        "drop_ios" : 0,
        "slat_ns" : {
          "min" : 0,
          "max" : 0,
          "mean" : 0.000000,
          "stddev" : 0.000000,
          "N" : 0
        },
        "clat_ns" : {
          "min" : 0,
          "max" : 0,
          "mean" : 0.000000,
          "stddev" : 0.000000,
          "N" : 0
        },
        "lat_ns" : {
          "min" : 0,
          "max" : 0,