{
  "fio version" : "fio-3.35",
  "timestamp" : 1694473079,
  "timestamp_ms" : 1694473079490,
  "time" : "Mon Sep 11 22:57:59 2023",
  "global options" : {
    "name" : "loaded-reset",
    "ioengine" : "io_uring_cmd",
    "size" : "814z",
    "bs" : "64K",
    "zonemode" : "zbd",
    "thread" : "1",
    "lat_percentiles" : "1",
    "filename" : "/dev/ng0n2",
    "sqthread_poll" : "1"
  },
  "jobs" : [
    {
      "jobname" : "fill-prep",
      "groupid" : 0,
      "error" : 0,
      "eta" : 0,
      "elapsed" : 810,
      "job options" : {
        "iodepth" : "1",
        "rw" : "write"
      },
      "read" : {
        "io_bytes" : 0,
        "io_kbytes" : 0,
        "bw_bytes" : 0,
        "bw" : 0,
        "iops" : 0.000000,
        "runtime" : 0,
        "total_ios" : 0,
        "short_ios" : 0,
        "drop_ios" : 0,
        "slat_ns" : {
          "min" : 0,
          "max" : 0,
          "mean" : 0.000000,
          "stddev" : 0.000000,
          "N" : 0
        },
        "clat_ns" : {
          "min" : 0,
          "max" : 0,
          "mean" : 0.000000,
          "stddev" : 0.000000,
          "N" : 0
        },
        "lat_ns" : {
          "min" : 0,
          "max" : 0,
          "mean" : 0.000000,
          "stddev" : 0.000000,
          "N" : 0
        },
        "bw_min" : 0,
        "bw_max" : 0,
        "bw_agg" : 0.000000,
        "bw_mean" : 0.000000,
        "bw_dev" : 0.000000,
        "bw_samples" : 0,
        "iops_min" : 0,
        "iops_max" : 0,
        "iops_mean" : 0.000000,
        "iops_stddev" : 0.000000,
        "iops_samples" : 0
      },
      "write" : {
        "io_bytes" : 919263510528,
        "io_kbytes" : 897718272,
        "bw_bytes" : 1229711576,
        "bw" : 1200890,
        "iops" : 18763.909549,
        "runtime" : 747544,
        "total_ios" : 14026848,
        "short_ios" : 0,
        "drop_ios" : 0,
        "slat_ns" : {
          "min" : 0,
          "max" : 0,
          "mean" : 0.000000,
          "stddev" : 0.000000,
          "N" : 0
        },
        "clat_ns" : {
          "min" : 36385,
          "max" : 13576745,
          "mean" : 51289.513270,
          "stddev" : 48371.154169,
          "N" : 14026848,
          "percentile" : {
            "1.000000" : 43776,
            "5.000000" : 43776,
            "10.000000" : 43776,
            "20.000000" : 44288,
            "30.000000" : 44288,
            "40.000000" : 44288,
            "50.000000" : 44800,
            "60.000000" : 44800,
            "70.000000" : 45824,
            "80.000000" : 47872,
            "90.000000" : 53504,
            "95.000000" : 78336,
            "99.000000" : 156672,
            "99.500000" : 191488,
            "99.900000" : 296960,
            "99.950000" : 724992,
            "99.990000" : 2473984
          }
        },
        "lat_ns" : {
          "min" : 43794,
          "max" : 13578696,
          "mean" : 52682.691074,
          "stddev" : 48372.419512,
          "N" : 14026848,
          "percentile" : {
            "1.000000" : 44800,
            "5.000000" : 44800,
            "10.000000" : 45312,
            "20.000000" : 45312,
            "30.000000" : 45824,
            "40.000000" : 45824,
            "50.000000" : 46336,
            "60.000000" : 46336,
            "70.000000" : 47360,
            "80.000000" : 49408,
            "90.000000" : 54528,
            "95.000000" : 79360,
            "99.000000" : 158720,
            "99.500000" : 193536,
            "99.900000" : 301056,
            "99.950000" : 724992,
            "99.990000" : 2473984
          }
        },
        "bw_min" : 1168896,
        "bw_max" : 1219840,
        "bw_agg" : 100.000000,
        "bw_mean" : 1201517.544846,
        "bw_dev" : 8085.667026,
        "bw_samples" : 1494,
        "iops_min" : 18262,
        "iops_max" : 19060,
        "iops_mean" : 18773.575636,
        "iops_stddev" : 126.313898,
        "iops_samples" : 1494
      },
      "ZNS Reset" : {
        "total_zone_resets" : 0,
        "io_bytes" : 0,
        "io_kbytes" : 0,
        "bw_bytes" : 0,
        "bw" : 0,
        "iops" : 0.000000,
        "runtime" : 0,
        "total_ios" : 0,
        "short_ios" : 0,
        "drop_ios" : 0,
        "slat_ns" : {
          "min" : 0,
          "max" : 0,
          "mean" : 0.000000,
          "stddev" : 0.000000,
          "N" : 0
        },
        "clat_ns" : {
          "min" : 0,
          "max" : 0,
          "mean" : 0.000000,
          "stddev" : 0.000000,
          "N" : 0
        },
        "lat_ns" : {
          "min" : 0,
          "max" : 0,
          "mean" : 0.000000,
          "stddev" : 0.000000,
          "N" : 0
        },
        "bw_min" : 0,
        "bw_max" : 0,
        "bw_agg" : 0.000000,
        "bw_mean" : 0.000000,
        "bw_dev" : 0.000000,
        "bw_samples" : 0,
        "iops_min" : 0,
        "iops_max" : 0,
        "iops_mean" : 0.000000,
        "iops_stddev" : 0.000000,
        "iops_samples" : 0
      },
      "sync" : {
        "total_ios" : 0,
        "lat_ns" : {
          "min" : 0,
          "max" : 0,
          "mean" : 0.000000,
          "stddev" : 0.000000,
          "N" : 0
        }
      },
      "job_runtime" : 747543,
      "usr_cpu" : 100.001739,
      "sys_cpu" : 0.000000,
      "ctx" : 212,
      "majf" : 0,
      "minf" : 0,
      "iodepth_level" : {
        "1" : 100.000000,
        "2" : 0.000000,
        "4" : 0.000000,
        "8" : 0.000000,
        "16" : 0.000000,
        "32" : 0.000000,
        ">=64" : 0.000000
      },
      "iodepth_submit" : {
        "0" : 0.000000,
        "4" : 100.000000,
        "8" : 0.000000,
        "16" : 0.000000,
        "32" : 0.000000,
        "64" : 0.000000,
        ">=64" : 0.000000
      },
      "iodepth_complete" : {
        "0" : 0.000000,
        "4" : 100.000000,
        "8" : 0.000000,
        "16" : 0.000000,
        "32" : 0.000000,
        "64" : 0.000000,
        ">=64" : 0.000000
      },
      "latency_ns" : {
        "2" : 0.000000,
        "4" : 0.000000,
        "10" : 0.000000,
        "20" : 0.000000,
        "50" : 0.000000,
        "100" : 0.000000,
        "250" : 0.000000,
        "500" : 0.000000,
        "750" : 0.000000,
        "1000" : 0.000000
      },
      "latency_us" : {
        "2" : 0.000000,
        "4" : 0.000000,
        "10" : 0.000000,
        "20" : 0.000000,
        "50" : 86.649289,
        "100" : 10.231450,
        "250" : 2.917441,
        "500" : 0.141065,
        "750" : 0.011485,
        "1000" : 0.010000
      },
      "latency_ms" : {
        "2" : 0.017531,
        "4" : 0.025038,
        "10" : 0.010000,
        "20" : 0.010000,
        "50" : 0.000000,
        "100" : 0.000000,
        "250" : 0.000000,
        "500" : 0.000000,
        "750" : 0.000000,
        "1000" : 0.000000,
        "2000" : 0.000000,
        ">=2000" : 0.000000
      },
      "latency_depth" : 1,
      "latency_target" : 0,
      "latency_percentile" : 100.000000,
      "latency_window" : 0
    },
    {
      "jobname" : "trim",
      "groupid" : 1,
      "error" : 0,
      "eta" : 0,
      "elapsed" : 810,
      "job options" : {
        "rw" : "randread",
        "iodepth" : "2",
        "size" : "122z",
        "offset" : "570z",
        "bs" : "8K",
        "exit_what" : "stonewall",
        "runtime" : "1m"
      },
      "read" : {
        "io_bytes" : 10787069952,
        "io_kbytes" : 10534248,
        "bw_bytes" : 179781502,
        "bw" : 175567,
        "iops" : 21945.984234,
        "runtime" : 60001,
        "total_ios" : 1316781,
        "short_ios" : 0,
        "drop_ios" : 0,
        "slat_ns" : {
          "min" : 0,
          "max" : 0,
          "mean" : 0.000000,
          "stddev" : 0.000000,
          "N" : 0
        },
        "clat_ns" : {
          "min" : 37021,
          "max" : 1560892,
          "mean" : 90089.562867,
          "stddev" : 14460.460464,
          "N" : 1316781,
          "percentile" : {
            "1.000000" : 82432,