{
  "fio version" : "fio-3.35",
  "timestamp" : 1715632860,
  "timestamp_ms" : 1715632860908,
  "time" : "Mon May 13 20:41:00 2024",
  "global options" : {
    "zonemode" : "zbd",
    "ioengine" : "io_uring_cmd",
    "direct" : "0",
    "sqthread_poll" : "1",
    "filename" : "/dev/ng1n1"
  },
  "jobs" : [
    {
      "jobname" : "fill",
      "groupid" : 0,
      "error" : 0,
      "eta" : 0,
      "elapsed" : 763,
      "job options" : {
        "name" : "fill",
        "rw" : "write",
        "size" : "1z",
        "bs" : "512k",
        "loops" : "48",
        "lat_percentiles" : "1",
        "thread" : "1",
        "group_reporting" : "1"
      },
      "read" : {
        "io_bytes" : 0,
        "io_kbytes" : 0,
        "bw_bytes" : 0,
        "bw" : 0,
        "iops" : 0.000000,
        "runtime" : 0,
        "total_ios" : 0,
        "short_ios" : 0,
        "drop_ios" : 0,
        "slat_ns" : {
          "min" : 0,
          "max" : 0,
          "mean" : 0.000000,
          "stddev" : 0.000000,
          "N" : 0
        },
        "clat_ns" : {
          "min" : 0,
          "max" : 0,
          "mean" : 0.000000,
          "stddev" : 0.000000,
          "N" : 0
        },
        "lat_ns" : {
          "min" : 0,
          "max" : 0,
          "mean" : 0.000000,
          "stddev" : 0.000000,
          "N" : 0
        },
        "bw_min" : 0,
        "bw_max" : 0,
        "bw_agg" : 0.000000,
        "bw_mean" : 0.000000,
        "bw_dev" : 0.000000,
        "bw_samples" : 0,
        "iops_min" : 0,
        "iops_max" : 0,
        "iops_mean" : 0.000000,
        "iops_stddev" : 0.000000,
        "iops_samples" : 0
      },
      "write" : {
        "io_bytes" : 54760833024,
        "io_kbytes" : 53477376,
        "bw_bytes" : 71834160,
        "bw" : 70150,
        "iops" : 137.012789,
        "runtime" : 762323,
        "total_ios" : 104448,
        "short_ios" : 0,
        "drop_ios" : 0,
        "slat_ns" : {
          "min" : 0,
          "max" : 0,
          "mean" : 0.000000,
          "stddev" : 0.000000,
          "N" : 0
        },
        "clat_ns" : {
          "min" : 7238693,
          "max" : 41466364,
          "mean" : 7249616.371486,
          "stddev" : 181492.415078,
          "N" : 104448,
          "percentile" : {
            "1.000000" : 7241728,
            "5.000000" : 7241728,
            "10.000000" : 7241728,
            "20.000000" : 7241728,
            "30.000000" : 7241728,
            "40.000000" : 7241728,
            "50.000000" : 7241728,
            "60.000000" : 7241728,
            "70.000000" : 7241728,
            "80.000000" : 7241728,
            "90.000000" : 7241728,
            "95.000000" : 7241728,
            "99.000000" : 7241728,
            "99.500000" : 7503872,
            "99.900000" : 8978432,
            "99.950000" : 9109504,
            "99.990000" : 12648448
          }
        },
        "lat_ns" : {
          "min" : 7246102,
          "max" : 41529156,
          "mean" : 7297652.552926,
          "stddev" : 183347.000991,
          "N" : 104448,
          "percentile" : {
            "1.000000" : 7241728,
            "5.000000" : 7241728,
            "10.000000" : 7241728,
            "20.000000" : 7241728,
            "30.000000" : 7241728,
            "40.000000" : 7307264,
            "50.000000" : 7307264,
            "60.000000" : 7307264,
            "70.000000" : 7307264,
            "80.000000" : 7307264,
            "90.000000" : 7307264,
            "95.000000" : 7307264,
            "99.000000" : 7307264,
            "99.500000" : 7569408,
            "99.900000" : 8978432,
            "99.950000" : 9240576,
            "99.990000" : 12648448
          }
        },
        "bw_min" : 62464,
        "bw_max" : 71111,
        "bw_agg" : 100.000000,
        "bw_mean" : 70202.111549,
        "bw_dev" : 569.629001,
        "bw_samples" : 1524,
        "iops_min" : 122,
        "iops_max" : 138,
        "iops_mean" : 137.032808,
        "iops_stddev" : 1.117626,
        "iops_samples" : 1524
      },
      "ZNS Reset" : {
        "total_zone_resets" : 47,
        "io_bytes" : 0,
        "io_kbytes" : 0,
        "bw_bytes" : 0,
        "bw" : 0,
        "iops" : 0.000000,
        "runtime" : 0,
        "total_ios" : 0,
        "short_ios" : 0,
        "drop_ios" : 0,
        "slat_ns" : {
          "min" : 0,
          "max" : 0,
          "mean" : 0.000000,
          "stddev" : 0.000000,
          "N" : 0
        },
        "clat_ns" : {
          "min" : 0,
          "max" : 0,
          "mean" : 0.000000,
          "stddev" : 0.000000,
          "N" : 0
        },
        "lat_ns" : {
          "min" : 0,
          "max" : 0,
          "mean" : 0.000000,
          "stddev" : 0.000000,
          "N" : 0
        },
        "bw_min" : 0,
        "bw_max" : 0,
        "bw_agg" : 0.000000,
        "bw_mean" : 0.000000,
        "bw_dev" : 0.000000,
        "bw_samples" : 0,
        "iops_min" : 0,
        "iops_max" : 0,
        "iops_mean" : 0.000000,
        "iops_stddev" : 0.000000,
        "iops_samples" : 0
      },
      "sync" : {
        "total_ios" : 0,
        "lat_ns" : {
          "min" : 0,
          "max" : 0,
          "mean" : 0.000000,
          "stddev" : 0.000000,
          "N" : 0
        }
      },
      "job_runtime" : 762322,
      "usr_cpu" : 99.995671,
      "sys_cpu" : 0.002624,
      "ctx" : 1156,
      "majf" : 0,
      "minf" : 3,
      "iodepth_level" : {
        "1" : 100.000000,
        "2" : 0.000000,
        "4" : 0.000000,
        "8" : 0.000000,
        "16" : 0.000000,
        "32" : 0.000000,
        ">=64" : 0.000000
      },
      "iodepth_submit" : {
        "0" : 0.000000,
        "4" : 100.000000,
        "8" : 0.000000,
        "16" : 0.000000,
        "32" : 0.000000,
        "64" : 0.000000,
        ">=64" : 0.000000
      },
      "iodepth_complete" : {
        "0" : 0.000000,
        "4" : 100.000000,
        "8" : 0.000000,
        "16" : 0.000000,
        "32" : 0.000000,
        "64" : 0.000000,
        ">=64" : 0.000000
      },
      "latency_ns" : {
        "2" : 0.000000,
        "4" : 0.000000,
        "10" : 0.000000,
        "20" : 0.000000,
        "50" : 0.000000,
        "100" : 0.000000,
        "250" : 0.000000,
        "500" : 0.000000,
        "750" : 0.000000,
        "1000" : 0.000000
      },
      "latency_us" : {
        "2" : 0.000000,
        "4" : 0.000000,
        "10" : 0.000000,
        "20" : 0.000000,
        "50" : 0.000000,
        "100" : 0.000000,
        "250" : 0.000000,
        "500" : 0.000000,
        "750" : 0.000000,
        "1000" : 0.000000
      },
      "latency_ms" : {
        "2" : 0.000000,
        "4" : 0.000000,
        "10" : 99.976065,
        "20" : 0.021063,
        "50" : 0.010000,
        "100" : 0.000000,
        "250" : 0.000000,
        "500" : 0.000000,
        "750" : 0.000000,
        "1000" : 0.000000,
        "2000" : 0.000000,
        ">=2000" : 0.000000
      },
      "latency_depth" : 1,
      "latency_target" : 0,
      "latency_percentile" : 100.000000,
      "latency_window" : 0
    }
  ]
}
