{
  "fio version" : "fio-3.35",
  "timestamp" : 1715629360,
  "timestamp_ms" : 1715629360915,
  "time" : "Mon May 13 19:42:40 2024",
  "global options" : {
    "zonemode" : "zbd",
    "ioengine" : "io_uring_cmd",
    "direct" : "0",
    "sqthread_poll" : "1",
    "filename" : "/dev/ng1n1"
  },
  "jobs" : [
    {
      "jobname" : "fill",
      "groupid" : 0,
      "error" : 0,
      "eta" : 0,
      "elapsed" : 1071,
      "job options" : {
        "name" : "fill",
        "rw" : "write",
        "size" : "15z",
        "bs" : "8k",
        "numjobs" : "1",
        "lat_percentiles" : "1",
        "thread" : "1",
        "offset_increment" : "8z",
        "group_reporting" : "1"
      },
      "read" : {
        "io_bytes" : 0,
        "io_kbytes" : 0,
        "bw_bytes" : 0,
        "bw" : 0,
        "iops" : 0.000000,
        "runtime" : 0,
        "total_ios" : 0,
        "short_ios" : 0,
        "drop_ios" : 0,
        "slat_ns" : {
          "min" : 0,
          "max" : 0,
          "mean" : 0.000000,
          "stddev" : 0.000000,
          "N" : 0
        },
        "clat_ns" : {
          "min" : 0,
          "max" : 0,
          "mean" : 0.000000,
          "stddev" : 0.000000,
          "N" : 0
        },
        "lat_ns" : {
          "min" : 0,
          "max" : 0,
          "mean" : 0.000000,
          "stddev" : 0.000000,
          "N" : 0
        },
        "bw_min" : 0,
        "bw_max" : 0,
        "bw_agg" : 0.000000,
        "bw_mean" : 0.000000,
        "bw_dev" : 0.000000,
        "bw_samples" : 0,
        "iops_min" : 0,
        "iops_max" : 0,
        "iops_mean" : 0.000000,
        "iops_stddev" : 0.000000,
        "iops_samples" : 0
      },
      "write" : {
        "io_bytes" : 17112760320,
        "io_kbytes" : 16711680,
        "bw_bytes" : 15992247,
        "bw" : 15617,
        "iops" : 1952.178651,
        "runtime" : 1070066,
        "total_ios" : 2088960,
        "short_ios" : 0,
        "drop_ios" : 0,
        "slat_ns" : {
          "min" : 0,
          "max" : 0,
          "mean" : 0.000000,
          "stddev" : 0.000000,
          "N" : 0
        },
        "clat_ns" : {
          "min" : 445,
          "max" : 4080737819,
          "mean" : 510381.016609,
          "stddev" : 10933453.945797,
          "N" : 2088960,
          "percentile" : {
            "1.000000" : 481280,
            "5.000000" : 481280,
            "10.000000" : 481280,
            "20.000000" : 481280,
            "30.000000" : 481280,
            "40.000000" : 481280,
            "50.000000" : 481280,
            "60.000000" : 481280,
            "70.000000" : 481280,
            "80.000000" : 481280,
            "90.000000" : 481280,
            "95.000000" : 481280,
            "99.000000" : 489472,
            "99.500000" : 493568,
            "99.900000" : 497664,
            "99.950000" : 585728,
            "99.990000" : 2375680
          }
        },
        "lat_ns" : {
          "min" : 479819,
          "max" : 4080758493,
          "mean" : 511589.570856,
          "stddev" : 10933463.199543,
          "N" : 2088960,
          "percentile" : {
            "1.000000" : 481280,
            "5.000000" : 481280,
            "10.000000" : 481280,
            "20.000000" : 481280,
            "30.000000" : 481280,
            "40.000000" : 481280,
            "50.000000" : 481280,
            "60.000000" : 481280,
            "70.000000" : 481280,
            "80.000000" : 481280,
            "90.000000" : 481280,
            "95.000000" : 481280,
            "99.000000" : 489472,
            "99.500000" : 493568,
            "99.900000" : 501760,
            "99.950000" : 602112,
            "99.990000" : 2375680
          }
        },
        "bw_min" : 400,
        "bw_max" : 16640,
        "bw_agg" : 100.000000,
        "bw_mean" : 16459.395372,
        "bw_dev" : 1141.194220,
        "bw_samples" : 2031,
        "iops_min" : 50,
        "iops_max" : 2080,
        "iops_mean" : 2057.381093,
        "iops_stddev" : 142.650634,
        "iops_samples" : 2031
      },
      "ZNS Reset" : {
        "total_zone_resets" : 15,
        "io_bytes" : 0,
        "io_kbytes" : 0,
        "bw_bytes" : 0,
        "bw" : 0,
        "iops" : 0.000000,
        "runtime" : 0,
        "total_ios" : 0,
        "short_ios" : 0,
        "drop_ios" : 0,
        "slat_ns" : {
          "min" : 0,
          "max" : 0,
          "mean" : 0.000000,
          "stddev" : 0.000000,
          "N" : 0
        },
        "clat_ns" : {
          "min" : 0,
          "max" : 0,
          "mean" : 0.000000,
          "stddev" : 0.000000,
          "N" : 0
        },
        "lat_ns" : {
          "min" : 0,
          "max" : 0,
          "mean" : 0.000000,
          "stddev" : 0.000000,
          "N" : 0
        },
        "bw_min" : 0,
        "bw_max" : 0,
        "bw_agg" : 0.000000,
        "bw_mean" : 0.000000,
        "bw_dev" : 0.000000,
        "bw_samples" : 0,
        "iops_min" : 0,
        "iops_max" : 0,
        "iops_mean" : 0.000000,
        "iops_stddev" : 0.000000,
        "iops_samples" : 0
      },
      "sync" : {
        "total_ios" : 0,
        "lat_ns" : {
          "min" : 0,
          "max" : 0,
          "mean" : 0.000000,
          "stddev" : 0.000000,
          "N" : 0
        }
      },
      "job_runtime" : 1070065,
      "usr_cpu" : 99.996729,
      "sys_cpu" : 0.002617,
      "ctx" : 1612,
      "majf" : 0,
      "minf" : 0,
      "iodepth_level" : {
        "1" : 100.000000,
        "2" : 0.000000,
        "4" : 0.000000,
        "8" : 0.000000,
        "16" : 0.000000,
        "32" : 0.000000,
        ">=64" : 0.000000
      },
      "iodepth_submit" : {
        "0" : 0.000000,
        "4" : 100.000000,
        "8" : 0.000000,
        "16" : 0.000000,
        "32" : 0.000000,
        "64" : 0.000000,
        ">=64" : 0.000000
      },
      "iodepth_complete" : {
        "0" : 0.000000,
        "4" : 100.000000,
        "8" : 0.000000,
        "16" : 0.000000,
        "32" : 0.000000,
        "64" : 0.000000,
        ">=64" : 0.000000
      },
      "latency_ns" : {
        "2" : 0.000000,
        "4" : 0.000000,
        "10" : 0.000000,
        "20" : 0.000000,
        "50" : 0.000000,
        "100" : 0.000000,
        "250" : 0.000000,
        "500" : 0.010000,
        "750" : 0.000000,
        "1000" : 0.000000
      },
      "latency_us" : {
        "2" : 0.000000,
        "4" : 0.000000,
        "10" : 0.000000,
        "20" : 0.000000,
        "50" : 0.000000,
        "100" : 0.000000,
        "250" : 0.000000,
        "500" : 99.910482,
        "750" : 0.049546,
        "1000" : 0.010000
      },
      "latency_ms" : {
        "2" : 0.010000,
        "4" : 0.028196,
        "10" : 0.010000,
        "20" : 0.010000,
        "50" : 0.000000,
        "100" : 0.000000,
        "250" : 0.000000,
        "500" : 0.000000,
        "750" : 0.000000,
        "1000" : 0.000000,
        "2000" : 0.000000,
        ">=2000" : 0.010000
      },
      "latency_depth" : 1,
      "latency_target" : 0,
      "latency_percentile" : 100.000000,
      "latency_window" : 0
    }
  ]
}
