{
  "fio version" : "fio-3.35",
  "timestamp" : 1715637119,
  "timestamp_ms" : 1715637119553,
  "time" : "Mon May 13 21:51:59 2024",
  "global options" : {
    "name" : "loaded-reset",
    "ioengine" : "io_uring_cmd",
    "size" : "48z",
    "bs" : "64K",
    "zonemode" : "zbd",
    "thread" : "1",
    "lat_percentiles" : "1",
    "filename" : "/dev/ng0n1",
    "sqthread_poll" : "1"
  },
  "jobs" : [
    {
      "jobname" : "fill-prep",
      "groupid" : 0,
      "error" : 0,
      "eta" : 0,
      "elapsed" : 985,
      "job options" : {
        "iodepth" : "1",
        "rw" : "write",
        "size" : "48z",
        "numjobs" : "1"
      },
      "read" : {
        "io_bytes" : 0,
        "io_kbytes" : 0,
        "bw_bytes" : 0,
        "bw" : 0,
        "iops" : 0.000000,
        "runtime" : 0,
        "total_ios" : 0,
        "short_ios" : 0,
        "drop_ios" : 0,
        "slat_ns" : {
          "min" : 0,
          "max" : 0,
          "mean" : 0.000000,
          "stddev" : 0.000000,
          "N" : 0
        },
        "clat_ns" : {
          "min" : 0,
          "max" : 0,
          "mean" : 0.000000,
          "stddev" : 0.000000,
          "N" : 0
        },
        "lat_ns" : {
          "min" : 0,
          "max" : 0,
          "mean" : 0.000000,
          "stddev" : 0.000000,
          "N" : 0
        },
        "bw_min" : 0,
        "bw_max" : 0,
        "bw_agg" : 0.000000,
        "bw_mean" : 0.000000,
        "bw_dev" : 0.000000,
        "bw_samples" : 0,
        "iops_min" : 0,
        "iops_max" : 0,
        "iops_mean" : 0.000000,
        "iops_stddev" : 0.000000,
        "iops_samples" : 0
      },
      "write" : {
        "io_bytes" : 54760833024,
        "io_kbytes" : 53477376,
        "bw_bytes" : 69424899,
        "bw" : 67797,
        "iops" : 1059.339890,
        "runtime" : 788778,
        "total_ios" : 835584,
        "short_ios" : 0,
        "drop_ios" : 0,
        "slat_ns" : {
          "min" : 0,
          "max" : 0,
          "mean" : 0.000000,
          "stddev" : 0.000000,
          "N" : 0
        },
        "clat_ns" : {
          "min" : 912919,
          "max" : 27843054,
          "mean" : 935729.669028,
          "stddev" : 81002.284747,
          "N" : 835584,
          "percentile" : {
            "1.000000" : 929792,
            "5.000000" : 929792,
            "10.000000" : 929792,
            "20.000000" : 929792,
            "30.000000" : 929792,
            "40.000000" : 929792,
            "50.000000" : 929792,
            "60.000000" : 929792,
            "70.000000" : 929792,
            "80.000000" : 929792,
            "90.000000" : 929792,
            "95.000000" : 929792,
            "99.000000" : 946176,
            "99.500000" : 946176,
            "99.900000" : 2408448,
            "99.950000" : 2670592,
            "99.990000" : 3162112
          }
        },
        "lat_ns" : {
          "min" : 934385,
          "max" : 27852022,
          "mean" : 943474.681125,
          "stddev" : 81120.606137,
          "N" : 835584,
          "percentile" : {
            "1.000000" : 937984,
            "5.000000" : 937984,
            "10.000000" : 937984,
            "20.000000" : 937984,
            "30.000000" : 937984,
            "40.000000" : 937984,
            "50.000000" : 937984,
            "60.000000" : 937984,
            "70.000000" : 937984,
            "80.000000" : 937984,
            "90.000000" : 946176,
            "95.000000" : 946176,
            "99.000000" : 954368,
            "99.500000" : 954368,
            "99.900000" : 2408448,
            "99.950000" : 2670592,
            "99.990000" : 3162112
          }
        },
        "bw_min" : 64000,
        "bw_max" : 68215,
        "bw_agg" : 100.000000,
        "bw_mean" : 67846.525381,
        "bw_dev" : 312.567992,
        "bw_samples" : 1576,
        "iops_min" : 1000,
        "iops_max" : 1065,
        "iops_mean" : 1060.048858,
        "iops_stddev" : 4.878019,
        "iops_samples" : 1576
      },
      "ZNS Reset" : {
        "total_zone_resets" : 0,
        "io_bytes" : 0,
        "io_kbytes" : 0,
        "bw_bytes" : 0,
        "bw" : 0,
        "iops" : 0.000000,
        "runtime" : 0,
        "total_ios" : 0,
        "short_ios" : 0,
        "drop_ios" : 0,
        "slat_ns" : {
          "min" : 0,
          "max" : 0,
          "mean" : 0.000000,
          "stddev" : 0.000000,
          "N" : 0
        },
        "clat_ns" : {
          "min" : 0,
          "max" : 0,
          "mean" : 0.000000,
          "stddev" : 0.000000,
          "N" : 0
        },
        "lat_ns" : {
          "min" : 0,
          "max" : 0,
          "mean" : 0.000000,
          "stddev" : 0.000000,
          "N" : 0
        },
        "bw_min" : 0,
        "bw_max" : 0,
        "bw_agg" : 0.000000,
        "bw_mean" : 0.000000,
        "bw_dev" : 0.000000,
        "bw_samples" : 0,
        "iops_min" : 0,
        "iops_max" : 0,
        "iops_mean" : 0.000000,
        "iops_stddev" : 0.000000,
        "iops_samples" : 0
      },
      "sync" : {
        "total_ios" : 0,
        "lat_ns" : {
          "min" : 0,
          "max" : 0,
          "mean" : 0.000000,
          "stddev" : 0.000000,
          "N" : 0
        }
      },
      "job_runtime" : 788777,
      "usr_cpu" : 99.998732,
      "sys_cpu" : 0.000000,
      "ctx" : 1431,
      "majf" : 0,
      "minf" : 0,
      "iodepth_level" : {
        "1" : 100.000000,
        "2" : 0.000000,
        "4" : 0.000000,
        "8" : 0.000000,
        "16" : 0.000000,
        "32" : 0.000000,
        ">=64" : 0.000000
      },
      "iodepth_submit" : {
        "0" : 0.000000,
        "4" : 100.000000,
        "8" : 0.000000,
        "16" : 0.000000,
        "32" : 0.000000,
        "64" : 0.000000,
        ">=64" : 0.000000
      },
      "iodepth_complete" : {
        "0" : 0.000000,
        "4" : 100.000000,
        "8" : 0.000000,
        "16" : 0.000000,
        "32" : 0.000000,
        "64" : 0.000000,
        ">=64" : 0.000000
      },
      "latency_ns" : {
        "2" : 0.000000,
        "4" : 0.000000,
        "10" : 0.000000,
        "20" : 0.000000,
        "50" : 0.000000,
        "100" : 0.000000,
        "250" : 0.000000,
        "500" : 0.000000,
        "750" : 0.000000,
        "1000" : 0.000000
      },
      "latency_us" : {
        "2" : 0.000000,
        "4" : 0.000000,
        "10" : 0.000000,
        "20" : 0.000000,
        "50" : 0.000000,
        "100" : 0.000000,
        "250" : 0.000000,
        "500" : 0.000000,
        "750" : 0.000000,
        "1000" : 99.798225
      },
      "latency_ms" : {
        "2" : 0.028363,
        "4" : 0.170180,
        "10" : 0.010000,
        "20" : 0.010000,
        "50" : 0.010000,
        "100" : 0.000000,
        "250" : 0.000000,
        "500" : 0.000000,
        "750" : 0.000000,
        "1000" : 0.000000,
        "2000" : 0.000000,
        ">=2000" : 0.000000
      },
      "latency_depth" : 1,
      "latency_target" : 0,
      "latency_percentile" : 100.000000,
      "latency_window" : 0
    },
    {
      "jobname" : "trim",
      "groupid" : 1,
      "error" : 0,
      "eta" : 0,
      "elapsed" : 985,
      "job options" : {
        "rw" : "randtrim",
        "iodepth" : "1",
        "numjobs" : "1",
        "bs" : "2147483648"
      },
      "read" : {
        "io_bytes" : 0,
        "io_kbytes" : 0,
        "bw_bytes" : 0,
        "bw" : 0,
        "iops" : 0.000000,
        "runtime" : 0,
        "total_ios" : 0,
        "short_ios" : 0,
        "drop_ios" : 0,
        "slat_ns" : {
          "min" : 0,
          "max" : 0,
          "mean" : 0.000000,
          "stddev" : 0.000000,
          "N" : 0
        },
        "clat_ns" : {
          "min" : 0,
          "max" : 0,
          "mean" : 0.000000,
          "stddev" : 0.000000,
          "N" : 0
        },
        "lat_ns" : {
          "min" : 0,
          "max" : 0,
          "mean" : 0.000000,
          "stddev" : 0.000000,