{
  "fio version" : "fio-3.35",
  "timestamp" : 1694428791,
  "timestamp_ms" : 1694428791900,
  "time" : "Mon Sep 11 10:39:51 2023",
  "global options" : {
    "name" : "loaded-reset",
    "ioengine" : "io_uring_cmd",
    "size" : "814z",
    "bs" : "64K",
    "zonemode" : "zbd",
    "thread" : "1",
    "lat_percentiles" : "1",
    "filename" : "/dev/ng0n2",
    "sqthread_poll" : "1"
  },
  "jobs" : [
    {
      "jobname" : "fill-prep",
      "groupid" : 0,
      "error" : 0,
      "eta" : 0,
      "elapsed" : 812,
      "job options" : {
        "iodepth" : "1",
        "rw" : "write"
      },
      "read" : {
        "io_bytes" : 0,
        "io_kbytes" : 0,
        "bw_bytes" : 0,
        "bw" : 0,
        "iops" : 0.000000,
        "runtime" : 0,
        "total_ios" : 0,
        "short_ios" : 0,
        "drop_ios" : 0,
        "slat_ns" : {
          "min" : 0,
          "max" : 0,
          "mean" : 0.000000,
          "stddev" : 0.000000,
          "N" : 0
        },
        "clat_ns" : {
          "min" : 0,
          "max" : 0,
          "mean" : 0.000000,
          "stddev" : 0.000000,
          "N" : 0
        },
        "lat_ns" : {
          "min" : 0,
          "max" : 0,
          "mean" : 0.000000,
          "stddev" : 0.000000,
          "N" : 0
        },
        "bw_min" : 0,
        "bw_max" : 0,
        "bw_agg" : 0.000000,
        "bw_mean" : 0.000000,
        "bw_dev" : 0.000000,
        "bw_samples" : 0,
        "iops_min" : 0,
        "iops_max" : 0,
        "iops_mean" : 0.000000,
        "iops_stddev" : 0.000000,
        "iops_samples" : 0
      },
      "write" : {
        "io_bytes" : 919263510528,
        "io_kbytes" : 897718272,
        "bw_bytes" : 1229379375,
        "bw" : 1200565,
        "iops" : 18758.840569,
        "runtime" : 747746,
        "total_ios" : 14026848,
        "short_ios" : 0,
        "drop_ios" : 0,
        "slat_ns" : {
          "min" : 0,
          "max" : 0,
          "mean" : 0.000000,
          "stddev" : 0.000000,
          "N" : 0
        },
        "clat_ns" : {
          "min" : 19603,
          "max" : 28272736,
          "mean" : 51171.484249,
          "stddev" : 46871.234625,
          "N" : 14026848,
          "percentile" : {
            "1.000000" : 44800,
            "5.000000" : 45312,
            "10.000000" : 45312,
            "20.000000" : 45312,
            "30.000000" : 45824,
            "40.000000" : 45824,
            "50.000000" : 46336,
            "60.000000" : 46336,
            "70.000000" : 47360,
            "80.000000" : 48896,
            "90.000000" : 51968,
            "95.000000" : 70144,
            "99.000000" : 140288,
            "99.500000" : 171008,
            "99.900000" : 268288,
            "99.950000" : 724992,
            "99.990000" : 2441216
          }
        },
        "lat_ns" : {
          "min" : 45041,
          "max" : 28275417,
          "mean" : 52623.155431,
          "stddev" : 46892.975653,
          "N" : 14026848,
          "percentile" : {
            "1.000000" : 45824,
            "5.000000" : 46336,
            "10.000000" : 46336,
            "20.000000" : 46848,
            "30.000000" : 47360,
            "40.000000" : 47360,
            "50.000000" : 47872,
            "60.000000" : 48384,
            "70.000000" : 48896,
            "80.000000" : 50432,
            "90.000000" : 53504,
            "95.000000" : 72192,
            "99.000000" : 140288,
            "99.500000" : 173056,
            "99.900000" : 272384,
            "99.950000" : 733184,
            "99.990000" : 2441216
          }
        },
        "bw_min" : 1123428,
        "bw_max" : 1223680,
        "bw_agg" : 100.000000,
        "bw_mean" : 1201205.632530,
        "bw_dev" : 8864.710954,
        "bw_samples" : 1494,
        "iops_min" : 17553,
        "iops_max" : 19120,
        "iops_mean" : 18768.694779,
        "iops_stddev" : 138.487043,
        "iops_samples" : 1494
      },
      "ZNS Reset" : {
        "total_zone_resets" : 0,
        "io_bytes" : 0,
        "io_kbytes" : 0,
        "bw_bytes" : 0,
        "bw" : 0,
        "iops" : 0.000000,
        "runtime" : 0,
        "total_ios" : 0,
        "short_ios" : 0,
        "drop_ios" : 0,
        "slat_ns" : {
          "min" : 0,
          "max" : 0,
          "mean" : 0.000000,
          "stddev" : 0.000000,
          "N" : 0
        },
        "clat_ns" : {
          "min" : 0,
          "max" : 0,
          "mean" : 0.000000,
          "stddev" : 0.000000,
          "N" : 0
        },
        "lat_ns" : {
          "min" : 0,
          "max" : 0,
          "mean" : 0.000000,
          "stddev" : 0.000000,
          "N" : 0
        },
        "bw_min" : 0,
        "bw_max" : 0,
        "bw_agg" : 0.000000,
        "bw_mean" : 0.000000,
        "bw_dev" : 0.000000,
        "bw_samples" : 0,
        "iops_min" : 0,
        "iops_max" : 0,
        "iops_mean" : 0.000000,
        "iops_stddev" : 0.000000,
        "iops_samples" : 0
      },
      "sync" : {
        "total_ios" : 0,
        "lat_ns" : {
          "min" : 0,
          "max" : 0,
          "mean" : 0.000000,
          "stddev" : 0.000000,
          "N" : 0
        }
      },
      "job_runtime" : 747745,
      "usr_cpu" : 100.000669,
      "sys_cpu" : 0.000000,
      "ctx" : 970,
      "majf" : 0,
      "minf" : 0,
      "iodepth_level" : {
        "1" : 100.000000,
        "2" : 0.000000,
        "4" : 0.000000,
        "8" : 0.000000,
        "16" : 0.000000,
        "32" : 0.000000,
        ">=64" : 0.000000
      },
      "iodepth_submit" : {
        "0" : 0.000000,
        "4" : 100.000000,
        "8" : 0.000000,
        "16" : 0.000000,
        "32" : 0.000000,
        "64" : 0.000000,
        ">=64" : 0.000000
      },
      "iodepth_complete" : {
        "0" : 0.000000,
        "4" : 100.000000,
        "8" : 0.000000,
        "16" : 0.000000,
        "32" : 0.000000,
        "64" : 0.000000,
        ">=64" : 0.000000
      },
      "latency_ns" : {
        "2" : 0.000000,
        "4" : 0.000000,
        "10" : 0.000000,
        "20" : 0.000000,
        "50" : 0.000000,
        "100" : 0.000000,
        "250" : 0.000000,
        "500" : 0.000000,
        "750" : 0.000000,
        "1000" : 0.000000
      },
      "latency_us" : {
        "2" : 0.000000,
        "4" : 0.000000,
        "10" : 0.000000,
        "20" : 0.010000,
        "50" : 83.951355,
        "100" : 13.953092,
        "250" : 1.958280,
        "500" : 0.076354,
        "750" : 0.011492,
        "1000" : 0.010000
      },
      "latency_ms" : {
        "2" : 0.018850,
        "4" : 0.024097,
        "10" : 0.010000,
        "20" : 0.010000,
        "50" : 0.010000,
        "100" : 0.000000,
        "250" : 0.000000,
        "500" : 0.000000,
        "750" : 0.000000,
        "1000" : 0.000000,
        "2000" : 0.000000,
        ">=2000" : 0.000000
      },
      "latency_depth" : 1,
      "latency_target" : 0,
      "latency_percentile" : 100.000000,
      "latency_window" : 0
    },
    {
      "jobname" : "trim",
      "groupid" : 1,
      "error" : 0,
      "eta" : 0,
      "elapsed" : 812,
      "job options" : {
        "rw" : "randread",
        "iodepth" : "1",
        "size" : "244z",
        "offset" : "570z",
        "bs" : "4K",
        "exit_what" : "stonewall",
        "runtime" : "1m"
      },
      "read" : {
        "io_bytes" : 3152252928,
        "io_kbytes" : 3078372,
        "bw_bytes" : 52536673,
        "bw" : 51305,
        "iops" : 12826.336228,
        "runtime" : 60001,
        "total_ios" : 769593,
        "short_ios" : 0,
        "drop_ios" : 0,
        "slat_ns" : {
          "min" : 0,
          "max" : 0,
          "mean" : 0.000000,
          "stddev" : 0.000000,
          "N" : 0
        },
        "clat_ns" : {
          "min" : 27753,
          "max" : 397840,
          "mean" : 76810.547767,
          "stddev" : 6489.318189,
          "N" : 769593,
          "percentile" : {
            "1.000000" : 71168,