{
  "fio version" : "fio-3.35",
  "timestamp" : 1701659572,
  "timestamp_ms" : 1701659572027,
  "time" : "Mon Dec  4 03:12:52 2023",
  "global options" : {
    "ioengine" : "io_uring",
    "direct" : "1",
    "size" : "813z",
    "bs" : "8K",
    "group_reporting" : "0",
    "zonemode" : "zbd",
    "thread" : "1",
    "lat_percentiles" : "1",
    "iodepth" : "1",
    "runtime" : "1m",
    "filename" : "/dev/nvme0n2"
  },
  "jobs" : [
    {
      "jobname" : "write",
      "groupid" : 0,
      "error" : 0,
      "eta" : 0,
      "elapsed" : 61,
      "job options" : {
        "numjobs" : "1",
        "rw" : "write"
      },
      "read" : {
        "io_bytes" : 0,
        "io_kbytes" : 0,
        "bw_bytes" : 0,
        "bw" : 0,
        "iops" : 0.000000,
        "runtime" : 0,
        "total_ios" : 0,
        "short_ios" : 0,
        "drop_ios" : 0,
        "slat_ns" : {
          "min" : 0,
          "max" : 0,
          "mean" : 0.000000,
          "stddev" : 0.000000,
          "N" : 0
        },
        "clat_ns" : {
          "min" : 0,
          "max" : 0,
          "mean" : 0.000000,
          "stddev" : 0.000000,
          "N" : 0
        },
        "lat_ns" : {
          "min" : 0,
          "max" : 0,
          "mean" : 0.000000,
          "stddev" : 0.000000,
          "N" : 0
        },
        "bw_min" : 0,
        "bw_max" : 0,
        "bw_agg" : 0.000000,
        "bw_mean" : 0.000000,
        "bw_dev" : 0.000000,
        "bw_samples" : 0,
        "iops_min" : 0,
        "iops_max" : 0,
        "iops_mean" : 0.000000,
        "iops_stddev" : 0.000000,
        "iops_samples" : 0
      },
      "finish" : {
        "total_zone_resets" : 0,
        "io_bytes" : 18172854272,
        "io_kbytes" : 17746928,
        "bw_bytes" : 302875856,
        "bw" : 295777,
        "iops" : 36972.150464,
        "runtime" : 60001,
        "total_ios" : 2218366,
        "short_ios" : 0,
        "drop_ios" : 0,
        "slat_ns" : {
          "min" : 6313,
          "max" : 2845266,
          "mean" : 7792.726197,
          "stddev" : 2386.731290,
          "N" : 2218366
        },
        "clat_ns" : {
          "min" : 762,
          "max" : 5813053,
          "mean" : 18175.777415,
          "stddev" : 5576.947546,
          "N" : 2218366,
          "percentile" : {
            "1.000000" : 14784,
            "5.000000" : 15168,
            "10.000000" : 15552,
            "20.000000" : 17024,
            "30.000000" : 17536,
            "40.000000" : 18304,
            "50.000000" : 18560,
            "60.000000" : 18816,
            "70.000000" : 19072,
            "80.000000" : 19072,
            "90.000000" : 19584,
            "95.000000" : 19840,
            "99.000000" : 21376,
            "99.500000" : 22912,
            "99.900000" : 28288,
            "99.950000" : 36096,
            "99.990000" : 54528
          }
        },
        "lat_ns" : {
          "min" : 18798,
          "max" : 5820641,
          "mean" : 25968.503612,
          "stddev" : 6078.343789,
          "N" : 2218366,
          "percentile" : {
            "1.000000" : 22144,
            "5.000000" : 22656,
            "10.000000" : 23168,
            "20.000000" : 24704,
            "30.000000" : 25216,
            "40.000000" : 25984,
            "50.000000" : 26240,
            "60.000000" : 26496,
            "70.000000" : 26752,
            "80.000000" : 27008,
            "90.000000" : 27264,
            "95.000000" : 27776,
            "99.000000" : 31104,
            "99.500000" : 32640,
            "99.900000" : 38656,
            "99.950000" : 45824,
            "99.990000" : 65280
          }
        },
        "bw_min" : 250320,
        "bw_max" : 310992,
        "bw_agg" : 100.000000,
        "bw_mean" : 296116.974790,
        "bw_dev" : 7910.852283,
        "bw_samples" : 119,
        "iops_min" : 31290,
        "iops_max" : 38874,
        "iops_mean" : 37014.655462,
        "iops_stddev" : 988.868618,
        "iops_samples" : 119
      },
      "ZNS Reset" : {
        "total_zone_resets" : 0,
        "io_bytes" : 0,
        "io_kbytes" : 0,
        "bw_bytes" : 0,
        "bw" : 0,
        "iops" : 0.000000,
        "runtime" : 0,
        "total_ios" : 0,
        "short_ios" : 0,
        "drop_ios" : 0,
        "slat_ns" : {
          "min" : 0,
          "max" : 0,
          "mean" : 0.000000,
          "stddev" : 0.000000,
          "N" : 0
        },
        "clat_ns" : {
          "min" : 0,
          "max" : 0,
          "mean" : 0.000000,
          "stddev" : 0.000000,
          "N" : 0
        },
        "lat_ns" : {
          "min" : 0,
          "max" : 0,
          "mean" : 0.000000,
          "stddev" : 0.000000,
          "N" : 0
        },
        "bw_min" : 0,
        "bw_max" : 0,
        "bw_agg" : 0.000000,
        "bw_mean" : 0.000000,
        "bw_dev" : 0.000000,
        "bw_samples" : 0,
        "iops_min" : 0,
        "iops_max" : 0,
        "iops_mean" : 0.000000,
        "iops_stddev" : 0.000000,
        "iops_samples" : 0
      },
      "sync" : {
        "total_ios" : 0,
        "lat_ns" : {
          "min" : 0,
          "max" : 0,
          "mean" : 0.000000,
          "stddev" : 0.000000,
          "N" : 0
        }
      },
      "job_runtime" : 60000,
      "usr_cpu" : 11.291667,
      "sys_cpu" : 32.210000,
      "ctx" : 4435981,
      "majf" : 0,
      "minf" : 0,
      "iodepth_level" : {
        "1" : 100.000000,
        "2" : 0.000000,
        "4" : 0.000000,
        "8" : 0.000000,
        "16" : 0.000000,
        "32" : 0.000000,
        ">=64" : 0.000000
      },
      "iodepth_submit" : {
        "0" : 0.000000,
        "4" : 100.000000,
        "8" : 0.000000,
        "16" : 0.000000,
        "32" : 0.000000,
        "64" : 0.000000,
        ">=64" : 0.000000
      },
      "iodepth_complete" : {
        "0" : 0.000000,
        "4" : 100.000000,
        "8" : 0.000000,
        "16" : 0.000000,
        "32" : 0.000000,
        "64" : 0.000000,
        ">=64" : 0.000000
      },
      "latency_ns" : {
        "2" : 0.000000,
        "4" : 0.000000,
        "10" : 0.000000,
        "20" : 0.000000,
        "50" : 0.000000,
        "100" : 0.000000,
        "250" : 0.000000,
        "500" : 0.000000,
        "750" : 0.000000,
        "1000" : 0.022629
      },
      "latency_us" : {
        "2" : 0.010000,
        "4" : 0.010000,
        "10" : 0.015191,
        "20" : 96.156045,
        "50" : 3.785399,
        "100" : 0.013388,
        "250" : 0.010000,
        "500" : 0.010000,
        "750" : 0.010000,
        "1000" : 0.010000
      },
      "latency_ms" : {
        "2" : 0.010000,
        "4" : 0.010000,
        "10" : 0.010000,
        "20" : 0.000000,
        "50" : 0.000000,
        "100" : 0.000000,
        "250" : 0.000000,
        "500" : 0.000000,
        "750" : 0.000000,
        "1000" : 0.000000,
        "2000" : 0.000000,
        ">=2000" : 0.000000
      },
      "latency_depth" : 1,
      "latency_target" : 0,
      "latency_percentile" : 100.000000,
      "latency_window" : 0
    }
  ],
  "disk_util" : [
    {
      "name" : "nvme0n2",
      "read_ios" : 45,
      "write_ios" : 2214433,
      "read_sectors" : 2064,
      "write_sectors" : 35430928,
      "read_merges" : 0,
      "write_merges" : 0,
      "read_ticks" : 1,
      "write_ticks" : 40758,
      "in_queue" : 40760,
      "util" : 99.944935
    }
  ]
}
