{
  "fio version" : "fio-3.35",
  "timestamp" : 1701666007,
  "timestamp_ms" : 1701666007840,
  "time" : "Mon Dec  4 05:00:07 2023",
  "global options" : {
    "ioengine" : "io_uring",
    "direct" : "1",
    "size" : "813z",
    "bs" : "8K",
    "group_reporting" : "0",
    "zonemode" : "zbd",
    "thread" : "1",
    "lat_percentiles" : "1",
    "iodepth" : "1",
    "runtime" : "1m",
    "filename" : "/dev/nvme0n2"
  },
  "jobs" : [
    {
      "jobname" : "write",
      "groupid" : 0,
      "error" : 0,
      "eta" : 0,
      "elapsed" : 61,
      "job options" : {
        "numjobs" : "1",
        "rw" : "write"
      },
      "read" : {
        "io_bytes" : 0,
        "io_kbytes" : 0,
        "bw_bytes" : 0,
        "bw" : 0,
        "iops" : 0.000000,
        "runtime" : 0,
        "total_ios" : 0,
        "short_ios" : 0,
        "drop_ios" : 0,
        "slat_ns" : {
          "min" : 0,
          "max" : 0,
          "mean" : 0.000000,
          "stddev" : 0.000000,
          "N" : 0
        },
        "clat_ns" : {
          "min" : 0,
          "max" : 0,
          "mean" : 0.000000,
          "stddev" : 0.000000,
          "N" : 0
        },
        "lat_ns" : {
          "min" : 0,
          "max" : 0,
          "mean" : 0.000000,
          "stddev" : 0.000000,
          "N" : 0
        },
        "bw_min" : 0,
        "bw_max" : 0,
        "bw_agg" : 0.000000,
        "bw_mean" : 0.000000,
        "bw_dev" : 0.000000,
        "bw_samples" : 0,
        "iops_min" : 0,
        "iops_max" : 0,
        "iops_mean" : 0.000000,
        "iops_stddev" : 0.000000,
        "iops_samples" : 0
      },
      "finish" : {
        "total_zone_resets" : 0,
        "io_bytes" : 18253742080,
        "io_kbytes" : 17825920,
        "bw_bytes" : 304223964,
        "bw" : 297093,
        "iops" : 37136.714388,
        "runtime" : 60001,
        "total_ios" : 2228240,
        "short_ios" : 0,
        "drop_ios" : 0,
        "slat_ns" : {
          "min" : 6441,
          "max" : 4822197,
          "mean" : 7847.209595,
          "stddev" : 4416.808083,
          "N" : 2228240
        },
        "clat_ns" : {
          "min" : 699,
          "max" : 4279665,
          "mean" : 18167.625206,
          "stddev" : 4484.194781,
          "N" : 2228240,
          "percentile" : {
            "1.000000" : 14784,
            "5.000000" : 15296,
            "10.000000" : 15808,
            "20.000000" : 17280,
            "30.000000" : 17792,
            "40.000000" : 18304,
            "50.000000" : 18560,
            "60.000000" : 18560,
            "70.000000" : 18816,
            "80.000000" : 19072,
            "90.000000" : 19328,
            "95.000000" : 19840,
            "99.000000" : 21376,
            "99.500000" : 22912,
            "99.900000" : 29312,
            "99.950000" : 40704,
            "99.990000" : 58112
          }
        },
        "lat_ns" : {
          "min" : 19006,
          "max" : 4826506,
          "mean" : 26014.834801,
          "stddev" : 6544.329397,
          "N" : 2228240,
          "percentile" : {
            "1.000000" : 22400,
            "5.000000" : 22912,
            "10.000000" : 23424,
            "20.000000" : 24960,
            "30.000000" : 25472,
            "40.000000" : 25984,
            "50.000000" : 26240,
            "60.000000" : 26240,
            "70.000000" : 26496,
            "80.000000" : 26752,
            "90.000000" : 27264,
            "95.000000" : 28032,
            "99.000000" : 31616,
            "99.500000" : 33024,
            "99.900000" : 40192,
            "99.950000" : 50432,
            "99.990000" : 71168
          }
        },
        "bw_min" : 245632,
        "bw_max" : 314624,
        "bw_agg" : 100.000000,
        "bw_mean" : 297331.764706,
        "bw_dev" : 9373.420066,
        "bw_samples" : 119,
        "iops_min" : 30704,
        "iops_max" : 39328,
        "iops_mean" : 37166.504202,
        "iops_stddev" : 1171.629322,
        "iops_samples" : 119
      },
      "ZNS Reset" : {
        "total_zone_resets" : 0,
        "io_bytes" : 0,
        "io_kbytes" : 0,
        "bw_bytes" : 0,
        "bw" : 0,
        "iops" : 0.000000,
        "runtime" : 0,
        "total_ios" : 0,
        "short_ios" : 0,
        "drop_ios" : 0,
        "slat_ns" : {
          "min" : 0,
          "max" : 0,
          "mean" : 0.000000,
          "stddev" : 0.000000,
          "N" : 0
        },
        "clat_ns" : {
          "min" : 0,
          "max" : 0,
          "mean" : 0.000000,
          "stddev" : 0.000000,
          "N" : 0
        },
        "lat_ns" : {
          "min" : 0,
          "max" : 0,
          "mean" : 0.000000,
          "stddev" : 0.000000,
          "N" : 0
        },
        "bw_min" : 0,
        "bw_max" : 0,
        "bw_agg" : 0.000000,
        "bw_mean" : 0.000000,
        "bw_dev" : 0.000000,
        "bw_samples" : 0,
        "iops_min" : 0,
        "iops_max" : 0,
        "iops_mean" : 0.000000,
        "iops_stddev" : 0.000000,
        "iops_samples" : 0
      },
      "sync" : {
        "total_ios" : 0,
        "lat_ns" : {
          "min" : 0,
          "max" : 0,
          "mean" : 0.000000,
          "stddev" : 0.000000,
          "N" : 0
        }
      },
      "job_runtime" : 60000,
      "usr_cpu" : 10.873333,
      "sys_cpu" : 32.658333,
      "ctx" : 4455619,
      "majf" : 0,
      "minf" : 0,
      "iodepth_level" : {
        "1" : 100.000000,
        "2" : 0.000000,
        "4" : 0.000000,
        "8" : 0.000000,
        "16" : 0.000000,
        "32" : 0.000000,
        ">=64" : 0.000000
      },
      "iodepth_submit" : {
        "0" : 0.000000,
        "4" : 100.000000,
        "8" : 0.000000,
        "16" : 0.000000,
        "32" : 0.000000,
        "64" : 0.000000,
        ">=64" : 0.000000
      },
      "iodepth_complete" : {
        "0" : 0.000000,
        "4" : 100.000000,
        "8" : 0.000000,
        "16" : 0.000000,
        "32" : 0.000000,
        "64" : 0.000000,
        ">=64" : 0.000000
      },
      "latency_ns" : {
        "2" : 0.000000,
        "4" : 0.000000,
        "10" : 0.000000,
        "20" : 0.000000,
        "50" : 0.000000,
        "100" : 0.000000,
        "250" : 0.000000,
        "500" : 0.000000,
        "750" : 0.010000,
        "1000" : 0.026658
      },
      "latency_us" : {
        "2" : 0.010000,
        "4" : 0.010000,
        "10" : 0.016560,
        "20" : 95.858794,
        "50" : 4.070343,
        "100" : 0.021093,
        "250" : 0.010000,
        "500" : 0.010000,
        "750" : 0.010000,
        "1000" : 0.010000
      },
      "latency_ms" : {
        "2" : 0.010000,
        "4" : 0.010000,
        "10" : 0.010000,
        "20" : 0.000000,
        "50" : 0.000000,
        "100" : 0.000000,
        "250" : 0.000000,
        "500" : 0.000000,
        "750" : 0.000000,
        "1000" : 0.000000,
        "2000" : 0.000000,
        ">=2000" : 0.000000
      },
      "latency_depth" : 1,
      "latency_target" : 0,
      "latency_percentile" : 100.000000,
      "latency_window" : 0
    }
  ],
  "disk_util" : [
    {
      "name" : "nvme0n2",
      "read_ios" : 45,
      "write_ios" : 2224039,
      "read_sectors" : 2064,
      "write_sectors" : 35584624,
      "read_merges" : 0,
      "write_merges" : 0,
      "read_ticks" : 1,
      "write_ticks" : 40813,
      "in_queue" : 40814,
      "util" : 99.951613
    }
  ]
}
