{
  "fio version" : "fio-3.35",
  "timestamp" : 1701641316,
  "timestamp_ms" : 1701641316811,
  "time" : "Sun Dec  3 22:08:36 2023",
  "global options" : {
    "ioengine" : "io_uring",
    "direct" : "1",
    "size" : "813z",
    "bs" : "8K",
    "group_reporting" : "0",
    "zonemode" : "zbd",
    "thread" : "1",
    "lat_percentiles" : "1",
    "iodepth" : "1",
    "runtime" : "1m",
    "filename" : "/dev/nvme0n2"
  },
  "jobs" : [
    {
      "jobname" : "write",
      "groupid" : 0,
      "error" : 0,
      "eta" : 0,
      "elapsed" : 61,
      "job options" : {
        "numjobs" : "1",
        "rw" : "write"
      },
      "read" : {
        "io_bytes" : 0,
        "io_kbytes" : 0,
        "bw_bytes" : 0,
        "bw" : 0,
        "iops" : 0.000000,
        "runtime" : 0,
        "total_ios" : 0,
        "short_ios" : 0,
        "drop_ios" : 0,
        "slat_ns" : {
          "min" : 0,
          "max" : 0,
          "mean" : 0.000000,
          "stddev" : 0.000000,
          "N" : 0
        },
        "clat_ns" : {
          "min" : 0,
          "max" : 0,
          "mean" : 0.000000,
          "stddev" : 0.000000,
          "N" : 0
        },
        "lat_ns" : {
          "min" : 0,
          "max" : 0,
          "mean" : 0.000000,
          "stddev" : 0.000000,
          "N" : 0
        },
        "bw_min" : 0,
        "bw_max" : 0,
        "bw_agg" : 0.000000,
        "bw_mean" : 0.000000,
        "bw_dev" : 0.000000,
        "bw_samples" : 0,
        "iops_min" : 0,
        "iops_max" : 0,
        "iops_mean" : 0.000000,
        "iops_stddev" : 0.000000,
        "iops_samples" : 0
      },
      "finish" : {
        "total_zone_resets" : 0,
        "io_bytes" : 18300395520,
        "io_kbytes" : 17871480,
        "bw_bytes" : 305006592,
        "bw" : 297858,
        "iops" : 37232.250000,
        "runtime" : 60000,
        "total_ios" : 2233935,
        "short_ios" : 0,
        "drop_ios" : 0,
        "slat_ns" : {
          "min" : 6517,
          "max" : 319155,
          "mean" : 7738.773862,
          "stddev" : 931.922875,
          "N" : 2233935
        },
        "clat_ns" : {
          "min" : 699,
          "max" : 1033417,
          "mean" : 18091.279073,
          "stddev" : 1927.940633,
          "N" : 2233935,
          "percentile" : {
            "1.000000" : 14912,
            "5.000000" : 15424,
            "10.000000" : 15808,
            "20.000000" : 17280,
            "30.000000" : 17536,
            "40.000000" : 17792,
            "50.000000" : 18304,
            "60.000000" : 18560,
            "70.000000" : 18816,
            "80.000000" : 19072,
            "90.000000" : 19328,
            "95.000000" : 19584,
            "99.000000" : 21376,
            "99.500000" : 22656,
            "99.900000" : 29568,
            "99.950000" : 43264,
            "99.990000" : 66048
          }
        },
        "lat_ns" : {
          "min" : 19362,
          "max" : 1040693,
          "mean" : 25830.052935,
          "stddev" : 2119.857060,
          "N" : 2233935,
          "percentile" : {
            "1.000000" : 22400,
            "5.000000" : 22912,
            "10.000000" : 23424,
            "20.000000" : 24960,
            "30.000000" : 25216,
            "40.000000" : 25472,
            "50.000000" : 25984,
            "60.000000" : 26240,
            "70.000000" : 26496,
            "80.000000" : 26752,
            "90.000000" : 27264,
            "95.000000" : 27520,
            "99.000000" : 29824,
            "99.500000" : 32640,
            "99.900000" : 41216,
            "99.950000" : 54528,
            "99.990000" : 80384
          }
        },
        "bw_min" : 288784,
        "bw_max" : 314032,
        "bw_agg" : 100.000000,
        "bw_mean" : 298120.201681,
        "bw_dev" : 5852.538336,
        "bw_samples" : 119,
        "iops_min" : 36098,
        "iops_max" : 39254,
        "iops_mean" : 37265.025210,
        "iops_stddev" : 731.544772,
        "iops_samples" : 119
      },
      "ZNS Reset" : {
        "total_zone_resets" : 0,
        "io_bytes" : 0,
        "io_kbytes" : 0,
        "bw_bytes" : 0,
        "bw" : 0,
        "iops" : 0.000000,
        "runtime" : 0,
        "total_ios" : 0,
        "short_ios" : 0,
        "drop_ios" : 0,
        "slat_ns" : {
          "min" : 0,
          "max" : 0,
          "mean" : 0.000000,
          "stddev" : 0.000000,
          "N" : 0
        },
        "clat_ns" : {
          "min" : 0,
          "max" : 0,
          "mean" : 0.000000,
          "stddev" : 0.000000,
          "N" : 0
        },
        "lat_ns" : {
          "min" : 0,
          "max" : 0,
          "mean" : 0.000000,
          "stddev" : 0.000000,
          "N" : 0
        },
        "bw_min" : 0,
        "bw_max" : 0,
        "bw_agg" : 0.000000,
        "bw_mean" : 0.000000,
        "bw_dev" : 0.000000,
        "bw_samples" : 0,
        "iops_min" : 0,
        "iops_max" : 0,
        "iops_mean" : 0.000000,
        "iops_stddev" : 0.000000,
        "iops_samples" : 0
      },
      "sync" : {
        "total_ios" : 0,
        "lat_ns" : {
          "min" : 0,
          "max" : 0,
          "mean" : 0.000000,
          "stddev" : 0.000000,
          "N" : 0
        }
      },
      "job_runtime" : 60000,
      "usr_cpu" : 11.126667,
      "sys_cpu" : 31.756667,
      "ctx" : 4467053,
      "majf" : 0,
      "minf" : 0,
      "iodepth_level" : {
        "1" : 100.000000,
        "2" : 0.000000,
        "4" : 0.000000,
        "8" : 0.000000,
        "16" : 0.000000,
        "32" : 0.000000,
        ">=64" : 0.000000
      },
      "iodepth_submit" : {
        "0" : 0.000000,
        "4" : 100.000000,
        "8" : 0.000000,
        "16" : 0.000000,
        "32" : 0.000000,
        "64" : 0.000000,
        ">=64" : 0.000000
      },
      "iodepth_complete" : {
        "0" : 0.000000,
        "4" : 100.000000,
        "8" : 0.000000,
        "16" : 0.000000,
        "32" : 0.000000,
        "64" : 0.000000,
        ">=64" : 0.000000
      },
      "latency_ns" : {
        "2" : 0.000000,
        "4" : 0.000000,
        "10" : 0.000000,
        "20" : 0.000000,
        "50" : 0.000000,
        "100" : 0.000000,
        "250" : 0.000000,
        "500" : 0.000000,
        "750" : 0.010000,
        "1000" : 0.026456
      },
      "latency_us" : {
        "2" : 0.010000,
        "4" : 0.010000,
        "10" : 0.014324,
        "20" : 97.238550,
        "50" : 2.688082,
        "100" : 0.026635,
        "250" : 0.010000,
        "500" : 0.010000,
        "750" : 0.000000,
        "1000" : 0.000000
      },
      "latency_ms" : {
        "2" : 0.010000,
        "4" : 0.000000,
        "10" : 0.000000,
        "20" : 0.000000,
        "50" : 0.000000,
        "100" : 0.000000,
        "250" : 0.000000,
        "500" : 0.000000,
        "750" : 0.000000,
        "1000" : 0.000000,
        "2000" : 0.000000,
        ">=2000" : 0.000000
      },
      "latency_depth" : 1,
      "latency_target" : 0,
      "latency_percentile" : 100.000000,
      "latency_window" : 0
    }
  ],
  "disk_util" : [
    {
      "name" : "nvme0n2",
      "read_ios" : 45,
      "write_ios" : 2229755,
      "read_sectors" : 2064,
      "write_sectors" : 35676080,
      "read_merges" : 0,
      "write_merges" : 0,
      "read_ticks" : 1,
      "write_ticks" : 41043,
      "in_queue" : 41044,
      "util" : 99.944935
    }
  ]
}
