{
  "fio version" : "fio-3.35",
  "timestamp" : 1701632835,
  "timestamp_ms" : 1701632835906,
  "time" : "Sun Dec  3 19:47:15 2023",
  "global options" : {
    "ioengine" : "io_uring",
    "direct" : "1",
    "size" : "813z",
    "bs" : "8K",
    "zonemode" : "zbd",
    "thread" : "1",
    "lat_percentiles" : "1",
    "iodepth" : "1",
    "runtime" : "1m",
    "filename" : "/dev/nvme0n2"
  },
  "jobs" : [
    {
      "jobname" : "write",
      "groupid" : 0,
      "error" : 0,
      "eta" : 0,
      "elapsed" : 61,
      "job options" : {
        "numjobs" : "1",
        "rw" : "write"
      },
      "read" : {
        "io_bytes" : 0,
        "io_kbytes" : 0,
        "bw_bytes" : 0,
        "bw" : 0,
        "iops" : 0.000000,
        "runtime" : 0,
        "total_ios" : 0,
        "short_ios" : 0,
        "drop_ios" : 0,
        "slat_ns" : {
          "min" : 0,
          "max" : 0,
          "mean" : 0.000000,
          "stddev" : 0.000000,
          "N" : 0
        },
        "clat_ns" : {
          "min" : 0,
          "max" : 0,
          "mean" : 0.000000,
          "stddev" : 0.000000,
          "N" : 0
        },
        "lat_ns" : {
          "min" : 0,
          "max" : 0,
          "mean" : 0.000000,
          "stddev" : 0.000000,
          "N" : 0
        },
        "bw_min" : 0,
        "bw_max" : 0,
        "bw_agg" : 0.000000,
        "bw_mean" : 0.000000,
        "bw_dev" : 0.000000,
        "bw_samples" : 0,
        "iops_min" : 0,
        "iops_max" : 0,
        "iops_mean" : 0.000000,
        "iops_stddev" : 0.000000,
        "iops_samples" : 0
      },
      "finish" : {
        "total_zone_resets" : 0,
        "io_bytes" : 18465497088,
        "io_kbytes" : 18032712,
        "bw_bytes" : 307758284,
        "bw" : 300545,
        "iops" : 37568.150000,
        "runtime" : 60000,
        "total_ios" : 2254089,
        "short_ios" : 0,
        "drop_ios" : 0,
        "slat_ns" : {
          "min" : 6560,
          "max" : 5920162,
          "mean" : 7824.998641,
          "stddev" : 5355.270947,
          "N" : 2254089
        },
        "clat_ns" : {
          "min" : 702,
          "max" : 17197076,
          "mean" : 17881.233381,
          "stddev" : 16992.266964,
          "N" : 2254089,
          "percentile" : {
            "1.000000" : 14656,
            "5.000000" : 15040,
            "10.000000" : 15552,
            "20.000000" : 17024,
            "30.000000" : 17280,
            "40.000000" : 17536,
            "50.000000" : 18048,
            "60.000000" : 18304,
            "70.000000" : 18560,
            "80.000000" : 19072,
            "90.000000" : 19328,
            "95.000000" : 19584,
            "99.000000" : 21120,
            "99.500000" : 22400,
            "99.900000" : 30336,
            "99.950000" : 42240,
            "99.990000" : 56576
          }
        },
        "lat_ns" : {
          "min" : 19345,
          "max" : 17204442,
          "mean" : 25706.232021,
          "stddev" : 17990.696789,
          "N" : 2254089,
          "percentile" : {
            "1.000000" : 22144,
            "5.000000" : 22656,
            "10.000000" : 23168,
            "20.000000" : 24704,
            "30.000000" : 24960,
            "40.000000" : 25472,
            "50.000000" : 25728,
            "60.000000" : 26240,
            "70.000000" : 26496,
            "80.000000" : 26752,
            "90.000000" : 27264,
            "95.000000" : 27520,
            "99.000000" : 29568,
            "99.500000" : 32384,
            "99.900000" : 40704,
            "99.950000" : 51456,
            "99.990000" : 68096
          }
        },
        "bw_min" : 286562,
        "bw_max" : 315088,
        "bw_agg" : 100.000000,
        "bw_mean" : 300793.159664,
        "bw_dev" : 6504.968138,
        "bw_samples" : 119,
        "iops_min" : 35820,
        "iops_max" : 39386,
        "iops_mean" : 37599.142857,
        "iops_stddev" : 813.138076,
        "iops_samples" : 119
      },
      "ZNS Reset" : {
        "total_zone_resets" : 0,
        "io_bytes" : 0,
        "io_kbytes" : 0,
        "bw_bytes" : 0,
        "bw" : 0,
        "iops" : 0.000000,
        "runtime" : 0,
        "total_ios" : 0,
        "short_ios" : 0,
        "drop_ios" : 0,
        "slat_ns" : {
          "min" : 0,
          "max" : 0,
          "mean" : 0.000000,
          "stddev" : 0.000000,
          "N" : 0
        },
        "clat_ns" : {
          "min" : 0,
          "max" : 0,
          "mean" : 0.000000,
          "stddev" : 0.000000,
          "N" : 0
        },
        "lat_ns" : {
          "min" : 0,
          "max" : 0,
          "mean" : 0.000000,
          "stddev" : 0.000000,
          "N" : 0
        },
        "bw_min" : 0,
        "bw_max" : 0,
        "bw_agg" : 0.000000,
        "bw_mean" : 0.000000,
        "bw_dev" : 0.000000,
        "bw_samples" : 0,
        "iops_min" : 0,
        "iops_max" : 0,
        "iops_mean" : 0.000000,
        "iops_stddev" : 0.000000,
        "iops_samples" : 0
      },
      "sync" : {
        "total_ios" : 0,
        "lat_ns" : {
          "min" : 0,
          "max" : 0,
          "mean" : 0.000000,
          "stddev" : 0.000000,
          "N" : 0
        }
      },
      "job_runtime" : 60000,
      "usr_cpu" : 10.491667,
      "sys_cpu" : 32.648333,
      "ctx" : 4507353,
      "majf" : 0,
      "minf" : 0,
      "iodepth_level" : {
        "1" : 100.000000,
        "2" : 0.000000,
        "4" : 0.000000,
        "8" : 0.000000,
        "16" : 0.000000,
        "32" : 0.000000,
        ">=64" : 0.000000
      },
      "iodepth_submit" : {
        "0" : 0.000000,
        "4" : 100.000000,
        "8" : 0.000000,
        "16" : 0.000000,
        "32" : 0.000000,
        "64" : 0.000000,
        ">=64" : 0.000000
      },
      "iodepth_complete" : {
        "0" : 0.000000,
        "4" : 100.000000,
        "8" : 0.000000,
        "16" : 0.000000,
        "32" : 0.000000,
        "64" : 0.000000,
        ">=64" : 0.000000
      },
      "latency_ns" : {
        "2" : 0.000000,
        "4" : 0.000000,
        "10" : 0.000000,
        "20" : 0.000000,
        "50" : 0.000000,
        "100" : 0.000000,
        "250" : 0.000000,
        "500" : 0.000000,
        "750" : 0.010000,
        "1000" : 0.024888
      },
      "latency_us" : {
        "2" : 0.010000,
        "4" : 0.010000,
        "10" : 0.018278,
        "20" : 97.596102,
        "50" : 2.335666,
        "100" : 0.019121,
        "250" : 0.010000,
        "500" : 0.010000,
        "750" : 0.010000,
        "1000" : 0.010000
      },
      "latency_ms" : {
        "2" : 0.010000,
        "4" : 0.000000,
        "10" : 0.000000,
        "20" : 0.010000,
        "50" : 0.000000,
        "100" : 0.000000,
        "250" : 0.000000,
        "500" : 0.000000,
        "750" : 0.000000,
        "1000" : 0.000000,
        "2000" : 0.000000,
        ">=2000" : 0.000000
      },
      "latency_depth" : 1,
      "latency_target" : 0,
      "latency_percentile" : 100.000000,
      "latency_window" : 0
    }
  ],
  "disk_util" : [
    {
      "name" : "nvme0n2",
      "read_ios" : 45,
      "write_ios" : 2250022,
      "read_sectors" : 2064,
      "write_sectors" : 36000352,
      "read_merges" : 0,
      "write_merges" : 0,
      "read_ticks" : 1,
      "write_ticks" : 41194,
      "in_queue" : 41195,
      "util" : 99.929923
    }
  ]
}
