{
  "fio version" : "fio-3.35",
  "timestamp" : 1701001267,
  "timestamp_ms" : 1701001267203,
  "time" : "Sun Nov 26 12:21:07 2023",
  "global options" : {
    "name" : "bw",
    "ioengine" : "io_uring",
    "size" : "813z",
    "bs" : "8K",
    "zonemode" : "zbd",
    "direct" : "1",
    "thread" : "1",
    "lat_percentiles" : "1",
    "iodepth" : "1",
    "runtime" : "1m",
    "filename" : "/dev/nvme0n2",
    "sqthread_poll" : "1"
  },
  "jobs" : [
    {
      "jobname" : "write",
      "groupid" : 0,
      "error" : 0,
      "eta" : 0,
      "elapsed" : 61,
      "job options" : {
        "numjobs" : "5",
        "rw" : "write"
      },
      "read" : {
        "io_bytes" : 0,
        "io_kbytes" : 0,
        "bw_bytes" : 0,
        "bw" : 0,
        "iops" : 0.000000,
        "runtime" : 0,
        "total_ios" : 0,
        "short_ios" : 0,
        "drop_ios" : 0,
        "slat_ns" : {
          "min" : 0,
          "max" : 0,
          "mean" : 0.000000,
          "stddev" : 0.000000,
          "N" : 0
        },
        "clat_ns" : {
          "min" : 0,
          "max" : 0,
          "mean" : 0.000000,
          "stddev" : 0.000000,
          "N" : 0
        },
        "lat_ns" : {
          "min" : 0,
          "max" : 0,
          "mean" : 0.000000,
          "stddev" : 0.000000,
          "N" : 0
        },
        "bw_min" : 0,
        "bw_max" : 0,
        "bw_agg" : 0.000000,
        "bw_mean" : 0.000000,
        "bw_dev" : 0.000000,
        "bw_samples" : 0,
        "iops_min" : 0,
        "iops_max" : 0,
        "iops_mean" : 0.000000,
        "iops_stddev" : 0.000000,
        "iops_samples" : 0
      },
      "finish" : {
        "total_zone_resets" : 47,
        "io_bytes" : 68048502784,
        "io_kbytes" : 66453616,
        "bw_bytes" : 1134122811,
        "bw" : 1107541,
        "iops" : 138442.725955,
        "runtime" : 60001,
        "total_ios" : 8306702,
        "short_ios" : 0,
        "drop_ios" : 0,
        "slat_ns" : {
          "min" : 0,
          "max" : 0,
          "mean" : 0.000000,
          "stddev" : 0.000000,
          "N" : 0
        },
        "clat_ns" : {
          "min" : 467,
          "max" : 12228915,
          "mean" : 29956.292489,
          "stddev" : 60137.544247,
          "N" : 8306702,
          "percentile" : {
            "1.000000" : 17536,
            "5.000000" : 18560,
            "10.000000" : 19072,
            "20.000000" : 20096,
            "30.000000" : 20864,
            "40.000000" : 21888,
            "50.000000" : 22656,
            "60.000000" : 24192,
            "70.000000" : 25984,
            "80.000000" : 30080,
            "90.000000" : 46848,
            "95.000000" : 66048,
            "99.000000" : 119296,
            "99.500000" : 158720,
            "99.900000" : 342016,
            "99.950000" : 460800,
            "99.990000" : 1974272
          }
        },
        "lat_ns" : {
          "min" : 15927,
          "max" : 12229464,
          "mean" : 30383.442757,
          "stddev" : 60140.540671,
          "N" : 8306702,
          "percentile" : {
            "1.000000" : 18048,
            "5.000000" : 18816,
            "10.000000" : 19584,
            "20.000000" : 20608,
            "30.000000" : 21376,
            "40.000000" : 22144,
            "50.000000" : 23168,
            "60.000000" : 24448,
            "70.000000" : 26496,
            "80.000000" : 30592,
            "90.000000" : 47360,
            "95.000000" : 67072,
            "99.000000" : 119296,
            "99.500000" : 158720,
            "99.900000" : 342016,
            "99.950000" : 460800,
            "99.990000" : 1974272
          }
        },
        "bw_min" : 28128,
        "bw_max" : 1641856,
        "bw_agg" : 100.000000,
        "bw_mean" : 1134574.936757,
        "bw_dev" : 64598.066533,
        "bw_samples" : 580,
        "iops_min" : 3516,
        "iops_max" : 205232,
        "iops_mean" : 141821.843304,
        "iops_stddev" : 8074.760973,
        "iops_samples" : 580
      },
      "ZNS Reset" : {
        "total_zone_resets" : 47,
        "io_bytes" : 0,
        "io_kbytes" : 0,
        "bw_bytes" : 0,
        "bw" : 0,
        "iops" : 0.000000,
        "runtime" : 0,
        "total_ios" : 0,
        "short_ios" : 0,
        "drop_ios" : 0,
        "slat_ns" : {
          "min" : 0,
          "max" : 0,
          "mean" : 0.000000,
          "stddev" : 0.000000,
          "N" : 0
        },
        "clat_ns" : {
          "min" : 0,
          "max" : 0,
          "mean" : 0.000000,
          "stddev" : 0.000000,
          "N" : 0
        },
        "lat_ns" : {
          "min" : 0,
          "max" : 0,
          "mean" : 0.000000,
          "stddev" : 0.000000,
          "N" : 0
        },
        "bw_min" : 0,
        "bw_max" : 0,
        "bw_agg" : 0.000000,
        "bw_mean" : 0.000000,
        "bw_dev" : 0.000000,
        "bw_samples" : 0,
        "iops_min" : 0,
        "iops_max" : 0,
        "iops_mean" : 0.000000,
        "iops_stddev" : 0.000000,
        "iops_samples" : 0
      },
      "sync" : {
        "total_ios" : 0,
        "lat_ns" : {
          "min" : 0,
          "max" : 0,
          "mean" : 0.000000,
          "stddev" : 0.000000,
          "N" : 0
        }
      },
      "job_runtime" : 300000,
      "usr_cpu" : 87.745333,
      "sys_cpu" : 1.134000,
      "ctx" : 575762,
      "majf" : 0,
      "minf" : 0,
      "iodepth_level" : {
        "1" : 100.000000,
        "2" : 0.000000,
        "4" : 0.000000,
        "8" : 0.000000,
        "16" : 0.000000,
        "32" : 0.000000,
        ">=64" : 0.000000
      },
      "iodepth_submit" : {
        "0" : 0.000000,
        "4" : 100.000000,
        "8" : 0.000000,
        "16" : 0.000000,
        "32" : 0.000000,
        "64" : 0.000000,
        ">=64" : 0.000000
      },
      "iodepth_complete" : {
        "0" : 0.000000,
        "4" : 100.000000,
        "8" : 0.000000,
        "16" : 0.000000,
        "32" : 0.000000,
        "64" : 0.000000,
        ">=64" : 0.000000
      },
      "latency_ns" : {
        "2" : 0.000000,
        "4" : 0.000000,
        "10" : 0.000000,
        "20" : 0.000000,
        "50" : 0.000000,
        "100" : 0.000000,
        "250" : 0.000000,
        "500" : 0.010000,
        "750" : 0.000000,
        "1000" : 0.000000
      },
      "latency_us" : {
        "2" : 0.000000,
        "4" : 0.000000,
        "10" : 0.000000,
        "20" : 19.300175,
        "50" : 71.873639,
        "100" : 7.457882,
        "250" : 1.170332,
        "500" : 0.155188,
        "750" : 0.017046,
        "1000" : 0.010000
      },
      "latency_ms" : {
        "2" : 0.010522,
        "4" : 0.010000,
        "10" : 0.010000,
        "20" : 0.010000,
        "50" : 0.000000,
        "100" : 0.000000,
        "250" : 0.000000,
        "500" : 0.000000,
        "750" : 0.000000,
        "1000" : 0.000000,
        "2000" : 0.000000,
        ">=2000" : 0.000000
      },
      "latency_depth" : 1,
      "latency_target" : 0,
      "latency_percentile" : 100.000000,
      "latency_window" : 0
    }
  ],
  "disk_util" : [
    {
      "name" : "nvme0n2",
      "read_ios" : 45,
      "write_ios" : 8289924,
      "read_sectors" : 2064,
      "write_sectors" : 132638032,
      "read_merges" : 0,
      "write_merges" : 0,
      "read_ticks" : 1,
      "write_ticks" : 223567,
      "in_queue" : 223568,
      "util" : 99.923264
    }
  ]
}
