{
  "fio version" : "fio-3.35",
  "timestamp" : 1693502138,
  "timestamp_ms" : 1693502138758,
  "time" : "Thu Aug 31 17:15:38 2023",
  "global options" : {
    "name" : "bw",
    "ioengine" : "io_uring_cmd",
    "size" : "813z",
    "bs" : "8K",
    "zonemode" : "zbd",
    "thread" : "1",
    "lat_percentiles" : "1",
    "iodepth" : "1",
    "size" : "406z",
    "offset_increment" : "406z",
    "runtime" : "1m",
    "filename" : "/dev/ng0n2",
    "sqthread_poll" : "1"
  },
  "jobs" : [
    {
      "jobname" : "write",
      "groupid" : 0,
      "error" : 0,
      "eta" : 0,
      "elapsed" : 61,
      "job options" : {
        "numjobs" : "2",
        "rw" : "write"
      },
      "read" : {
        "io_bytes" : 0,
        "io_kbytes" : 0,
        "bw_bytes" : 0,
        "bw" : 0,
        "iops" : 0.000000,
        "runtime" : 0,
        "total_ios" : 0,
        "short_ios" : 0,
        "drop_ios" : 0,
        "slat_ns" : {
          "min" : 0,
          "max" : 0,
          "mean" : 0.000000,
          "stddev" : 0.000000,
          "N" : 0
        },
        "clat_ns" : {
          "min" : 0,
          "max" : 0,
          "mean" : 0.000000,
          "stddev" : 0.000000,
          "N" : 0
        },
        "lat_ns" : {
          "min" : 0,
          "max" : 0,
          "mean" : 0.000000,
          "stddev" : 0.000000,
          "N" : 0
        },
        "bw_min" : 0,
        "bw_max" : 0,
        "bw_agg" : 0.000000,
        "bw_mean" : 0.000000,
        "bw_dev" : 0.000000,
        "bw_samples" : 0,
        "iops_min" : 0,
        "iops_max" : 0,
        "iops_mean" : 0.000000,
        "iops_stddev" : 0.000000,
        "iops_samples" : 0
      },
      "finish" : {
        "io_bytes" : 55625957376,
        "io_kbytes" : 54322224,
        "bw_bytes" : 927083838,
        "bw" : 905355,
        "iops" : 113169.413843,
        "runtime" : 60001,
        "total_ios" : 6790278,
        "short_ios" : 0,
        "drop_ios" : 0,
        "slat_ns" : {
          "min" : 0,
          "max" : 0,
          "mean" : 0.000000,
          "stddev" : 0.000000,
          "N" : 0
        },
        "clat_ns" : {
          "min" : 6029,
          "max" : 1902376,
          "mean" : 16424.627521,
          "stddev" : 4481.921514,
          "N" : 6790278,
          "percentile" : {
            "1.000000" : 15040,
            "5.000000" : 15168,
            "10.000000" : 15296,
            "20.000000" : 15424,
            "30.000000" : 15552,
            "40.000000" : 15808,
            "50.000000" : 15936,
            "60.000000" : 16192,
            "70.000000" : 16512,
            "80.000000" : 17024,
            "90.000000" : 17792,
            "95.000000" : 18560,
            "99.000000" : 21376,
            "99.500000" : 24704,
            "99.900000" : 44288,
            "99.950000" : 50944,
            "99.990000" : 83456
          }
        },
        "lat_ns" : {
          "min" : 15038,
          "max" : 1902780,
          "mean" : 16885.856431,
          "stddev" : 4483.543105,
          "N" : 6790278,
          "percentile" : {
            "1.000000" : 15424,
            "5.000000" : 15680,
            "10.000000" : 15808,
            "20.000000" : 15936,
            "30.000000" : 16064,
            "40.000000" : 16192,
            "50.000000" : 16512,
            "60.000000" : 16768,
            "70.000000" : 17024,
            "80.000000" : 17536,
            "90.000000" : 18048,
            "95.000000" : 19072,
            "99.000000" : 21888,
            "99.500000" : 25216,
            "99.900000" : 44800,
            "99.950000" : 50944,
            "99.990000" : 84480
          }
        },
        "bw_min" : 899792,
        "bw_max" : 910400,
        "bw_agg" : 100.000000,
        "bw_mean" : 905856.672269,
        "bw_dev" : 1095.266274,
        "bw_samples" : 238,
        "iops_min" : 112474,
        "iops_max" : 113800,
        "iops_mean" : 113232.067227,
        "iops_stddev" : 136.913593,
        "iops_samples" : 238
      },
      "ZNS Reset" : {
        "total_zone_resets" : 0,
        "io_bytes" : 0,
        "io_kbytes" : 0,
        "bw_bytes" : 0,
        "bw" : 0,
        "iops" : 0.000000,
        "runtime" : 0,
        "total_ios" : 0,
        "short_ios" : 0,
        "drop_ios" : 0,
        "slat_ns" : {
          "min" : 0,
          "max" : 0,
          "mean" : 0.000000,
          "stddev" : 0.000000,
          "N" : 0
        },
        "clat_ns" : {
          "min" : 0,
          "max" : 0,
          "mean" : 0.000000,
          "stddev" : 0.000000,
          "N" : 0
        },
        "lat_ns" : {
          "min" : 0,
          "max" : 0,
          "mean" : 0.000000,
          "stddev" : 0.000000,
          "N" : 0
        },
        "bw_min" : 0,
        "bw_max" : 0,
        "bw_agg" : 0.000000,
        "bw_mean" : 0.000000,
        "bw_dev" : 0.000000,
        "bw_samples" : 0,
        "iops_min" : 0,
        "iops_max" : 0,
        "iops_mean" : 0.000000,
        "iops_stddev" : 0.000000,
        "iops_samples" : 0
      },
      "sync" : {
        "total_ios" : 0,
        "lat_ns" : {
          "min" : 0,
          "max" : 0,
          "mean" : 0.000000,
          "stddev" : 0.000000,
          "N" : 0
        }
      },
      "job_runtime" : 120000,
      "usr_cpu" : 99.993333,
      "sys_cpu" : 0.003333,
      "ctx" : 127,
      "majf" : 0,
      "minf" : 0,
      "iodepth_level" : {
        "1" : 100.000000,
        "2" : 0.000000,
        "4" : 0.000000,
        "8" : 0.000000,
        "16" : 0.000000,
        "32" : 0.000000,
        ">=64" : 0.000000
      },
      "iodepth_submit" : {
        "0" : 0.000000,
        "4" : 100.000000,
        "8" : 0.000000,
        "16" : 0.000000,
        "32" : 0.000000,
        "64" : 0.000000,
        ">=64" : 0.000000
      },
      "iodepth_complete" : {
        "0" : 0.000000,
        "4" : 100.000000,
        "8" : 0.000000,
        "16" : 0.000000,
        "32" : 0.000000,
        "64" : 0.000000,
        ">=64" : 0.000000
      },
      "latency_ns" : {
        "2" : 0.000000,
        "4" : 0.000000,
        "10" : 0.000000,
        "20" : 0.000000,
        "50" : 0.000000,
        "100" : 0.000000,
        "250" : 0.000000,
        "500" : 0.000000,
        "750" : 0.000000,
        "1000" : 0.000000
      },
      "latency_us" : {
        "2" : 0.000000,
        "4" : 0.000000,
        "10" : 0.010000,
        "20" : 98.219440,
        "50" : 1.726616,
        "100" : 0.045786,
        "250" : 0.010000,
        "500" : 0.010000,
        "750" : 0.010000,
        "1000" : 0.010000
      },
      "latency_ms" : {
        "2" : 0.010000,
        "4" : 0.000000,
        "10" : 0.000000,
        "20" : 0.000000,
        "50" : 0.000000,
        "100" : 0.000000,
        "250" : 0.000000,
        "500" : 0.000000,
        "750" : 0.000000,
        "1000" : 0.000000,
        "2000" : 0.000000,
        ">=2000" : 0.000000
      },
      "latency_depth" : 1,
      "latency_target" : 0,
      "latency_percentile" : 100.000000,
      "latency_window" : 0
    }
  ]
}
