{
  "fio version" : "fio-3.35",
  "timestamp" : 1701001024,
  "timestamp_ms" : 1701001024980,
  "time" : "Sun Nov 26 12:17:04 2023",
  "global options" : {
    "name" : "bw",
    "ioengine" : "io_uring",
    "size" : "813z",
    "bs" : "8K",
    "zonemode" : "zbd",
    "direct" : "1",
    "thread" : "1",
    "lat_percentiles" : "1",
    "iodepth" : "1",
    "runtime" : "1m",
    "filename" : "/dev/nvme0n2",
    "sqthread_poll" : "1"
  },
  "jobs" : [
    {
      "jobname" : "write",
      "groupid" : 0,
      "error" : 0,
      "eta" : 0,
      "elapsed" : 61,
      "job options" : {
        "numjobs" : "1",
        "rw" : "write"
      },
      "read" : {
        "io_bytes" : 0,
        "io_kbytes" : 0,
        "bw_bytes" : 0,
        "bw" : 0,
        "iops" : 0.000000,
        "runtime" : 0,
        "total_ios" : 0,
        "short_ios" : 0,
        "drop_ios" : 0,
        "slat_ns" : {
          "min" : 0,
          "max" : 0,
          "mean" : 0.000000,
          "stddev" : 0.000000,
          "N" : 0
        },
        "clat_ns" : {
          "min" : 0,
          "max" : 0,
          "mean" : 0.000000,
          "stddev" : 0.000000,
          "N" : 0
        },
        "lat_ns" : {
          "min" : 0,
          "max" : 0,
          "mean" : 0.000000,
          "stddev" : 0.000000,
          "N" : 0
        },
        "bw_min" : 0,
        "bw_max" : 0,
        "bw_agg" : 0.000000,
        "bw_mean" : 0.000000,
        "bw_dev" : 0.000000,
        "bw_samples" : 0,
        "iops_min" : 0,
        "iops_max" : 0,
        "iops_mean" : 0.000000,
        "iops_stddev" : 0.000000,
        "iops_samples" : 0
      },
      "finish" : {
        "total_zone_resets" : 0,
        "io_bytes" : 25577234432,
        "io_kbytes" : 24977768,
        "bw_bytes" : 426280135,
        "bw" : 416289,
        "iops" : 52036.149398,
        "runtime" : 60001,
        "total_ios" : 3122221,
        "short_ios" : 0,
        "drop_ios" : 0,
        "slat_ns" : {
          "min" : 0,
          "max" : 0,
          "mean" : 0.000000,
          "stddev" : 0.000000,
          "N" : 0
        },
        "clat_ns" : {
          "min" : 2064,
          "max" : 11433896,
          "mean" : 18142.466486,
          "stddev" : 8363.480175,
          "N" : 3122221,
          "percentile" : {
            "1.000000" : 16192,
            "5.000000" : 16512,
            "10.000000" : 16768,
            "20.000000" : 17536,
            "30.000000" : 17792,
            "40.000000" : 18048,
            "50.000000" : 18304,
            "60.000000" : 18304,
            "70.000000" : 18560,
            "80.000000" : 18560,
            "90.000000" : 18816,
            "95.000000" : 19328,
            "99.000000" : 21376,
            "99.500000" : 23424,
            "99.900000" : 29312,
            "99.950000" : 35584,
            "99.990000" : 54528
          }
        },
        "lat_ns" : {
          "min" : 16028,
          "max" : 11434307,
          "mean" : 18565.199670,
          "stddev" : 8369.077818,
          "N" : 3122221,
          "percentile" : {
            "1.000000" : 16512,
            "5.000000" : 16768,
            "10.000000" : 17024,
            "20.000000" : 17792,
            "30.000000" : 18304,
            "40.000000" : 18560,
            "50.000000" : 18560,
            "60.000000" : 18816,
            "70.000000" : 18816,
            "80.000000" : 19072,
            "90.000000" : 19328,
            "95.000000" : 19840,
            "99.000000" : 21888,
            "99.500000" : 24192,
            "99.900000" : 29824,
            "99.950000" : 36096,
            "99.990000" : 54528
          }
        },
        "bw_min" : 395872,
        "bw_max" : 453824,
        "bw_agg" : 100.000000,
        "bw_mean" : 416673.344538,
        "bw_dev" : 15919.200263,
        "bw_samples" : 119,
        "iops_min" : 49484,
        "iops_max" : 56728,
        "iops_mean" : 52084.201681,
        "iops_stddev" : 1989.897747,
        "iops_samples" : 119
      },
      "ZNS Reset" : {
        "total_zone_resets" : 0,
        "io_bytes" : 0,
        "io_kbytes" : 0,
        "bw_bytes" : 0,
        "bw" : 0,
        "iops" : 0.000000,
        "runtime" : 0,
        "total_ios" : 0,
        "short_ios" : 0,
        "drop_ios" : 0,
        "slat_ns" : {
          "min" : 0,
          "max" : 0,
          "mean" : 0.000000,
          "stddev" : 0.000000,
          "N" : 0
        },
        "clat_ns" : {
          "min" : 0,
          "max" : 0,
          "mean" : 0.000000,
          "stddev" : 0.000000,
          "N" : 0
        },
        "lat_ns" : {
          "min" : 0,
          "max" : 0,
          "mean" : 0.000000,
          "stddev" : 0.000000,
          "N" : 0
        },
        "bw_min" : 0,
        "bw_max" : 0,
        "bw_agg" : 0.000000,
        "bw_mean" : 0.000000,
        "bw_dev" : 0.000000,
        "bw_samples" : 0,
        "iops_min" : 0,
        "iops_max" : 0,
        "iops_mean" : 0.000000,
        "iops_stddev" : 0.000000,
        "iops_samples" : 0
      },
      "sync" : {
        "total_ios" : 0,
        "lat_ns" : {
          "min" : 0,
          "max" : 0,
          "mean" : 0.000000,
          "stddev" : 0.000000,
          "N" : 0
        }
      },
      "job_runtime" : 60000,
      "usr_cpu" : 99.995000,
      "sys_cpu" : 0.000000,
      "ctx" : 18,
      "majf" : 0,
      "minf" : 0,
      "iodepth_level" : {
        "1" : 100.000000,
        "2" : 0.000000,
        "4" : 0.000000,
        "8" : 0.000000,
        "16" : 0.000000,
        "32" : 0.000000,
        ">=64" : 0.000000
      },
      "iodepth_submit" : {
        "0" : 0.000000,
        "4" : 100.000000,
        "8" : 0.000000,
        "16" : 0.000000,
        "32" : 0.000000,
        "64" : 0.000000,
        ">=64" : 0.000000
      },
      "iodepth_complete" : {
        "0" : 0.000000,
        "4" : 100.000000,
        "8" : 0.000000,
        "16" : 0.000000,
        "32" : 0.000000,
        "64" : 0.000000,
        ">=64" : 0.000000
      },
      "latency_ns" : {
        "2" : 0.000000,
        "4" : 0.000000,
        "10" : 0.000000,
        "20" : 0.000000,
        "50" : 0.000000,
        "100" : 0.000000,
        "250" : 0.000000,
        "500" : 0.000000,
        "750" : 0.000000,
        "1000" : 0.000000
      },
      "latency_us" : {
        "2" : 0.000000,
        "4" : 0.010000,
        "10" : 0.000000,
        "20" : 97.480511,
        "50" : 2.505076,
        "100" : 0.013388,
        "250" : 0.010000,
        "500" : 0.010000,
        "750" : 0.000000,
        "1000" : 0.000000
      },
      "latency_ms" : {
        "2" : 0.010000,
        "4" : 0.010000,
        "10" : 0.010000,
        "20" : 0.010000,
        "50" : 0.000000,
        "100" : 0.000000,
        "250" : 0.000000,
        "500" : 0.000000,
        "750" : 0.000000,
        "1000" : 0.000000,
        "2000" : 0.000000,
        ">=2000" : 0.000000
      },
      "latency_depth" : 1,
      "latency_target" : 0,
      "latency_percentile" : 100.000000,
      "latency_window" : 0
    }
  ],
  "disk_util" : [
    {
      "name" : "nvme0n2",
      "read_ios" : 48,
      "write_ios" : 3116602,
      "read_sectors" : 2088,
      "write_sectors" : 49865632,
      "read_merges" : 0,
      "write_merges" : 0,
      "read_ticks" : 1,
      "write_ticks" : 46937,
      "in_queue" : 46938,
      "util" : 99.903246
    }
  ]
}
