{
  "fio version" : "fio-3.35",
  "timestamp" : 1701001085,
  "timestamp_ms" : 1701001085590,
  "time" : "Sun Nov 26 12:18:05 2023",
  "global options" : {
    "name" : "bw",
    "ioengine" : "io_uring",
    "size" : "813z",
    "bs" : "8K",
    "zonemode" : "zbd",
    "direct" : "1",
    "thread" : "1",
    "lat_percentiles" : "1",
    "iodepth" : "1",
    "runtime" : "1m",
    "filename" : "/dev/nvme0n2",
    "sqthread_poll" : "1"
  },
  "jobs" : [
    {
      "jobname" : "write",
      "groupid" : 0,
      "error" : 0,
      "eta" : 0,
      "elapsed" : 61,
      "job options" : {
        "numjobs" : "2",
        "rw" : "write"
      },
      "read" : {
        "io_bytes" : 0,
        "io_kbytes" : 0,
        "bw_bytes" : 0,
        "bw" : 0,
        "iops" : 0.000000,
        "runtime" : 0,
        "total_ios" : 0,
        "short_ios" : 0,
        "drop_ios" : 0,
        "slat_ns" : {
          "min" : 0,
          "max" : 0,
          "mean" : 0.000000,
          "stddev" : 0.000000,
          "N" : 0
        },
        "clat_ns" : {
          "min" : 0,
          "max" : 0,
          "mean" : 0.000000,
          "stddev" : 0.000000,
          "N" : 0
        },
        "lat_ns" : {
          "min" : 0,
          "max" : 0,
          "mean" : 0.000000,
          "stddev" : 0.000000,
          "N" : 0
        },
        "bw_min" : 0,
        "bw_max" : 0,
        "bw_agg" : 0.000000,
        "bw_mean" : 0.000000,
        "bw_dev" : 0.000000,
        "bw_samples" : 0,
        "iops_min" : 0,
        "iops_max" : 0,
        "iops_mean" : 0.000000,
        "iops_stddev" : 0.000000,
        "iops_samples" : 0
      },
      "finish" : {
        "total_zone_resets" : 21,
        "io_bytes" : 46555365376,
        "io_kbytes" : 45464224,
        "bw_bytes" : 775909824,
        "bw" : 757724,
        "iops" : 94715.554741,
        "runtime" : 60001,
        "total_ios" : 5683028,
        "short_ios" : 0,
        "drop_ios" : 0,
        "slat_ns" : {
          "min" : 0,
          "max" : 0,
          "mean" : 0.000000,
          "stddev" : 0.000000,
          "N" : 0
        },
        "clat_ns" : {
          "min" : 304,
          "max" : 4196282,
          "mean" : 19012.349775,
          "stddev" : 4931.844084,
          "N" : 5683028,
          "percentile" : {
            "1.000000" : 17280,
            "5.000000" : 17536,
            "10.000000" : 17792,
            "20.000000" : 18048,
            "30.000000" : 18304,
            "40.000000" : 18560,
            "50.000000" : 18560,
            "60.000000" : 18816,
            "70.000000" : 19072,
            "80.000000" : 19584,
            "90.000000" : 20352,
            "95.000000" : 21376,
            "99.000000" : 24448,
            "99.500000" : 27264,
            "99.900000" : 44288,
            "99.950000" : 51456,
            "99.990000" : 72192
          }
        },
        "lat_ns" : {
          "min" : 15755,
          "max" : 4196542,
          "mean" : 19467.651668,
          "stddev" : 5029.084298,
          "N" : 5683028,
          "percentile" : {
            "1.000000" : 17536,
            "5.000000" : 18048,
            "10.000000" : 18304,
            "20.000000" : 18560,
            "30.000000" : 18816,
            "40.000000" : 18816,
            "50.000000" : 19072,
            "60.000000" : 19328,
            "70.000000" : 19584,
            "80.000000" : 20096,
            "90.000000" : 20864,
            "95.000000" : 21888,
            "99.000000" : 24960,
            "99.500000" : 27776,
            "99.900000" : 44800,
            "99.950000" : 51968,
            "99.990000" : 73216
          }
        },
        "bw_min" : 153627,
        "bw_max" : 822864,
        "bw_agg" : 100.000000,
        "bw_mean" : 764744.890972,
        "bw_dev" : 45518.188598,
        "bw_samples" : 236,
        "iops_min" : 19203,
        "iops_max" : 102858,
        "iops_mean" : 95593.101846,
        "iops_stddev" : 5689.789174,
        "iops_samples" : 236
      },
      "ZNS Reset" : {
        "total_zone_resets" : 21,
        "io_bytes" : 0,
        "io_kbytes" : 0,
        "bw_bytes" : 0,
        "bw" : 0,
        "iops" : 0.000000,
        "runtime" : 0,
        "total_ios" : 0,
        "short_ios" : 0,
        "drop_ios" : 0,
        "slat_ns" : {
          "min" : 0,
          "max" : 0,
          "mean" : 0.000000,
          "stddev" : 0.000000,
          "N" : 0
        },
        "clat_ns" : {
          "min" : 0,
          "max" : 0,
          "mean" : 0.000000,
          "stddev" : 0.000000,
          "N" : 0
        },
        "lat_ns" : {
          "min" : 0,
          "max" : 0,
          "mean" : 0.000000,
          "stddev" : 0.000000,
          "N" : 0
        },
        "bw_min" : 0,
        "bw_max" : 0,
        "bw_agg" : 0.000000,
        "bw_mean" : 0.000000,
        "bw_dev" : 0.000000,
        "bw_samples" : 0,
        "iops_min" : 0,
        "iops_max" : 0,
        "iops_mean" : 0.000000,
        "iops_stddev" : 0.000000,
        "iops_samples" : 0
      },
      "sync" : {
        "total_ios" : 0,
        "lat_ns" : {
          "min" : 0,
          "max" : 0,
          "mean" : 0.000000,
          "stddev" : 0.000000,
          "N" : 0
        }
      },
      "job_runtime" : 120000,
      "usr_cpu" : 96.791667,
      "sys_cpu" : 0.635000,
      "ctx" : 139637,
      "majf" : 0,
      "minf" : 0,
      "iodepth_level" : {
        "1" : 100.000000,
        "2" : 0.000000,
        "4" : 0.000000,
        "8" : 0.000000,
        "16" : 0.000000,
        "32" : 0.000000,
        ">=64" : 0.000000
      },
      "iodepth_submit" : {
        "0" : 0.000000,
        "4" : 100.000000,
        "8" : 0.000000,
        "16" : 0.000000,
        "32" : 0.000000,
        "64" : 0.000000,
        ">=64" : 0.000000
      },
      "iodepth_complete" : {
        "0" : 0.000000,
        "4" : 100.000000,
        "8" : 0.000000,
        "16" : 0.000000,
        "32" : 0.000000,
        "64" : 0.000000,
        ">=64" : 0.000000
      },
      "latency_ns" : {
        "2" : 0.000000,
        "4" : 0.000000,
        "10" : 0.000000,
        "20" : 0.000000,
        "50" : 0.000000,
        "100" : 0.000000,
        "250" : 0.000000,
        "500" : 0.010000,
        "750" : 0.000000,
        "1000" : 0.000000
      },
      "latency_us" : {
        "2" : 0.010000,
        "4" : 0.000000,
        "10" : 0.010000,
        "20" : 86.774568,
        "50" : 13.167699,
        "100" : 0.052789,
        "250" : 0.010000,
        "500" : 0.010000,
        "750" : 0.010000,
        "1000" : 0.010000
      },
      "latency_ms" : {
        "2" : 0.010000,
        "4" : 0.010000,
        "10" : 0.010000,
        "20" : 0.000000,
        "50" : 0.000000,
        "100" : 0.000000,
        "250" : 0.000000,
        "500" : 0.000000,
        "750" : 0.000000,
        "1000" : 0.000000,
        "2000" : 0.000000,
        ">=2000" : 0.000000
      },
      "latency_depth" : 1,
      "latency_target" : 0,
      "latency_percentile" : 100.000000,
      "latency_window" : 0
    }
  ],
  "disk_util" : [
    {
      "name" : "nvme0n2",
      "read_ios" : 45,
      "write_ios" : 5673542,
      "read_sectors" : 2064,
      "write_sectors" : 90776352,
      "read_merges" : 0,
      "write_merges" : 0,
      "read_ticks" : 1,
      "write_ticks" : 91285,
      "in_queue" : 91286,
      "util" : 99.934938
    }
  ]
}
