{
  "fio version" : "fio-3.35",
  "timestamp" : 1715557786,
  "timestamp_ms" : 1715557786728,
  "time" : "Sun May 12 23:49:46 2024",
  "global options" : {
    "name" : "bw",
    "ioengine" : "io_uring_cmd",
    "bs" : "8K",
    "zonemode" : "zbd",
    "thread" : "1",
    "lat_percentiles" : "1",
    "iodepth" : "1",
    "size" : "4z",
    "offset_increment" : "4z",
    "runtime" : "1m",
    "filename" : "/dev/ng1n1",
    "sqthread_poll" : "1"
  },
  "jobs" : [
    {
      "jobname" : "write",
      "groupid" : 0,
      "error" : 0,
      "eta" : 0,
      "elapsed" : 61,
      "job options" : {
        "numjobs" : "6",
        "rw" : "write",
        "size" : "3z"
      },
      "read" : {
        "io_bytes" : 0,
        "io_kbytes" : 0,
        "bw_bytes" : 0,
        "bw" : 0,
        "iops" : 0.000000,
        "runtime" : 0,
        "total_ios" : 0,
        "short_ios" : 0,
        "drop_ios" : 0,
        "slat_ns" : {
          "min" : 0,
          "max" : 0,
          "mean" : 0.000000,
          "stddev" : 0.000000,
          "N" : 0
        },
        "clat_ns" : {
          "min" : 0,
          "max" : 0,
          "mean" : 0.000000,
          "stddev" : 0.000000,
          "N" : 0
        },
        "lat_ns" : {
          "min" : 0,
          "max" : 0,
          "mean" : 0.000000,
          "stddev" : 0.000000,
          "N" : 0
        },
        "bw_min" : 0,
        "bw_max" : 0,
        "bw_agg" : 0.000000,
        "bw_mean" : 0.000000,
        "bw_dev" : 0.000000,
        "bw_samples" : 0,
        "iops_min" : 0,
        "iops_max" : 0,
        "iops_mean" : 0.000000,
        "iops_stddev" : 0.000000,
        "iops_samples" : 0
      },
      "write" : {
        "io_bytes" : 4354899968,
        "io_kbytes" : 4252832,
        "bw_bytes" : 72580456,
        "bw" : 70879,
        "iops" : 8859.919001,
        "runtime" : 60001,
        "total_ios" : 531604,
        "short_ios" : 0,
        "drop_ios" : 0,
        "slat_ns" : {
          "min" : 0,
          "max" : 0,
          "mean" : 0.000000,
          "stddev" : 0.000000,
          "N" : 0
        },
        "clat_ns" : {
          "min" : 476269,
          "max" : 175730729,
          "mean" : 675765.103011,
          "stddev" : 605140.192138,
          "N" : 531604,
          "percentile" : {
            "1.000000" : 485376,
            "5.000000" : 493568,
            "10.000000" : 497664,
            "20.000000" : 501760,
            "30.000000" : 522240,
            "40.000000" : 569344,
            "50.000000" : 667648,
            "60.000000" : 741376,
            "70.000000" : 782336,
            "80.000000" : 823296,
            "90.000000" : 929792,
            "95.000000" : 929792,
            "99.000000" : 954368,
            "99.500000" : 1019904,
            "99.900000" : 1204224,
            "99.950000" : 1220608,
            "99.990000" : 2375680
          }
        },
        "lat_ns" : {
          "min" : 479828,
          "max" : 175731445,
          "mean" : 676467.561025,
          "stddev" : 605141.395521,
          "N" : 531604,
          "percentile" : {
            "1.000000" : 485376,
            "5.000000" : 493568,
            "10.000000" : 497664,
            "20.000000" : 505856,
            "30.000000" : 522240,
            "40.000000" : 569344,
            "50.000000" : 667648,
            "60.000000" : 741376,
            "70.000000" : 782336,
            "80.000000" : 823296,
            "90.000000" : 929792,
            "95.000000" : 929792,
            "99.000000" : 954368,
            "99.500000" : 1019904,
            "99.900000" : 1204224,
            "99.950000" : 1220608,
            "99.990000" : 2375680
          }
        },
        "bw_min" : 46480,
        "bw_max" : 71344,
        "bw_agg" : 100.000000,
        "bw_mean" : 70949.378151,
        "bw_dev" : 376.099708,
        "bw_samples" : 714,
        "iops_min" : 5810,
        "iops_max" : 8918,
        "iops_mean" : 8868.672269,
        "iops_stddev" : 47.012463,
        "iops_samples" : 714
      },
      "ZNS Reset" : {
        "total_zone_resets" : 0,
        "io_bytes" : 0,
        "io_kbytes" : 0,
        "bw_bytes" : 0,
        "bw" : 0,
        "iops" : 0.000000,
        "runtime" : 0,
        "total_ios" : 0,
        "short_ios" : 0,
        "drop_ios" : 0,
        "slat_ns" : {
          "min" : 0,
          "max" : 0,
          "mean" : 0.000000,
          "stddev" : 0.000000,
          "N" : 0
        },
        "clat_ns" : {
          "min" : 0,
          "max" : 0,
          "mean" : 0.000000,
          "stddev" : 0.000000,
          "N" : 0
        },
        "lat_ns" : {
          "min" : 0,
          "max" : 0,
          "mean" : 0.000000,
          "stddev" : 0.000000,
          "N" : 0
        },
        "bw_min" : 0,
        "bw_max" : 0,
        "bw_agg" : 0.000000,
        "bw_mean" : 0.000000,
        "bw_dev" : 0.000000,
        "bw_samples" : 0,
        "iops_min" : 0,
        "iops_max" : 0,
        "iops_mean" : 0.000000,
        "iops_stddev" : 0.000000,
        "iops_samples" : 0
      },
      "sync" : {
        "total_ios" : 0,
        "lat_ns" : {
          "min" : 0,
          "max" : 0,
          "mean" : 0.000000,
          "stddev" : 0.000000,
          "N" : 0
        }
      },
      "job_runtime" : 360000,
      "usr_cpu" : 99.993333,
      "sys_cpu" : 0.004167,
      "ctx" : 279,
      "majf" : 0,
      "minf" : 0,
      "iodepth_level" : {
        "1" : 100.000000,
        "2" : 0.000000,
        "4" : 0.000000,
        "8" : 0.000000,
        "16" : 0.000000,
        "32" : 0.000000,
        ">=64" : 0.000000
      },
      "iodepth_submit" : {
        "0" : 0.000000,
        "4" : 100.000000,
        "8" : 0.000000,
        "16" : 0.000000,
        "32" : 0.000000,
        "64" : 0.000000,
        ">=64" : 0.000000
      },
      "iodepth_complete" : {
        "0" : 0.000000,
        "4" : 100.000000,
        "8" : 0.000000,
        "16" : 0.000000,
        "32" : 0.000000,
        "64" : 0.000000,
        ">=64" : 0.000000
      },
      "latency_ns" : {
        "2" : 0.000000,
        "4" : 0.000000,
        "10" : 0.000000,
        "20" : 0.000000,
        "50" : 0.000000,
        "100" : 0.000000,
        "250" : 0.000000,
        "500" : 0.000000,
        "750" : 0.000000,
        "1000" : 0.000000
      },
      "latency_us" : {
        "2" : 0.000000,
        "4" : 0.000000,
        "10" : 0.000000,
        "20" : 0.000000,
        "50" : 0.000000,
        "100" : 0.000000,
        "250" : 0.000000,
        "500" : 17.273384,
        "750" : 44.205649,
        "1000" : 37.893620
      },
      "latency_ms" : {
        "2" : 0.612298,
        "4" : 0.013544,
        "10" : 0.010000,
        "20" : 0.000000,
        "50" : 0.000000,
        "100" : 0.000000,
        "250" : 0.010000,
        "500" : 0.000000,
        "750" : 0.000000,
        "1000" : 0.000000,
        "2000" : 0.000000,
        ">=2000" : 0.000000
      },
      "latency_depth" : 1,
      "latency_target" : 0,
      "latency_percentile" : 100.000000,
      "latency_window" : 0
    }
  ]
}
