{
  "fio version" : "fio-3.35",
  "timestamp" : 1694036982,
  "timestamp_ms" : 1694036982779,
  "time" : "Wed Sep  6 21:49:42 2023",
  "global options" : {
    "name" : "loaded-reset",
    "ioengine" : "io_uring_cmd",
    "size" : "814z",
    "bs" : "64K",
    "zonemode" : "zbd",
    "thread" : "1",
    "lat_percentiles" : "1",
    "filename" : "/dev/ng0n2",
    "sqthread_poll" : "1"
  },
  "jobs" : [
    {
      "jobname" : "fill-prep",
      "groupid" : 0,
      "error" : 0,
      "eta" : 0,
      "elapsed" : 810,
      "job options" : {
        "iodepth" : "1",
        "numjobs" : "1",
        "rw" : "write"
      },
      "read" : {
        "io_bytes" : 0,
        "io_kbytes" : 0,
        "bw_bytes" : 0,
        "bw" : 0,
        "iops" : 0.000000,
        "runtime" : 0,
        "total_ios" : 0,
        "short_ios" : 0,
        "drop_ios" : 0,
        "slat_ns" : {
          "min" : 0,
          "max" : 0,
          "mean" : 0.000000,
          "stddev" : 0.000000,
          "N" : 0
        },
        "clat_ns" : {
          "min" : 0,
          "max" : 0,
          "mean" : 0.000000,
          "stddev" : 0.000000,
          "N" : 0
        },
        "lat_ns" : {
          "min" : 0,
          "max" : 0,
          "mean" : 0.000000,
          "stddev" : 0.000000,
          "N" : 0
        },
        "bw_min" : 0,
        "bw_max" : 0,
        "bw_agg" : 0.000000,
        "bw_mean" : 0.000000,
        "bw_dev" : 0.000000,
        "bw_samples" : 0,
        "iops_min" : 0,
        "iops_max" : 0,
        "iops_mean" : 0.000000,
        "iops_stddev" : 0.000000,
        "iops_samples" : 0
      },
      "write" : {
        "io_bytes" : 919263510528,
        "io_kbytes" : 897718272,
        "bw_bytes" : 1225807261,
        "bw" : 1197077,
        "iops" : 18704.334433,
        "runtime" : 749925,
        "total_ios" : 14026848,
        "short_ios" : 0,
        "drop_ios" : 0,
        "slat_ns" : {
          "min" : 0,
          "max" : 0,
          "mean" : 0.000000,
          "stddev" : 0.000000,
          "N" : 0
        },
        "clat_ns" : {
          "min" : 33147,
          "max" : 24259102,
          "mean" : 51196.324904,
          "stddev" : 46225.955558,
          "N" : 14026848,
          "percentile" : {
            "1.000000" : 44800,
            "5.000000" : 45312,
            "10.000000" : 45824,
            "20.000000" : 45824,
            "30.000000" : 45824,
            "40.000000" : 46336,
            "50.000000" : 46336,
            "60.000000" : 46848,
            "70.000000" : 47360,
            "80.000000" : 48896,
            "90.000000" : 51968,
            "95.000000" : 68096,
            "99.000000" : 138240,
            "99.500000" : 166912,
            "99.900000" : 264192,
            "99.950000" : 708608,
            "99.990000" : 2408448
          }
        },
        "lat_ns" : {
          "min" : 45369,
          "max" : 24260586,
          "mean" : 52709.869077,
          "stddev" : 46226.657653,
          "N" : 14026848,
          "percentile" : {
            "1.000000" : 46336,
            "5.000000" : 46848,
            "10.000000" : 46848,
            "20.000000" : 47360,
            "30.000000" : 47360,
            "40.000000" : 47872,
            "50.000000" : 47872,
            "60.000000" : 48384,
            "70.000000" : 48896,
            "80.000000" : 50432,
            "90.000000" : 53504,
            "95.000000" : 70144,
            "99.000000" : 140288,
            "99.500000" : 168960,
            "99.900000" : 268288,
            "99.950000" : 708608,
            "99.990000" : 2441216
          }
        },
        "bw_min" : 1162112,
        "bw_max" : 1221261,
        "bw_agg" : 100.000000,
        "bw_mean" : 1197558.823215,
        "bw_dev" : 8002.148425,
        "bw_samples" : 1499,
        "iops_min" : 18158,
        "iops_max" : 19082,
        "iops_mean" : 18711.760507,
        "iops_stddev" : 125.011084,
        "iops_samples" : 1499
      },
      "ZNS Reset" : {
        "total_zone_resets" : 0,
        "io_bytes" : 0,
        "io_kbytes" : 0,
        "bw_bytes" : 0,
        "bw" : 0,
        "iops" : 0.000000,
        "runtime" : 0,
        "total_ios" : 0,
        "short_ios" : 0,
        "drop_ios" : 0,
        "slat_ns" : {
          "min" : 0,
          "max" : 0,
          "mean" : 0.000000,
          "stddev" : 0.000000,
          "N" : 0
        },
        "clat_ns" : {
          "min" : 0,
          "max" : 0,
          "mean" : 0.000000,
          "stddev" : 0.000000,
          "N" : 0
        },
        "lat_ns" : {
          "min" : 0,
          "max" : 0,
          "mean" : 0.000000,
          "stddev" : 0.000000,
          "N" : 0
        },
        "bw_min" : 0,
        "bw_max" : 0,
        "bw_agg" : 0.000000,
        "bw_mean" : 0.000000,
        "bw_dev" : 0.000000,
        "bw_samples" : 0,
        "iops_min" : 0,
        "iops_max" : 0,
        "iops_mean" : 0.000000,
        "iops_stddev" : 0.000000,
        "iops_samples" : 0
      },
      "sync" : {
        "total_ios" : 0,
        "lat_ns" : {
          "min" : 0,
          "max" : 0,
          "mean" : 0.000000,
          "stddev" : 0.000000,
          "N" : 0
        }
      },
      "job_runtime" : 749924,
      "usr_cpu" : 100.000933,
      "sys_cpu" : 0.000000,
      "ctx" : 949,
      "majf" : 0,
      "minf" : 0,
      "iodepth_level" : {
        "1" : 100.000000,
        "2" : 0.000000,
        "4" : 0.000000,
        "8" : 0.000000,
        "16" : 0.000000,
        "32" : 0.000000,
        ">=64" : 0.000000
      },
      "iodepth_submit" : {
        "0" : 0.000000,
        "4" : 100.000000,
        "8" : 0.000000,
        "16" : 0.000000,
        "32" : 0.000000,
        "64" : 0.000000,
        ">=64" : 0.000000
      },
      "iodepth_complete" : {
        "0" : 0.000000,
        "4" : 100.000000,
        "8" : 0.000000,
        "16" : 0.000000,
        "32" : 0.000000,
        "64" : 0.000000,
        ">=64" : 0.000000
      },
      "latency_ns" : {
        "2" : 0.000000,
        "4" : 0.000000,
        "10" : 0.000000,
        "20" : 0.000000,
        "50" : 0.000000,
        "100" : 0.000000,
        "250" : 0.000000,
        "500" : 0.000000,
        "750" : 0.000000,
        "1000" : 0.000000
      },
      "latency_us" : {
        "2" : 0.000000,
        "4" : 0.000000,
        "10" : 0.000000,
        "20" : 0.000000,
        "50" : 84.682646,
        "100" : 13.383078,
        "250" : 1.812681,
        "500" : 0.061953,
        "750" : 0.010843,
        "1000" : 0.010000
      },
      "latency_ms" : {
        "2" : 0.018165,
        "4" : 0.024332,
        "10" : 0.010000,
        "20" : 0.000000,
        "50" : 0.010000,
        "100" : 0.000000,
        "250" : 0.000000,
        "500" : 0.000000,
        "750" : 0.000000,
        "1000" : 0.000000,
        "2000" : 0.000000,
        ">=2000" : 0.000000
      },
      "latency_depth" : 1,
      "latency_target" : 0,
      "latency_percentile" : 100.000000,
      "latency_window" : 0
    },
    {
      "jobname" : "trim",
      "groupid" : 1,
      "error" : 0,
      "eta" : 0,
      "elapsed" : 810,
      "job options" : {
        "rw" : "write",
        "iodepth" : "1",
        "size" : "30z",
        "offset_increment" : "30z",
        "numjobs" : "3",
        "bs" : "8K",
        "exit_what" : "stonewall",
        "filename" : "/dev/ng0n3"
      },
      "read" : {
        "io_bytes" : 0,
        "io_kbytes" : 0,
        "bw_bytes" : 0,
        "bw" : 0,
        "iops" : 0.000000,
        "runtime" : 0,
        "total_ios" : 0,
        "short_ios" : 0,
        "drop_ios" : 0,
        "slat_ns" : {
          "min" : 0,
          "max" : 0,
          "mean" : 0.000000,
          "stddev" : 0.000000,
          "N" : 0
        },
        "clat_ns" : {
          "min" : 0,
          "max" : 0,
          "mean" : 0.000000,
          "stddev" : 0.000000,
          "N" : 0
        },
        "lat_ns" : {
          "min" : 0,