{
  "fio version" : "fio-3.35",
  "timestamp" : 1694029360,
  "timestamp_ms" : 1694029360705,
  "time" : "Wed Sep  6 19:42:40 2023",
  "global options" : {
    "name" : "bw",
    "ioengine" : "io_uring_cmd",
    "bs" : "8K",
    "zonemode" : "zbd",
    "thread" : "1",
    "lat_percentiles" : "1",
    "iodepth" : "1",
    "size" : "45z",
    "offset_increment" : "45z",
    "runtime" : "1m",
    "filename" : "/dev/ng0n3",
    "sqthread_poll" : "1"
  },
  "jobs" : [
    {
      "jobname" : "write",
      "groupid" : 0,
      "error" : 0,
      "eta" : 0,
      "elapsed" : 61,
      "job options" : {
        "numjobs" : "2",
        "rw" : "write"
      },
      "read" : {
        "io_bytes" : 0,
        "io_kbytes" : 0,
        "bw_bytes" : 0,
        "bw" : 0,
        "iops" : 0.000000,
        "runtime" : 0,
        "total_ios" : 0,
        "short_ios" : 0,
        "drop_ios" : 0,
        "slat_ns" : {
          "min" : 0,
          "max" : 0,
          "mean" : 0.000000,
          "stddev" : 0.000000,
          "N" : 0
        },
        "clat_ns" : {
          "min" : 0,
          "max" : 0,
          "mean" : 0.000000,
          "stddev" : 0.000000,
          "N" : 0
        },
        "lat_ns" : {
          "min" : 0,
          "max" : 0,
          "mean" : 0.000000,
          "stddev" : 0.000000,
          "N" : 0
        },
        "bw_min" : 0,
        "bw_max" : 0,
        "bw_agg" : 0.000000,
        "bw_mean" : 0.000000,
        "bw_dev" : 0.000000,
        "bw_samples" : 0,
        "iops_min" : 0,
        "iops_max" : 0,
        "iops_mean" : 0.000000,
        "iops_stddev" : 0.000000,
        "iops_samples" : 0
      },
      "write" : {
        "io_bytes" : 55148912640,
        "io_kbytes" : 53856360,
        "bw_bytes" : 919148544,
        "bw" : 897606,
        "iops" : 112200.750000,
        "runtime" : 60000,
        "total_ios" : 6732045,
        "short_ios" : 0,
        "drop_ios" : 0,
        "slat_ns" : {
          "min" : 0,
          "max" : 0,
          "mean" : 0.000000,
          "stddev" : 0.000000,
          "N" : 0
        },
        "clat_ns" : {
          "min" : 4760,
          "max" : 1811682,
          "mean" : 16338.635694,
          "stddev" : 4805.703420,
          "N" : 6732045,
          "percentile" : {
            "1.000000" : 14912,
            "5.000000" : 15168,
            "10.000000" : 15296,
            "20.000000" : 15424,
            "30.000000" : 15552,
            "40.000000" : 15680,
            "50.000000" : 15936,
            "60.000000" : 16064,
            "70.000000" : 16320,
            "80.000000" : 17024,
            "90.000000" : 17536,
            "95.000000" : 18560,
            "99.000000" : 21376,
            "99.500000" : 24960,
            "99.900000" : 44800,
            "99.950000" : 51456,
            "99.990000" : 86528
          }
        },
        "lat_ns" : {
          "min" : 14728,
          "max" : 1812171,
          "mean" : 16889.247032,
          "stddev" : 4806.601604,
          "N" : 6732045,
          "percentile" : {
            "1.000000" : 15424,
            "5.000000" : 15680,
            "10.000000" : 15808,
            "20.000000" : 15936,
            "30.000000" : 16192,
            "40.000000" : 16320,
            "50.000000" : 16512,
            "60.000000" : 16512,
            "70.000000" : 17024,
            "80.000000" : 17536,
            "90.000000" : 18304,
            "95.000000" : 19072,
            "99.000000" : 21888,
            "99.500000" : 25472,
            "99.900000" : 45312,
            "99.950000" : 51968,
            "99.990000" : 87552
          }
        },
        "bw_min" : 890064,
        "bw_max" : 902992,
        "bw_agg" : 100.000000,
        "bw_mean" : 898103.957983,
        "bw_dev" : 1398.258833,
        "bw_samples" : 238,
        "iops_min" : 111258,
        "iops_max" : 112874,
        "iops_mean" : 112263.000000,
        "iops_stddev" : 174.777427,
        "iops_samples" : 238
      },
      "ZNS Reset" : {
        "total_zone_resets" : 0,
        "io_bytes" : 0,
        "io_kbytes" : 0,
        "bw_bytes" : 0,
        "bw" : 0,
        "iops" : 0.000000,
        "runtime" : 0,
        "total_ios" : 0,
        "short_ios" : 0,
        "drop_ios" : 0,
        "slat_ns" : {
          "min" : 0,
          "max" : 0,
          "mean" : 0.000000,
          "stddev" : 0.000000,
          "N" : 0
        },
        "clat_ns" : {
          "min" : 0,
          "max" : 0,
          "mean" : 0.000000,
          "stddev" : 0.000000,
          "N" : 0
        },
        "lat_ns" : {
          "min" : 0,
          "max" : 0,
          "mean" : 0.000000,
          "stddev" : 0.000000,
          "N" : 0
        },
        "bw_min" : 0,
        "bw_max" : 0,
        "bw_agg" : 0.000000,
        "bw_mean" : 0.000000,
        "bw_dev" : 0.000000,
        "bw_samples" : 0,
        "iops_min" : 0,
        "iops_max" : 0,
        "iops_mean" : 0.000000,
        "iops_stddev" : 0.000000,
        "iops_samples" : 0
      },
      "sync" : {
        "total_ios" : 0,
        "lat_ns" : {
          "min" : 0,
          "max" : 0,
          "mean" : 0.000000,
          "stddev" : 0.000000,
          "N" : 0
        }
      },
      "job_runtime" : 120000,
      "usr_cpu" : 99.994167,
      "sys_cpu" : 0.005000,
      "ctx" : 130,
      "majf" : 0,
      "minf" : 0,
      "iodepth_level" : {
        "1" : 100.000000,
        "2" : 0.000000,
        "4" : 0.000000,
        "8" : 0.000000,
        "16" : 0.000000,
        "32" : 0.000000,
        ">=64" : 0.000000
      },
      "iodepth_submit" : {
        "0" : 0.000000,
        "4" : 100.000000,
        "8" : 0.000000,
        "16" : 0.000000,
        "32" : 0.000000,
        "64" : 0.000000,
        ">=64" : 0.000000
      },
      "iodepth_complete" : {
        "0" : 0.000000,
        "4" : 100.000000,
        "8" : 0.000000,
        "16" : 0.000000,
        "32" : 0.000000,
        "64" : 0.000000,
        ">=64" : 0.000000
      },
      "latency_ns" : {
        "2" : 0.000000,
        "4" : 0.000000,
        "10" : 0.000000,
        "20" : 0.000000,
        "50" : 0.000000,
        "100" : 0.000000,
        "250" : 0.000000,
        "500" : 0.000000,
        "750" : 0.000000,
        "1000" : 0.000000
      },
      "latency_us" : {
        "2" : 0.000000,
        "4" : 0.000000,
        "10" : 0.010000,
        "20" : 98.176750,
        "50" : 1.764709,
        "100" : 0.050534,
        "250" : 0.010000,
        "500" : 0.010000,
        "750" : 0.010000,
        "1000" : 0.010000
      },
      "latency_ms" : {
        "2" : 0.010000,
        "4" : 0.000000,
        "10" : 0.000000,
        "20" : 0.000000,
        "50" : 0.000000,
        "100" : 0.000000,
        "250" : 0.000000,
        "500" : 0.000000,
        "750" : 0.000000,
        "1000" : 0.000000,
        "2000" : 0.000000,
        ">=2000" : 0.000000
      },
      "latency_depth" : 1,
      "latency_target" : 0,
      "latency_percentile" : 100.000000,
      "latency_window" : 0
    }
  ]
}
