{
  "fio version" : "fio-3.35",
  "timestamp" : 1693480449,
  "timestamp_ms" : 1693480449371,
  "time" : "Thu Aug 31 11:14:09 2023",
  "global options" : {
    "name" : "loaded-reset",
    "ioengine" : "io_uring_cmd",
    "size" : "813z",
    "bs" : "64K",
    "zonemode" : "zbd",
    "thread" : "1",
    "lat_percentiles" : "1",
    "filename" : "/dev/ng0n2",
    "sqthread_poll" : "1"
  },
  "jobs" : [
    {
      "jobname" : "fill-prep",
      "groupid" : 0,
      "error" : 0,
      "eta" : 0,
      "elapsed" : 880,
      "job options" : {
        "iodepth" : "1",
        "rw" : "write",
        "size" : "203z",
        "numjobs" : "4",
        "offset_increment" : "203z"
      },
      "read" : {
        "io_bytes" : 0,
        "io_kbytes" : 0,
        "bw_bytes" : 0,
        "bw" : 0,
        "iops" : 0.000000,
        "runtime" : 0,
        "total_ios" : 0,
        "short_ios" : 0,
        "drop_ios" : 0,
        "slat_ns" : {
          "min" : 0,
          "max" : 0,
          "mean" : 0.000000,
          "stddev" : 0.000000,
          "N" : 0
        },
        "clat_ns" : {
          "min" : 0,
          "max" : 0,
          "mean" : 0.000000,
          "stddev" : 0.000000,
          "N" : 0
        },
        "lat_ns" : {
          "min" : 0,
          "max" : 0,
          "mean" : 0.000000,
          "stddev" : 0.000000,
          "N" : 0
        },
        "bw_min" : 0,
        "bw_max" : 0,
        "bw_agg" : 0.000000,
        "bw_mean" : 0.000000,
        "bw_dev" : 0.000000,
        "bw_samples" : 0,
        "iops_min" : 0,
        "iops_max" : 0,
        "iops_mean" : 0.000000,
        "iops_stddev" : 0.000000,
        "iops_samples" : 0
      },
      "write" : {
        "io_bytes" : 914158256128,
        "io_kbytes" : 892732672,
        "bw_bytes" : 1229376550,
        "bw" : 1200563,
        "iops" : 18758.797464,
        "runtime" : 743595,
        "total_ios" : 13948948,
        "short_ios" : 0,
        "drop_ios" : 0,
        "slat_ns" : {
          "min" : 0,
          "max" : 0,
          "mean" : 0.000000,
          "stddev" : 0.000000,
          "N" : 0
        },
        "clat_ns" : {
          "min" : 647,
          "max" : 15891165,
          "mean" : 210830.493594,
          "stddev" : 169600.755745,
          "N" : 13948948,
          "percentile" : {
            "1.000000" : 56576,
            "5.000000" : 73216,
            "10.000000" : 82432,
            "20.000000" : 102912,
            "30.000000" : 123392,
            "40.000000" : 144384,
            "50.000000" : 164864,
            "60.000000" : 193536,
            "70.000000" : 230400,
            "80.000000" : 280576,
            "90.000000" : 378880,
            "95.000000" : 493568,
            "99.000000" : 823296,
            "99.500000" : 978944,
            "99.900000" : 2113536,
            "99.950000" : 2703360,
            "99.990000" : 3096576
          }
        },
        "lat_ns" : {
          "min" : 44921,
          "max" : 15892380,
          "mean" : 212323.929011,
          "stddev" : 169669.392424,
          "N" : 13948948,
          "percentile" : {
            "1.000000" : 58112,
            "5.000000" : 74240,
            "10.000000" : 84480,
            "20.000000" : 103936,
            "30.000000" : 124416,
            "40.000000" : 146432,
            "50.000000" : 166912,
            "60.000000" : 195584,
            "70.000000" : 232448,
            "80.000000" : 284672,
            "90.000000" : 378880,
            "95.000000" : 493568,
            "99.000000" : 823296,
            "99.500000" : 978944,
            "99.900000" : 2113536,
            "99.950000" : 2703360,
            "99.990000" : 3096576
          }
        },
        "bw_min" : 1154048,
        "bw_max" : 1244156,
        "bw_agg" : 100.000000,
        "bw_mean" : 1201043.633917,
        "bw_dev" : 3190.619372,
        "bw_samples" : 5944,
        "iops_min" : 18032,
        "iops_max" : 19439,
        "iops_mean" : 18765.960969,
        "iops_stddev" : 49.830228,
        "iops_samples" : 5944
      },
      "ZNS Reset" : {
        "total_zone_resets" : 0,
        "io_bytes" : 0,
        "io_kbytes" : 0,
        "bw_bytes" : 0,
        "bw" : 0,
        "iops" : 0.000000,
        "runtime" : 0,
        "total_ios" : 0,
        "short_ios" : 0,
        "drop_ios" : 0,
        "slat_ns" : {
          "min" : 0,
          "max" : 0,
          "mean" : 0.000000,
          "stddev" : 0.000000,
          "N" : 0
        },
        "clat_ns" : {
          "min" : 0,
          "max" : 0,
          "mean" : 0.000000,
          "stddev" : 0.000000,
          "N" : 0
        },
        "lat_ns" : {
          "min" : 0,
          "max" : 0,
          "mean" : 0.000000,
          "stddev" : 0.000000,
          "N" : 0
        },
        "bw_min" : 0,
        "bw_max" : 0,
        "bw_agg" : 0.000000,
        "bw_mean" : 0.000000,
        "bw_dev" : 0.000000,
        "bw_samples" : 0,
        "iops_min" : 0,
        "iops_max" : 0,
        "iops_mean" : 0.000000,
        "iops_stddev" : 0.000000,
        "iops_samples" : 0
      },
      "sync" : {
        "total_ios" : 0,
        "lat_ns" : {
          "min" : 0,
          "max" : 0,
          "mean" : 0.000000,
          "stddev" : 0.000000,
          "N" : 0
        }
      },
      "job_runtime" : 2974373,
      "usr_cpu" : 99.998487,
      "sys_cpu" : 0.000437,
      "ctx" : 4490,
      "majf" : 0,
      "minf" : 0,
      "iodepth_level" : {
        "1" : 100.000000,
        "2" : 0.000000,
        "4" : 0.000000,
        "8" : 0.000000,
        "16" : 0.000000,
        "32" : 0.000000,
        ">=64" : 0.000000
      },
      "iodepth_submit" : {
        "0" : 0.000000,
        "4" : 100.000000,
        "8" : 0.000000,
        "16" : 0.000000,
        "32" : 0.000000,
        "64" : 0.000000,
        ">=64" : 0.000000
      },
      "iodepth_complete" : {
        "0" : 0.000000,
        "4" : 100.000000,
        "8" : 0.000000,
        "16" : 0.000000,
        "32" : 0.000000,
        "64" : 0.000000,
        ">=64" : 0.000000
      },
      "latency_ns" : {
        "2" : 0.000000,
        "4" : 0.000000,
        "10" : 0.000000,
        "20" : 0.000000,
        "50" : 0.000000,
        "100" : 0.000000,
        "250" : 0.000000,
        "500" : 0.000000,
        "750" : 0.010000,
        "1000" : 0.000000
      },
      "latency_us" : {
        "2" : 0.000000,
        "4" : 0.000000,
        "10" : 0.000000,
        "20" : 0.000000,
        "50" : 0.293298,
        "100" : 18.253484,
        "250" : 56.004955,
        "500" : 20.642897,
        "750" : 3.430983,
        "1000" : 0.910735
      },
      "latency_ms" : {
        "2" : 0.360414,
        "4" : 0.102983,
        "10" : 0.010000,
        "20" : 0.010000,
        "50" : 0.000000,
        "100" : 0.000000,
        "250" : 0.000000,
        "500" : 0.000000,
        "750" : 0.000000,
        "1000" : 0.000000,
        "2000" : 0.000000,
        ">=2000" : 0.000000
      },
      "latency_depth" : 1,
      "latency_target" : 0,
      "latency_percentile" : 100.000000,
      "latency_window" : 0
    },
    {
      "jobname" : "trim",
      "groupid" : 1,
      "error" : 0,
      "eta" : 0,
      "elapsed" : 880,
      "job options" : {
        "rw" : "write",
        "iodepth" : "1",
        "size" : "91z",
        "offset" : "813z",
        "offset_increment" : "91z",
        "numjobs" : "1",
        "bs" : "4K",
        "exit_what" : "stonewall"
      },
      "read" : {
        "io_bytes" : 0,
        "io_kbytes" : 0,
        "bw_bytes" : 0,
        "bw" : 0,
        "iops" : 0.000000,
        "runtime" : 0,
        "total_ios" : 0,
        "short_ios" : 0,
        "drop_ios" : 0,
        "slat_ns" : {
          "min" : 0,
          "max" : 0,
          "mean" : 0.000000,
          "stddev" : 0.000000,
          "N" : 0
        },
        "clat_ns" : {
          "min" : 0,
          "max" : 0,
          "mean" : 0.000000,
          "stddev" : 0.000000,