{
  "fio version" : "fio-3.35",
  "timestamp" : 1717956157,
  "timestamp_ms" : 1717956157493,
  "time" : "Sun Jun  9 18:02:37 2024",
  "global options" : {
    "name" : "bw",
    "ioengine" : "io_uring_cmd",
    "bs" : "16K",
    "zonemode" : "zbd",
    "thread" : "1",
    "lat_percentiles" : "1",
    "iodepth" : "1",
    "size" : "4z",
    "offset_increment" : "4z",
    "runtime" : "3m",
    "filename" : "/dev/ng0n1",
    "sqthread_poll" : "1"
  },
  "jobs" : [
    {
      "jobname" : "write",
      "groupid" : 0,
      "error" : 0,
      "eta" : 0,
      "elapsed" : 181,
      "job options" : {
        "numjobs" : "7",
        "rw" : "write",
        "size" : "3z"
      },
      "read" : {
        "io_bytes" : 0,
        "io_kbytes" : 0,
        "bw_bytes" : 0,
        "bw" : 0,
        "iops" : 0.000000,
        "runtime" : 0,
        "total_ios" : 0,
        "short_ios" : 0,
        "drop_ios" : 0,
        "slat_ns" : {
          "min" : 0,
          "max" : 0,
          "mean" : 0.000000,
          "stddev" : 0.000000,
          "N" : 0
        },
        "clat_ns" : {
          "min" : 0,
          "max" : 0,
          "mean" : 0.000000,
          "stddev" : 0.000000,
          "N" : 0
        },
        "lat_ns" : {
          "min" : 0,
          "max" : 0,
          "mean" : 0.000000,
          "stddev" : 0.000000,
          "N" : 0
        },
        "bw_min" : 0,
        "bw_max" : 0,
        "bw_agg" : 0.000000,
        "bw_mean" : 0.000000,
        "bw_dev" : 0.000000,
        "bw_samples" : 0,
        "iops_min" : 0,
        "iops_max" : 0,
        "iops_mean" : 0.000000,
        "iops_stddev" : 0.000000,
        "iops_samples" : 0
      },
      "write" : {
        "io_bytes" : 16803971072,
        "io_kbytes" : 16410128,
        "bw_bytes" : 93354876,
        "bw" : 91166,
        "iops" : 5697.929456,
        "runtime" : 180001,
        "total_ios" : 1025633,
        "short_ios" : 0,
        "drop_ios" : 0,
        "slat_ns" : {
          "min" : 0,
          "max" : 0,
          "mean" : 0.000000,
          "stddev" : 0.000000,
          "N" : 0
        },
        "clat_ns" : {
          "min" : 729588,
          "max" : 188912595,
          "mean" : 1226327.123543,
          "stddev" : 603176.004265,
          "N" : 1025633,
          "percentile" : {
            "1.000000" : 741376,
            "5.000000" : 749568,
            "10.000000" : 749568,
            "20.000000" : 864256,
            "30.000000" : 962560,
            "40.000000" : 1171456,
            "50.000000" : 1286144,
            "60.000000" : 1417216,
            "70.000000" : 1433600,
            "80.000000" : 1433600,
            "90.000000" : 1433600,
            "95.000000" : 2056192,
            "99.000000" : 2072576,
            "99.500000" : 2072576,
            "99.900000" : 2146304,
            "99.950000" : 2637824,
            "99.990000" : 8159232
          }
        },
        "lat_ns" : {
          "min" : 730193,
          "max" : 188913837,
          "mean" : 1227290.425228,
          "stddev" : 603639.616055,
          "N" : 1025633,
          "percentile" : {
            "1.000000" : 741376,
            "5.000000" : 749568,
            "10.000000" : 749568,
            "20.000000" : 864256,
            "30.000000" : 962560,
            "40.000000" : 1171456,
            "50.000000" : 1286144,
            "60.000000" : 1417216,
            "70.000000" : 1433600,
            "80.000000" : 1433600,
            "90.000000" : 1449984,
            "95.000000" : 2056192,
            "99.000000" : 2072576,
            "99.500000" : 2072576,
            "99.900000" : 2146304,
            "99.950000" : 2637824,
            "99.990000" : 8290304
          }
        },
        "bw_min" : 57985,
        "bw_max" : 93728,
        "bw_agg" : 100.000000,
        "bw_mean" : 91237.181058,
        "bw_dev" : 300.601155,
        "bw_samples" : 2513,
        "iops_min" : 3618,
        "iops_max" : 5858,
        "iops_mean" : 5702.103064,
        "iops_stddev" : 18.843750,
        "iops_samples" : 2513
      },
      "ZNS Reset" : {
        "total_zone_resets" : 0,
        "io_bytes" : 0,
        "io_kbytes" : 0,
        "bw_bytes" : 0,
        "bw" : 0,
        "iops" : 0.000000,
        "runtime" : 0,
        "total_ios" : 0,
        "short_ios" : 0,
        "drop_ios" : 0,
        "slat_ns" : {
          "min" : 0,
          "max" : 0,
          "mean" : 0.000000,
          "stddev" : 0.000000,
          "N" : 0
        },
        "clat_ns" : {
          "min" : 0,
          "max" : 0,
          "mean" : 0.000000,
          "stddev" : 0.000000,
          "N" : 0
        },
        "lat_ns" : {
          "min" : 0,
          "max" : 0,
          "mean" : 0.000000,
          "stddev" : 0.000000,
          "N" : 0
        },
        "bw_min" : 0,
        "bw_max" : 0,
        "bw_agg" : 0.000000,
        "bw_mean" : 0.000000,
        "bw_dev" : 0.000000,
        "bw_samples" : 0,
        "iops_min" : 0,
        "iops_max" : 0,
        "iops_mean" : 0.000000,
        "iops_stddev" : 0.000000,
        "iops_samples" : 0
      },
      "sync" : {
        "total_ios" : 0,
        "lat_ns" : {
          "min" : 0,
          "max" : 0,
          "mean" : 0.000000,
          "stddev" : 0.000000,
          "N" : 0
        }
      },
      "job_runtime" : 1260000,
      "usr_cpu" : 99.944762,
      "sys_cpu" : 0.031746,
      "ctx" : 782,
      "majf" : 0,
      "minf" : 0,
      "iodepth_level" : {
        "1" : 100.000000,
        "2" : 0.000000,
        "4" : 0.000000,
        "8" : 0.000000,
        "16" : 0.000000,
        "32" : 0.000000,
        ">=64" : 0.000000
      },
      "iodepth_submit" : {
        "0" : 0.000000,
        "4" : 100.000000,
        "8" : 0.000000,
        "16" : 0.000000,
        "32" : 0.000000,
        "64" : 0.000000,
        ">=64" : 0.000000
      },
      "iodepth_complete" : {
        "0" : 0.000000,
        "4" : 100.000000,
        "8" : 0.000000,
        "16" : 0.000000,
        "32" : 0.000000,
        "64" : 0.000000,
        ">=64" : 0.000000
      },
      "latency_ns" : {
        "2" : 0.000000,
        "4" : 0.000000,
        "10" : 0.000000,
        "20" : 0.000000,
        "50" : 0.000000,
        "100" : 0.000000,
        "250" : 0.000000,
        "500" : 0.000000,
        "750" : 0.000000,
        "1000" : 0.000000
      },
      "latency_us" : {
        "2" : 0.000000,
        "4" : 0.000000,
        "10" : 0.000000,
        "20" : 0.000000,
        "50" : 0.000000,
        "100" : 0.000000,
        "250" : 0.000000,
        "500" : 0.000000,
        "750" : 9.085219,
        "1000" : 22.009042
      },
      "latency_ms" : {
        "2" : 63.539785,
        "4" : 5.352207,
        "10" : 0.010000,
        "20" : 0.010000,
        "50" : 0.010000,
        "100" : 0.010000,
        "250" : 0.010000,
        "500" : 0.000000,
        "750" : 0.000000,
        "1000" : 0.000000,
        "2000" : 0.000000,
        ">=2000" : 0.000000
      },
      "latency_depth" : 1,
      "latency_target" : 0,
      "latency_percentile" : 100.000000,
      "latency_window" : 0
    }
  ]
}
