{
  "fio version" : "fio-3.35",
  "timestamp" : 1693588313,
  "timestamp_ms" : 1693588313165,
  "time" : "Fri Sep  1 17:11:53 2023",
  "global options" : {
    "name" : "loaded-reset",
    "ioengine" : "io_uring_cmd",
    "size" : "813z",
    "bs" : "64K",
    "zonemode" : "zbd",
    "thread" : "1",
    "lat_percentiles" : "1",
    "filename" : "/dev/ng0n2",
    "sqthread_poll" : "1"
  },
  "jobs" : [
    {
      "jobname" : "fill-prep",
      "groupid" : 0,
      "error" : 0,
      "eta" : 0,
      "elapsed" : 762,
      "job options" : {
        "iodepth" : "1",
        "rw" : "write",
        "size" : "203z",
        "numjobs" : "4",
        "offset_increment" : "203z"
      },
      "read" : {
        "io_bytes" : 0,
        "io_kbytes" : 0,
        "bw_bytes" : 0,
        "bw" : 0,
        "iops" : 0.000000,
        "runtime" : 0,
        "total_ios" : 0,
        "short_ios" : 0,
        "drop_ios" : 0,
        "slat_ns" : {
          "min" : 0,
          "max" : 0,
          "mean" : 0.000000,
          "stddev" : 0.000000,
          "N" : 0
        },
        "clat_ns" : {
          "min" : 0,
          "max" : 0,
          "mean" : 0.000000,
          "stddev" : 0.000000,
          "N" : 0
        },
        "lat_ns" : {
          "min" : 0,
          "max" : 0,
          "mean" : 0.000000,
          "stddev" : 0.000000,
          "N" : 0
        },
        "bw_min" : 0,
        "bw_max" : 0,
        "bw_agg" : 0.000000,
        "bw_mean" : 0.000000,
        "bw_dev" : 0.000000,
        "bw_samples" : 0,
        "iops_min" : 0,
        "iops_max" : 0,
        "iops_mean" : 0.000000,
        "iops_stddev" : 0.000000,
        "iops_samples" : 0
      },
      "write" : {
        "io_bytes" : 917004877824,
        "io_kbytes" : 895512576,
        "bw_bytes" : 1227611442,
        "bw" : 1198839,
        "iops" : 18731.864045,
        "runtime" : 746983,
        "total_ios" : 13992384,
        "short_ios" : 0,
        "drop_ios" : 0,
        "slat_ns" : {
          "min" : 0,
          "max" : 0,
          "mean" : 0.000000,
          "stddev" : 0.000000,
          "N" : 0
        },
        "clat_ns" : {
          "min" : 8420,
          "max" : 38433437,
          "mean" : 210734.236085,
          "stddev" : 169058.444996,
          "N" : 13992384,
          "percentile" : {
            "1.000000" : 54528,
            "5.000000" : 71168,
            "10.000000" : 82432,
            "20.000000" : 103936,
            "30.000000" : 124416,
            "40.000000" : 146432,
            "50.000000" : 166912,
            "60.000000" : 195584,
            "70.000000" : 232448,
            "80.000000" : 284672,
            "90.000000" : 378880,
            "95.000000" : 485376,
            "99.000000" : 790528,
            "99.500000" : 946176,
            "99.900000" : 2113536,
            "99.950000" : 2736128,
            "99.990000" : 3096576
          }
        },
        "lat_ns" : {
          "min" : 43915,
          "max" : 38434636,
          "mean" : 212401.892340,
          "stddev" : 169095.933977,
          "N" : 13992384,
          "percentile" : {
            "1.000000" : 56064,
            "5.000000" : 73216,
            "10.000000" : 84480,
            "20.000000" : 104960,
            "30.000000" : 126464,
            "40.000000" : 148480,
            "50.000000" : 168960,
            "60.000000" : 197632,
            "70.000000" : 232448,
            "80.000000" : 284672,
            "90.000000" : 378880,
            "95.000000" : 485376,
            "99.000000" : 798720,
            "99.500000" : 946176,
            "99.900000" : 2146304,
            "99.950000" : 2736128,
            "99.990000" : 3096576
          }
        },
        "bw_min" : 1109548,
        "bw_max" : 1878528,
        "bw_agg" : 100.000000,
        "bw_mean" : 1200657.437704,
        "bw_dev" : 8223.590464,
        "bw_samples" : 5965,
        "iops_min" : 17336,
        "iops_max" : 29352,
        "iops_mean" : 18759.964617,
        "iops_stddev" : 128.490372,
        "iops_samples" : 5965
      },
      "ZNS Reset" : {
        "total_zone_resets" : 0,
        "io_bytes" : 0,
        "io_kbytes" : 0,
        "bw_bytes" : 0,
        "bw" : 0,
        "iops" : 0.000000,
        "runtime" : 0,
        "total_ios" : 0,
        "short_ios" : 0,
        "drop_ios" : 0,
        "slat_ns" : {
          "min" : 0,
          "max" : 0,
          "mean" : 0.000000,
          "stddev" : 0.000000,
          "N" : 0
        },
        "clat_ns" : {
          "min" : 0,
          "max" : 0,
          "mean" : 0.000000,
          "stddev" : 0.000000,
          "N" : 0
        },
        "lat_ns" : {
          "min" : 0,
          "max" : 0,
          "mean" : 0.000000,
          "stddev" : 0.000000,
          "N" : 0
        },
        "bw_min" : 0,
        "bw_max" : 0,
        "bw_agg" : 0.000000,
        "bw_mean" : 0.000000,
        "bw_dev" : 0.000000,
        "bw_samples" : 0,
        "iops_min" : 0,
        "iops_max" : 0,
        "iops_mean" : 0.000000,
        "iops_stddev" : 0.000000,
        "iops_samples" : 0
      },
      "sync" : {
        "total_ios" : 0,
        "lat_ns" : {
          "min" : 0,
          "max" : 0,
          "mean" : 0.000000,
          "stddev" : 0.000000,
          "N" : 0
        }
      },
      "job_runtime" : 2983756,
      "usr_cpu" : 99.999933,
      "sys_cpu" : 0.000402,
      "ctx" : 2965,
      "majf" : 0,
      "minf" : 0,
      "iodepth_level" : {
        "1" : 100.000000,
        "2" : 0.000000,
        "4" : 0.000000,
        "8" : 0.000000,
        "16" : 0.000000,
        "32" : 0.000000,
        ">=64" : 0.000000
      },
      "iodepth_submit" : {
        "0" : 0.000000,
        "4" : 100.000000,
        "8" : 0.000000,
        "16" : 0.000000,
        "32" : 0.000000,
        "64" : 0.000000,
        ">=64" : 0.000000
      },
      "iodepth_complete" : {
        "0" : 0.000000,
        "4" : 100.000000,
        "8" : 0.000000,
        "16" : 0.000000,
        "32" : 0.000000,
        "64" : 0.000000,
        ">=64" : 0.000000
      },
      "latency_ns" : {
        "2" : 0.000000,
        "4" : 0.000000,
        "10" : 0.000000,
        "20" : 0.000000,
        "50" : 0.000000,
        "100" : 0.000000,
        "250" : 0.000000,
        "500" : 0.000000,
        "750" : 0.000000,
        "1000" : 0.000000
      },
      "latency_us" : {
        "2" : 0.000000,
        "4" : 0.000000,
        "10" : 0.010000,
        "20" : 0.000000,
        "50" : 0.458021,
        "100" : 17.849896,
        "250" : 55.895950,
        "500" : 21.209752,
        "750" : 3.353817,
        "1000" : 0.828465
      },
      "latency_ms" : {
        "2" : 0.299520,
        "4" : 0.104114,
        "10" : 0.010000,
        "20" : 0.010000,
        "50" : 0.010000,
        "100" : 0.000000,
        "250" : 0.000000,
        "500" : 0.000000,
        "750" : 0.000000,
        "1000" : 0.000000,
        "2000" : 0.000000,
        ">=2000" : 0.000000
      },
      "latency_depth" : 1,
      "latency_target" : 0,
      "latency_percentile" : 100.000000,
      "latency_window" : 0
    },
    {
      "jobname" : "trim",
      "groupid" : 1,
      "error" : 0,
      "eta" : 0,
      "elapsed" : 762,
      "job options" : {
        "rw" : "randtrim",
        "iodepth" : "1",
        "numjobs" : "1",
        "bs" : "2147483648"
      },
      "read" : {
        "io_bytes" : 0,
        "io_kbytes" : 0,
        "bw_bytes" : 0,
        "bw" : 0,
        "iops" : 0.000000,
        "runtime" : 0,
        "total_ios" : 0,
        "short_ios" : 0,
        "drop_ios" : 0,
        "slat_ns" : {
          "min" : 0,
          "max" : 0,
          "mean" : 0.000000,
          "stddev" : 0.000000,
          "N" : 0
        },
        "clat_ns" : {
          "min" : 0,
          "max" : 0,
          "mean" : 0.000000,
          "stddev" : 0.000000,
          "N" : 0
        },
        "lat_ns" : {
          "min" : 0,
          "max" : 0,