{
  "fio version" : "fio-3.35",
  "timestamp" : 1694453277,
  "timestamp_ms" : 1694453277562,
  "time" : "Mon Sep 11 17:27:57 2023",
  "global options" : {
    "name" : "loaded-reset",
    "ioengine" : "io_uring_cmd",
    "size" : "814z",
    "bs" : "64K",
    "zonemode" : "zbd",
    "thread" : "1",
    "lat_percentiles" : "1",
    "filename" : "/dev/ng0n2",
    "sqthread_poll" : "1"
  },
  "jobs" : [
    {
      "jobname" : "fill-prep",
      "groupid" : 0,
      "error" : 0,
      "eta" : 0,
      "elapsed" : 810,
      "job options" : {
        "iodepth" : "1",
        "rw" : "write"
      },
      "read" : {
        "io_bytes" : 0,
        "io_kbytes" : 0,
        "bw_bytes" : 0,
        "bw" : 0,
        "iops" : 0.000000,
        "runtime" : 0,
        "total_ios" : 0,
        "short_ios" : 0,
        "drop_ios" : 0,
        "slat_ns" : {
          "min" : 0,
          "max" : 0,
          "mean" : 0.000000,
          "stddev" : 0.000000,
          "N" : 0
        },
        "clat_ns" : {
          "min" : 0,
          "max" : 0,
          "mean" : 0.000000,
          "stddev" : 0.000000,
          "N" : 0
        },
        "lat_ns" : {
          "min" : 0,
          "max" : 0,
          "mean" : 0.000000,
          "stddev" : 0.000000,
          "N" : 0
        },
        "bw_min" : 0,
        "bw_max" : 0,
        "bw_agg" : 0.000000,
        "bw_mean" : 0.000000,
        "bw_dev" : 0.000000,
        "bw_samples" : 0,
        "iops_min" : 0,
        "iops_max" : 0,
        "iops_mean" : 0.000000,
        "iops_stddev" : 0.000000,
        "iops_samples" : 0
      },
      "write" : {
        "io_bytes" : 919263510528,
        "io_kbytes" : 897718272,
        "bw_bytes" : 1229458298,
        "bw" : 1200642,
        "iops" : 18760.044831,
        "runtime" : 747698,
        "total_ios" : 14026848,
        "short_ios" : 0,
        "drop_ios" : 0,
        "slat_ns" : {
          "min" : 0,
          "max" : 0,
          "mean" : 0.000000,
          "stddev" : 0.000000,
          "N" : 0
        },
        "clat_ns" : {
          "min" : 39023,
          "max" : 25596085,
          "mean" : 51022.788337,
          "stddev" : 46897.296846,
          "N" : 14026848,
          "percentile" : {
            "1.000000" : 44800,
            "5.000000" : 45312,
            "10.000000" : 45312,
            "20.000000" : 45824,
            "30.000000" : 45824,
            "40.000000" : 46336,
            "50.000000" : 46336,
            "60.000000" : 46848,
            "70.000000" : 47360,
            "80.000000" : 48896,
            "90.000000" : 51968,
            "95.000000" : 67072,
            "99.000000" : 134144,
            "99.500000" : 162816,
            "99.900000" : 264192,
            "99.950000" : 716800,
            "99.990000" : 2441216
          }
        },
        "lat_ns" : {
          "min" : 45501,
          "max" : 25597478,
          "mean" : 52554.727253,
          "stddev" : 46924.553272,
          "N" : 14026848,
          "percentile" : {
            "1.000000" : 46336,
            "5.000000" : 46848,
            "10.000000" : 46848,
            "20.000000" : 47360,
            "30.000000" : 47360,
            "40.000000" : 47872,
            "50.000000" : 47872,
            "60.000000" : 48384,
            "70.000000" : 48896,
            "80.000000" : 50432,
            "90.000000" : 53504,
            "95.000000" : 69120,
            "99.000000" : 134144,
            "99.500000" : 164864,
            "99.900000" : 264192,
            "99.950000" : 716800,
            "99.990000" : 2441216
          }
        },
        "bw_min" : 1131904,
        "bw_max" : 1220736,
        "bw_agg" : 100.000000,
        "bw_mean" : 1201102.912375,
        "bw_dev" : 8888.251369,
        "bw_samples" : 1495,
        "iops_min" : 17686,
        "iops_max" : 19074,
        "iops_mean" : 18767.133110,
        "iops_stddev" : 138.847779,
        "iops_samples" : 1495
      },
      "ZNS Reset" : {
        "total_zone_resets" : 0,
        "io_bytes" : 0,
        "io_kbytes" : 0,
        "bw_bytes" : 0,
        "bw" : 0,
        "iops" : 0.000000,
        "runtime" : 0,
        "total_ios" : 0,
        "short_ios" : 0,
        "drop_ios" : 0,
        "slat_ns" : {
          "min" : 0,
          "max" : 0,
          "mean" : 0.000000,
          "stddev" : 0.000000,
          "N" : 0
        },
        "clat_ns" : {
          "min" : 0,
          "max" : 0,
          "mean" : 0.000000,
          "stddev" : 0.000000,
          "N" : 0
        },
        "lat_ns" : {
          "min" : 0,
          "max" : 0,
          "mean" : 0.000000,
          "stddev" : 0.000000,
          "N" : 0
        },
        "bw_min" : 0,
        "bw_max" : 0,
        "bw_agg" : 0.000000,
        "bw_mean" : 0.000000,
        "bw_dev" : 0.000000,
        "bw_samples" : 0,
        "iops_min" : 0,
        "iops_max" : 0,
        "iops_mean" : 0.000000,
        "iops_stddev" : 0.000000,
        "iops_samples" : 0
      },
      "sync" : {
        "total_ios" : 0,
        "lat_ns" : {
          "min" : 0,
          "max" : 0,
          "mean" : 0.000000,
          "stddev" : 0.000000,
          "N" : 0
        }
      },
      "job_runtime" : 747697,
      "usr_cpu" : 100.001070,
      "sys_cpu" : 0.000000,
      "ctx" : 703,
      "majf" : 0,
      "minf" : 0,
      "iodepth_level" : {
        "1" : 100.000000,
        "2" : 0.000000,
        "4" : 0.000000,
        "8" : 0.000000,
        "16" : 0.000000,
        "32" : 0.000000,
        ">=64" : 0.000000
      },
      "iodepth_submit" : {
        "0" : 0.000000,
        "4" : 100.000000,
        "8" : 0.000000,
        "16" : 0.000000,
        "32" : 0.000000,
        "64" : 0.000000,
        ">=64" : 0.000000
      },
      "iodepth_complete" : {
        "0" : 0.000000,
        "4" : 100.000000,
        "8" : 0.000000,
        "16" : 0.000000,
        "32" : 0.000000,
        "64" : 0.000000,
        ">=64" : 0.000000
      },
      "latency_ns" : {
        "2" : 0.000000,
        "4" : 0.000000,
        "10" : 0.000000,
        "20" : 0.000000,
        "50" : 0.000000,
        "100" : 0.000000,
        "250" : 0.000000,
        "500" : 0.000000,
        "750" : 0.000000,
        "1000" : 0.000000
      },
      "latency_us" : {
        "2" : 0.000000,
        "4" : 0.000000,
        "10" : 0.000000,
        "20" : 0.000000,
        "50" : 83.849415,
        "100" : 14.288413,
        "250" : 1.740519,
        "500" : 0.061168,
        "750" : 0.011849,
        "1000" : 0.010000
      },
      "latency_ms" : {
        "2" : 0.018543,
        "4" : 0.023776,
        "10" : 0.010000,
        "20" : 0.010000,
        "50" : 0.010000,
        "100" : 0.000000,
        "250" : 0.000000,
        "500" : 0.000000,
        "750" : 0.000000,
        "1000" : 0.000000,
        "2000" : 0.000000,
        ">=2000" : 0.000000
      },
      "latency_depth" : 1,
      "latency_target" : 0,
      "latency_percentile" : 100.000000,
      "latency_window" : 0
    },
    {
      "jobname" : "trim",
      "groupid" : 1,
      "error" : 0,
      "eta" : 0,
      "elapsed" : 810,
      "job options" : {
        "rw" : "randread",
        "iodepth" : "32",
        "size" : "7z",
        "offset" : "570z",
        "bs" : "4K",
        "exit_what" : "stonewall",
        "runtime" : "1m"
      },
      "read" : {
        "io_bytes" : 61341933568,
        "io_kbytes" : 59904232,
        "bw_bytes" : 1022348520,
        "bw" : 998387,
        "iops" : 249596.806720,
        "runtime" : 60001,
        "total_ios" : 14976058,
        "short_ios" : 0,
        "drop_ios" : 0,
        "slat_ns" : {
          "min" : 0,
          "max" : 0,
          "mean" : 0.000000,
          "stddev" : 0.000000,
          "N" : 0
        },
        "clat_ns" : {
          "min" : 18933,
          "max" : 22802420,
          "mean" : 127234.158217,
          "stddev" : 58747.761020,
          "N" : 14976058,
          "percentile" : {
            "1.000000" : 78336,