{
  "fio version" : "fio-3.35",
  "timestamp" : 1694465537,
  "timestamp_ms" : 1694465537595,
  "time" : "Mon Sep 11 20:52:17 2023",
  "global options" : {
    "name" : "loaded-reset",
    "ioengine" : "io_uring_cmd",
    "size" : "814z",
    "bs" : "64K",
    "zonemode" : "zbd",
    "thread" : "1",
    "lat_percentiles" : "1",
    "filename" : "/dev/ng0n2",
    "sqthread_poll" : "1"
  },
  "jobs" : [
    {
      "jobname" : "fill-prep",
      "groupid" : 0,
      "error" : 0,
      "eta" : 0,
      "elapsed" : 808,
      "job options" : {
        "iodepth" : "1",
        "rw" : "write"
      },
      "read" : {
        "io_bytes" : 0,
        "io_kbytes" : 0,
        "bw_bytes" : 0,
        "bw" : 0,
        "iops" : 0.000000,
        "runtime" : 0,
        "total_ios" : 0,
        "short_ios" : 0,
        "drop_ios" : 0,
        "slat_ns" : {
          "min" : 0,
          "max" : 0,
          "mean" : 0.000000,
          "stddev" : 0.000000,
          "N" : 0
        },
        "clat_ns" : {
          "min" : 0,
          "max" : 0,
          "mean" : 0.000000,
          "stddev" : 0.000000,
          "N" : 0
        },
        "lat_ns" : {
          "min" : 0,
          "max" : 0,
          "mean" : 0.000000,
          "stddev" : 0.000000,
          "N" : 0
        },
        "bw_min" : 0,
        "bw_max" : 0,
        "bw_agg" : 0.000000,
        "bw_mean" : 0.000000,
        "bw_dev" : 0.000000,
        "bw_samples" : 0,
        "iops_min" : 0,
        "iops_max" : 0,
        "iops_mean" : 0.000000,
        "iops_stddev" : 0.000000,
        "iops_samples" : 0
      },
      "write" : {
        "io_bytes" : 919263510528,
        "io_kbytes" : 897718272,
        "bw_bytes" : 1229856353,
        "bw" : 1201031,
        "iops" : 18766.118675,
        "runtime" : 747456,
        "total_ios" : 14026848,
        "short_ios" : 0,
        "drop_ios" : 0,
        "slat_ns" : {
          "min" : 0,
          "max" : 0,
          "mean" : 0.000000,
          "stddev" : 0.000000,
          "N" : 0
        },
        "clat_ns" : {
          "min" : 312,
          "max" : 22318227,
          "mean" : 51292.275449,
          "stddev" : 47924.871907,
          "N" : 14026848,
          "percentile" : {
            "1.000000" : 43776,
            "5.000000" : 44288,
            "10.000000" : 44288,
            "20.000000" : 44288,
            "30.000000" : 44800,
            "40.000000" : 44800,
            "50.000000" : 45312,
            "60.000000" : 45824,
            "70.000000" : 46336,
            "80.000000" : 48384,
            "90.000000" : 52992,
            "95.000000" : 76288,
            "99.000000" : 154624,
            "99.500000" : 185344,
            "99.900000" : 284672,
            "99.950000" : 700416,
            "99.990000" : 2473984
          }
        },
        "lat_ns" : {
          "min" : 44113,
          "max" : 22320651,
          "mean" : 52681.191998,
          "stddev" : 47936.502284,
          "N" : 14026848,
          "percentile" : {
            "1.000000" : 44800,
            "5.000000" : 45312,
            "10.000000" : 45312,
            "20.000000" : 45824,
            "30.000000" : 45824,
            "40.000000" : 46336,
            "50.000000" : 46336,
            "60.000000" : 46848,
            "70.000000" : 47872,
            "80.000000" : 49920,
            "90.000000" : 54016,
            "95.000000" : 78336,
            "99.000000" : 154624,
            "99.500000" : 187392,
            "99.900000" : 284672,
            "99.950000" : 708608,
            "99.990000" : 2473984
          }
        },
        "bw_min" : 1129600,
        "bw_max" : 1232428,
        "bw_agg" : 100.000000,
        "bw_mean" : 1201523.152610,
        "bw_dev" : 8185.561822,
        "bw_samples" : 1494,
        "iops_min" : 17650,
        "iops_max" : 19256,
        "iops_mean" : 18773.680723,
        "iops_stddev" : 127.864192,
        "iops_samples" : 1494
      },
      "ZNS Reset" : {
        "total_zone_resets" : 0,
        "io_bytes" : 0,
        "io_kbytes" : 0,
        "bw_bytes" : 0,
        "bw" : 0,
        "iops" : 0.000000,
        "runtime" : 0,
        "total_ios" : 0,
        "short_ios" : 0,
        "drop_ios" : 0,
        "slat_ns" : {
          "min" : 0,
          "max" : 0,
          "mean" : 0.000000,
          "stddev" : 0.000000,
          "N" : 0
        },
        "clat_ns" : {
          "min" : 0,
          "max" : 0,
          "mean" : 0.000000,
          "stddev" : 0.000000,
          "N" : 0
        },
        "lat_ns" : {
          "min" : 0,
          "max" : 0,
          "mean" : 0.000000,
          "stddev" : 0.000000,
          "N" : 0
        },
        "bw_min" : 0,
        "bw_max" : 0,
        "bw_agg" : 0.000000,
        "bw_mean" : 0.000000,
        "bw_dev" : 0.000000,
        "bw_samples" : 0,
        "iops_min" : 0,
        "iops_max" : 0,
        "iops_mean" : 0.000000,
        "iops_stddev" : 0.000000,
        "iops_samples" : 0
      },
      "sync" : {
        "total_ios" : 0,
        "lat_ns" : {
          "min" : 0,
          "max" : 0,
          "mean" : 0.000000,
          "stddev" : 0.000000,
          "N" : 0
        }
      },
      "job_runtime" : 747455,
      "usr_cpu" : 100.001472,
      "sys_cpu" : 0.000134,
      "ctx" : 263,
      "majf" : 0,
      "minf" : 0,
      "iodepth_level" : {
        "1" : 100.000000,
        "2" : 0.000000,
        "4" : 0.000000,
        "8" : 0.000000,
        "16" : 0.000000,
        "32" : 0.000000,
        ">=64" : 0.000000
      },
      "iodepth_submit" : {
        "0" : 0.000000,
        "4" : 100.000000,
        "8" : 0.000000,
        "16" : 0.000000,
        "32" : 0.000000,
        "64" : 0.000000,
        ">=64" : 0.000000
      },
      "iodepth_complete" : {
        "0" : 0.000000,
        "4" : 100.000000,
        "8" : 0.000000,
        "16" : 0.000000,
        "32" : 0.000000,
        "64" : 0.000000,
        ">=64" : 0.000000
      },
      "latency_ns" : {
        "2" : 0.000000,
        "4" : 0.000000,
        "10" : 0.000000,
        "20" : 0.000000,
        "50" : 0.000000,
        "100" : 0.000000,
        "250" : 0.000000,
        "500" : 0.010000,
        "750" : 0.000000,
        "1000" : 0.000000
      },
      "latency_us" : {
        "2" : 0.000000,
        "4" : 0.000000,
        "10" : 0.000000,
        "20" : 0.000000,
        "50" : 85.957586,
        "100" : 11.185556,
        "250" : 2.678036,
        "500" : 0.119314,
        "750" : 0.011150,
        "1000" : 0.010000
      },
      "latency_ms" : {
        "2" : 0.017438,
        "4" : 0.024753,
        "10" : 0.010000,
        "20" : 0.010000,
        "50" : 0.010000,
        "100" : 0.000000,
        "250" : 0.000000,
        "500" : 0.000000,
        "750" : 0.000000,
        "1000" : 0.000000,
        "2000" : 0.000000,
        ">=2000" : 0.000000
      },
      "latency_depth" : 1,
      "latency_target" : 0,
      "latency_percentile" : 100.000000,
      "latency_window" : 0
    },
    {
      "jobname" : "trim",
      "groupid" : 1,
      "error" : 0,
      "eta" : 0,
      "elapsed" : 808,
      "job options" : {
        "rw" : "randread",
        "iodepth" : "128",
        "size" : "1z",
        "offset" : "570z",
        "bs" : "4K",
        "exit_what" : "stonewall",
        "runtime" : "1m"
      },
      "read" : {
        "io_bytes" : 86330720256,
        "io_kbytes" : 84307344,
        "bw_bytes" : 1438821357,
        "bw" : 1405098,
        "iops" : 351274.745421,
        "runtime" : 60001,
        "total_ios" : 21076836,
        "short_ios" : 0,
        "drop_ios" : 0,
        "slat_ns" : {
          "min" : 0,
          "max" : 0,
          "mean" : 0.000000,
          "stddev" : 0.000000,
          "N" : 0
        },
        "clat_ns" : {
          "min" : 28017,
          "max" : 4845127,
          "mean" : 363767.412904,
          "stddev" : 260203.055086,
          "N" : 21076836,
          "percentile" : {
            "1.000000" : 100864,