{
  "fio version" : "fio-3.35",
  "timestamp" : 1694464722,
  "timestamp_ms" : 1694464722587,
  "time" : "Mon Sep 11 20:38:42 2023",
  "global options" : {
    "name" : "loaded-reset",
    "ioengine" : "io_uring_cmd",
    "size" : "814z",
    "bs" : "64K",
    "zonemode" : "zbd",
    "thread" : "1",
    "lat_percentiles" : "1",
    "filename" : "/dev/ng0n2",
    "sqthread_poll" : "1"
  },
  "jobs" : [
    {
      "jobname" : "fill-prep",
      "groupid" : 0,
      "error" : 0,
      "eta" : 0,
      "elapsed" : 808,
      "job options" : {
        "iodepth" : "1",
        "rw" : "write"
      },
      "read" : {
        "io_bytes" : 0,
        "io_kbytes" : 0,
        "bw_bytes" : 0,
        "bw" : 0,
        "iops" : 0.000000,
        "runtime" : 0,
        "total_ios" : 0,
        "short_ios" : 0,
        "drop_ios" : 0,
        "slat_ns" : {
          "min" : 0,
          "max" : 0,
          "mean" : 0.000000,
          "stddev" : 0.000000,
          "N" : 0
        },
        "clat_ns" : {
          "min" : 0,
          "max" : 0,
          "mean" : 0.000000,
          "stddev" : 0.000000,
          "N" : 0
        },
        "lat_ns" : {
          "min" : 0,
          "max" : 0,
          "mean" : 0.000000,
          "stddev" : 0.000000,
          "N" : 0
        },
        "bw_min" : 0,
        "bw_max" : 0,
        "bw_agg" : 0.000000,
        "bw_mean" : 0.000000,
        "bw_dev" : 0.000000,
        "bw_samples" : 0,
        "iops_min" : 0,
        "iops_max" : 0,
        "iops_mean" : 0.000000,
        "iops_stddev" : 0.000000,
        "iops_samples" : 0
      },
      "write" : {
        "io_bytes" : 919263510528,
        "io_kbytes" : 897718272,
        "bw_bytes" : 1229956730,
        "bw" : 1201129,
        "iops" : 18767.650305,
        "runtime" : 747395,
        "total_ios" : 14026848,
        "short_ios" : 0,
        "drop_ios" : 0,
        "slat_ns" : {
          "min" : 0,
          "max" : 0,
          "mean" : 0.000000,
          "stddev" : 0.000000,
          "N" : 0
        },
        "clat_ns" : {
          "min" : 38559,
          "max" : 4630755,
          "mean" : 51244.500904,
          "stddev" : 47252.876408,
          "N" : 14026848,
          "percentile" : {
            "1.000000" : 43776,
            "5.000000" : 44288,
            "10.000000" : 44288,
            "20.000000" : 44288,
            "30.000000" : 44288,
            "40.000000" : 44800,
            "50.000000" : 44800,
            "60.000000" : 45312,
            "70.000000" : 45824,
            "80.000000" : 48384,
            "90.000000" : 52992,
            "95.000000" : 77312,
            "99.000000" : 154624,
            "99.500000" : 187392,
            "99.900000" : 284672,
            "99.950000" : 659456,
            "99.990000" : 2441216
          }
        },
        "lat_ns" : {
          "min" : 44307,
          "max" : 4632207,
          "mean" : 52688.427805,
          "stddev" : 47253.806608,
          "N" : 14026848,
          "percentile" : {
            "1.000000" : 44800,
            "5.000000" : 45312,
            "10.000000" : 45312,
            "20.000000" : 45824,
            "30.000000" : 45824,
            "40.000000" : 46336,
            "50.000000" : 46336,
            "60.000000" : 46848,
            "70.000000" : 47360,
            "80.000000" : 49920,
            "90.000000" : 54528,
            "95.000000" : 78336,
            "99.000000" : 156672,
            "99.500000" : 187392,
            "99.900000" : 284672,
            "99.950000" : 659456,
            "99.990000" : 2441216
          }
        },
        "bw_min" : 1162752,
        "bw_max" : 1223552,
        "bw_agg" : 100.000000,
        "bw_mean" : 1201586.951138,
        "bw_dev" : 7673.222177,
        "bw_samples" : 1494,
        "iops_min" : 18168,
        "iops_max" : 19118,
        "iops_mean" : 18774.688086,
        "iops_stddev" : 119.859581,
        "iops_samples" : 1494
      },
      "ZNS Reset" : {
        "total_zone_resets" : 0,
        "io_bytes" : 0,
        "io_kbytes" : 0,
        "bw_bytes" : 0,
        "bw" : 0,
        "iops" : 0.000000,
        "runtime" : 0,
        "total_ios" : 0,
        "short_ios" : 0,
        "drop_ios" : 0,
        "slat_ns" : {
          "min" : 0,
          "max" : 0,
          "mean" : 0.000000,
          "stddev" : 0.000000,
          "N" : 0
        },
        "clat_ns" : {
          "min" : 0,
          "max" : 0,
          "mean" : 0.000000,
          "stddev" : 0.000000,
          "N" : 0
        },
        "lat_ns" : {
          "min" : 0,
          "max" : 0,
          "mean" : 0.000000,
          "stddev" : 0.000000,
          "N" : 0
        },
        "bw_min" : 0,
        "bw_max" : 0,
        "bw_agg" : 0.000000,
        "bw_mean" : 0.000000,
        "bw_dev" : 0.000000,
        "bw_samples" : 0,
        "iops_min" : 0,
        "iops_max" : 0,
        "iops_mean" : 0.000000,
        "iops_stddev" : 0.000000,
        "iops_samples" : 0
      },
      "sync" : {
        "total_ios" : 0,
        "lat_ns" : {
          "min" : 0,
          "max" : 0,
          "mean" : 0.000000,
          "stddev" : 0.000000,
          "N" : 0
        }
      },
      "job_runtime" : 747394,
      "usr_cpu" : 100.000535,
      "sys_cpu" : 0.000401,
      "ctx" : 763,
      "majf" : 0,
      "minf" : 0,
      "iodepth_level" : {
        "1" : 100.000000,
        "2" : 0.000000,
        "4" : 0.000000,
        "8" : 0.000000,
        "16" : 0.000000,
        "32" : 0.000000,
        ">=64" : 0.000000
      },
      "iodepth_submit" : {
        "0" : 0.000000,
        "4" : 100.000000,
        "8" : 0.000000,
        "16" : 0.000000,
        "32" : 0.000000,
        "64" : 0.000000,
        ">=64" : 0.000000
      },
      "iodepth_complete" : {
        "0" : 0.000000,
        "4" : 100.000000,
        "8" : 0.000000,
        "16" : 0.000000,
        "32" : 0.000000,
        "64" : 0.000000,
        ">=64" : 0.000000
      },
      "latency_ns" : {
        "2" : 0.000000,
        "4" : 0.000000,
        "10" : 0.000000,
        "20" : 0.000000,
        "50" : 0.000000,
        "100" : 0.000000,
        "250" : 0.000000,
        "500" : 0.000000,
        "750" : 0.000000,
        "1000" : 0.000000
      },
      "latency_us" : {
        "2" : 0.000000,
        "4" : 0.000000,
        "10" : 0.000000,
        "20" : 0.000000,
        "50" : 86.494314,
        "100" : 10.537606,
        "250" : 2.787640,
        "500" : 0.122380,
        "750" : 0.010943,
        "1000" : 0.010000
      },
      "latency_ms" : {
        "2" : 0.016454,
        "4" : 0.024817,
        "10" : 0.010000,
        "20" : 0.000000,
        "50" : 0.000000,
        "100" : 0.000000,
        "250" : 0.000000,
        "500" : 0.000000,
        "750" : 0.000000,
        "1000" : 0.000000,
        "2000" : 0.000000,
        ">=2000" : 0.000000
      },
      "latency_depth" : 1,
      "latency_target" : 0,
      "latency_percentile" : 100.000000,
      "latency_window" : 0
    },
    {
      "jobname" : "trim",
      "groupid" : 1,
      "error" : 0,
      "eta" : 0,
      "elapsed" : 808,
      "job options" : {
        "rw" : "randread",
        "iodepth" : "128",
        "size" : "1z",
        "offset" : "570z",
        "bs" : "4K",
        "exit_what" : "stonewall",
        "runtime" : "1m"
      },
      "read" : {
        "io_bytes" : 86637441024,
        "io_kbytes" : 84606876,
        "bw_bytes" : 1443933284,
        "bw" : 1410091,
        "iops" : 352522.774620,
        "runtime" : 60001,
        "total_ios" : 21151719,
        "short_ios" : 0,
        "drop_ios" : 0,
        "slat_ns" : {
          "min" : 0,
          "max" : 0,
          "mean" : 0.000000,
          "stddev" : 0.000000,
          "N" : 0
        },
        "clat_ns" : {
          "min" : 28125,
          "max" : 4470005,
          "mean" : 362486.195063,
          "stddev" : 223131.069764,
          "N" : 21151719,
          "percentile" : {
            "1.000000" : 104960,