{
  "fio version" : "fio-3.35",
  "timestamp" : 1694429614,
  "timestamp_ms" : 1694429614761,
  "time" : "Mon Sep 11 10:53:34 2023",
  "global options" : {
    "name" : "loaded-reset",
    "ioengine" : "io_uring_cmd",
    "size" : "814z",
    "bs" : "64K",
    "zonemode" : "zbd",
    "thread" : "1",
    "lat_percentiles" : "1",
    "filename" : "/dev/ng0n2",
    "sqthread_poll" : "1"
  },
  "jobs" : [
    {
      "jobname" : "fill-prep",
      "groupid" : 0,
      "error" : 0,
      "eta" : 0,
      "elapsed" : 811,
      "job options" : {
        "iodepth" : "1",
        "rw" : "write"
      },
      "read" : {
        "io_bytes" : 0,
        "io_kbytes" : 0,
        "bw_bytes" : 0,
        "bw" : 0,
        "iops" : 0.000000,
        "runtime" : 0,
        "total_ios" : 0,
        "short_ios" : 0,
        "drop_ios" : 0,
        "slat_ns" : {
          "min" : 0,
          "max" : 0,
          "mean" : 0.000000,
          "stddev" : 0.000000,
          "N" : 0
        },
        "clat_ns" : {
          "min" : 0,
          "max" : 0,
          "mean" : 0.000000,
          "stddev" : 0.000000,
          "N" : 0
        },
        "lat_ns" : {
          "min" : 0,
          "max" : 0,
          "mean" : 0.000000,
          "stddev" : 0.000000,
          "N" : 0
        },
        "bw_min" : 0,
        "bw_max" : 0,
        "bw_agg" : 0.000000,
        "bw_mean" : 0.000000,
        "bw_dev" : 0.000000,
        "bw_samples" : 0,
        "iops_min" : 0,
        "iops_max" : 0,
        "iops_mean" : 0.000000,
        "iops_stddev" : 0.000000,
        "iops_samples" : 0
      },
      "write" : {
        "io_bytes" : 919263510528,
        "io_kbytes" : 897718272,
        "bw_bytes" : 1230279364,
        "bw" : 1201444,
        "iops" : 18772.573304,
        "runtime" : 747199,
        "total_ios" : 14026848,
        "short_ios" : 0,
        "drop_ios" : 0,
        "slat_ns" : {
          "min" : 0,
          "max" : 0,
          "mean" : 0.000000,
          "stddev" : 0.000000,
          "N" : 0
        },
        "clat_ns" : {
          "min" : 34381,
          "max" : 4504387,
          "mean" : 51533.894355,
          "stddev" : 48459.978361,
          "N" : 14026848,
          "percentile" : {
            "1.000000" : 43264,
            "5.000000" : 43776,
            "10.000000" : 43776,
            "20.000000" : 44288,
            "30.000000" : 44288,
            "40.000000" : 44288,
            "50.000000" : 44800,
            "60.000000" : 44800,
            "70.000000" : 45824,
            "80.000000" : 47872,
            "90.000000" : 54528,
            "95.000000" : 79360,
            "99.000000" : 160768,
            "99.500000" : 195584,
            "99.900000" : 305152,
            "99.950000" : 700416,
            "99.990000" : 2473984
          }
        },
        "lat_ns" : {
          "min" : 43783,
          "max" : 4505633,
          "mean" : 52671.400016,
          "stddev" : 48460.627165,
          "N" : 14026848,
          "percentile" : {
            "1.000000" : 44288,
            "5.000000" : 44800,
            "10.000000" : 44800,
            "20.000000" : 45312,
            "30.000000" : 45312,
            "40.000000" : 45312,
            "50.000000" : 45824,
            "60.000000" : 46336,
            "70.000000" : 46848,
            "80.000000" : 48896,
            "90.000000" : 55552,
            "95.000000" : 80384,
            "99.000000" : 160768,
            "99.500000" : 195584,
            "99.900000" : 305152,
            "99.950000" : 700416,
            "99.990000" : 2473984
          }
        },
        "bw_min" : 1157967,
        "bw_max" : 1221899,
        "bw_agg" : 100.000000,
        "bw_mean" : 1201923.153949,
        "bw_dev" : 8223.526087,
        "bw_samples" : 1494,
        "iops_min" : 18093,
        "iops_max" : 19092,
        "iops_mean" : 18779.944444,
        "iops_stddev" : 128.456467,
        "iops_samples" : 1494
      },
      "ZNS Reset" : {
        "total_zone_resets" : 0,
        "io_bytes" : 0,
        "io_kbytes" : 0,
        "bw_bytes" : 0,
        "bw" : 0,
        "iops" : 0.000000,
        "runtime" : 0,
        "total_ios" : 0,
        "short_ios" : 0,
        "drop_ios" : 0,
        "slat_ns" : {
          "min" : 0,
          "max" : 0,
          "mean" : 0.000000,
          "stddev" : 0.000000,
          "N" : 0
        },
        "clat_ns" : {
          "min" : 0,
          "max" : 0,
          "mean" : 0.000000,
          "stddev" : 0.000000,
          "N" : 0
        },
        "lat_ns" : {
          "min" : 0,
          "max" : 0,
          "mean" : 0.000000,
          "stddev" : 0.000000,
          "N" : 0
        },
        "bw_min" : 0,
        "bw_max" : 0,
        "bw_agg" : 0.000000,
        "bw_mean" : 0.000000,
        "bw_dev" : 0.000000,
        "bw_samples" : 0,
        "iops_min" : 0,
        "iops_max" : 0,
        "iops_mean" : 0.000000,
        "iops_stddev" : 0.000000,
        "iops_samples" : 0
      },
      "sync" : {
        "total_ios" : 0,
        "lat_ns" : {
          "min" : 0,
          "max" : 0,
          "mean" : 0.000000,
          "stddev" : 0.000000,
          "N" : 0
        }
      },
      "job_runtime" : 747198,
      "usr_cpu" : 100.000535,
      "sys_cpu" : 0.000000,
      "ctx" : 1054,
      "majf" : 0,
      "minf" : 0,
      "iodepth_level" : {
        "1" : 100.000000,
        "2" : 0.000000,
        "4" : 0.000000,
        "8" : 0.000000,
        "16" : 0.000000,
        "32" : 0.000000,
        ">=64" : 0.000000
      },
      "iodepth_submit" : {
        "0" : 0.000000,
        "4" : 100.000000,
        "8" : 0.000000,
        "16" : 0.000000,
        "32" : 0.000000,
        "64" : 0.000000,
        ">=64" : 0.000000
      },
      "iodepth_complete" : {
        "0" : 0.000000,
        "4" : 100.000000,
        "8" : 0.000000,
        "16" : 0.000000,
        "32" : 0.000000,
        "64" : 0.000000,
        ">=64" : 0.000000
      },
      "latency_ns" : {
        "2" : 0.000000,
        "4" : 0.000000,
        "10" : 0.000000,
        "20" : 0.000000,
        "50" : 0.000000,
        "100" : 0.000000,
        "250" : 0.000000,
        "500" : 0.000000,
        "750" : 0.000000,
        "1000" : 0.000000
      },
      "latency_us" : {
        "2" : 0.000000,
        "4" : 0.000000,
        "10" : 0.000000,
        "20" : 0.000000,
        "50" : 86.473383,
        "100" : 10.180698,
        "250" : 3.126568,
        "500" : 0.159922,
        "750" : 0.011093,
        "1000" : 0.010000
      },
      "latency_ms" : {
        "2" : 0.016846,
        "4" : 0.025102,
        "10" : 0.010000,
        "20" : 0.000000,
        "50" : 0.000000,
        "100" : 0.000000,
        "250" : 0.000000,
        "500" : 0.000000,
        "750" : 0.000000,
        "1000" : 0.000000,
        "2000" : 0.000000,
        ">=2000" : 0.000000
      },
      "latency_depth" : 1,
      "latency_target" : 0,
      "latency_percentile" : 100.000000,
      "latency_window" : 0
    },
    {
      "jobname" : "trim",
      "groupid" : 1,
      "error" : 0,
      "eta" : 0,
      "elapsed" : 811,
      "job options" : {
        "rw" : "randread",
        "iodepth" : "1",
        "size" : "244z",
        "offset" : "570z",
        "bs" : "4K",
        "exit_what" : "stonewall",
        "runtime" : "1m"
      },
      "read" : {
        "io_bytes" : 3088101376,
        "io_kbytes" : 3015724,
        "bw_bytes" : 51469214,
        "bw" : 50262,
        "iops" : 12565.726095,
        "runtime" : 59999,
        "total_ios" : 753931,
        "short_ios" : 0,
        "drop_ios" : 0,
        "slat_ns" : {
          "min" : 0,
          "max" : 0,
          "mean" : 0.000000,
          "stddev" : 0.000000,
          "N" : 0
        },
        "clat_ns" : {
          "min" : 27865,
          "max" : 6315986,
          "mean" : 77065.676709,
          "stddev" : 14898.733290,
          "N" : 753931,
          "percentile" : {
            "1.000000" : 71168,