{
  "fio version" : "fio-3.35",
  "timestamp" : 1696910398,
  "timestamp_ms" : 1696910398199,
  "time" : "Tue Oct 10 03:59:58 2023",
  "global options" : {
    "name" : "bw",
    "ioengine" : "io_uring_cmd",
    "bs" : "64K",
    "zonemode" : "zbd",
    "thread" : "1",
    "numjobs" : "1",
    "lat_percentiles" : "1",
    "iodepth" : "1",
    "filename" : "/dev/ng0n2",
    "sqthread_poll" : "1"
  },
  "jobs" : [
    {
      "jobname" : "fill",
      "groupid" : 0,
      "error" : 0,
      "eta" : 0,
      "elapsed" : 616,
      "job options" : {
        "rw" : "write",
        "offset" : "300z",
        "size" : "604z"
      },
      "read" : {
        "io_bytes" : 0,
        "io_kbytes" : 0,
        "bw_bytes" : 0,
        "bw" : 0,
        "iops" : 0.000000,
        "runtime" : 0,
        "total_ios" : 0,
        "short_ios" : 0,
        "drop_ios" : 0,
        "slat_ns" : {
          "min" : 0,
          "max" : 0,
          "mean" : 0.000000,
          "stddev" : 0.000000,
          "N" : 0
        },
        "clat_ns" : {
          "min" : 0,
          "max" : 0,
          "mean" : 0.000000,
          "stddev" : 0.000000,
          "N" : 0
        },
        "lat_ns" : {
          "min" : 0,
          "max" : 0,
          "mean" : 0.000000,
          "stddev" : 0.000000,
          "N" : 0
        },
        "bw_min" : 0,
        "bw_max" : 0,
        "bw_agg" : 0.000000,
        "bw_mean" : 0.000000,
        "bw_dev" : 0.000000,
        "bw_samples" : 0,
        "iops_min" : 0,
        "iops_max" : 0,
        "iops_mean" : 0.000000,
        "iops_stddev" : 0.000000,
        "iops_samples" : 0
      },
      "finish" : {
        "total_zone_resets" : 0,
        "io_bytes" : 682107076608,
        "io_kbytes" : 666120192,
        "bw_bytes" : 1229039475,
        "bw" : 1200233,
        "iops" : 18753.654107,
        "runtime" : 554992,
        "total_ios" : 10408128,
        "short_ios" : 0,
        "drop_ios" : 0,
        "slat_ns" : {
          "min" : 0,
          "max" : 0,
          "mean" : 0.000000,
          "stddev" : 0.000000,
          "N" : 0
        },
        "clat_ns" : {
          "min" : 1138,
          "max" : 4308062,
          "mean" : 51094.673118,
          "stddev" : 47551.368227,
          "N" : 10408128,
          "percentile" : {
            "1.000000" : 43264,
            "5.000000" : 43776,
            "10.000000" : 43776,
            "20.000000" : 44288,
            "30.000000" : 44288,
            "40.000000" : 44800,
            "50.000000" : 44800,
            "60.000000" : 45312,
            "70.000000" : 45824,
            "80.000000" : 47872,
            "90.000000" : 52992,
            "95.000000" : 77312,
            "99.000000" : 154624,
            "99.500000" : 187392,
            "99.900000" : 301056,
            "99.950000" : 692224,
            "99.990000" : 2473984
          }
        },
        "lat_ns" : {
          "min" : 43706,
          "max" : 4309472,
          "mean" : 52657.621922,
          "stddev" : 47552.091647,
          "N" : 10408128,
          "percentile" : {
            "1.000000" : 44800,
            "5.000000" : 44800,
            "10.000000" : 45312,
            "20.000000" : 45824,
            "30.000000" : 45824,
            "40.000000" : 46336,
            "50.000000" : 46336,
            "60.000000" : 46848,
            "70.000000" : 47872,
            "80.000000" : 49408,
            "90.000000" : 54528,
            "95.000000" : 78336,
            "99.000000" : 156672,
            "99.500000" : 189440,
            "99.900000" : 305152,
            "99.950000" : 692224,
            "99.990000" : 2473984
          }
        },
        "bw_min" : 1159511,
        "bw_max" : 1219968,
        "bw_agg" : 100.000000,
        "bw_mean" : 1200772.712353,
        "bw_dev" : 8258.072363,
        "bw_samples" : 1109,
        "iops_min" : 18117,
        "iops_max" : 19062,
        "iops_mean" : 18761.967538,
        "iops_stddev" : 128.995588,
        "iops_samples" : 1109
      },
      "ZNS Reset" : {
        "total_zone_resets" : 0,
        "io_bytes" : 0,
        "io_kbytes" : 0,
        "bw_bytes" : 0,
        "bw" : 0,
        "iops" : 0.000000,
        "runtime" : 0,
        "total_ios" : 0,
        "short_ios" : 0,
        "drop_ios" : 0,
        "slat_ns" : {
          "min" : 0,
          "max" : 0,
          "mean" : 0.000000,
          "stddev" : 0.000000,
          "N" : 0
        },
        "clat_ns" : {
          "min" : 0,
          "max" : 0,
          "mean" : 0.000000,
          "stddev" : 0.000000,
          "N" : 0
        },
        "lat_ns" : {
          "min" : 0,
          "max" : 0,
          "mean" : 0.000000,
          "stddev" : 0.000000,
          "N" : 0
        },
        "bw_min" : 0,
        "bw_max" : 0,
        "bw_agg" : 0.000000,
        "bw_mean" : 0.000000,
        "bw_dev" : 0.000000,
        "bw_samples" : 0,
        "iops_min" : 0,
        "iops_max" : 0,
        "iops_mean" : 0.000000,
        "iops_stddev" : 0.000000,
        "iops_samples" : 0
      },
      "sync" : {
        "total_ios" : 0,
        "lat_ns" : {
          "min" : 0,
          "max" : 0,
          "mean" : 0.000000,
          "stddev" : 0.000000,
          "N" : 0
        }
      },
      "job_runtime" : 554991,
      "usr_cpu" : 100.000541,
      "sys_cpu" : 0.000000,
      "ctx" : 142,
      "majf" : 0,
      "minf" : 0,
      "iodepth_level" : {
        "1" : 100.000000,
        "2" : 0.000000,
        "4" : 0.000000,
        "8" : 0.000000,
        "16" : 0.000000,
        "32" : 0.000000,
        ">=64" : 0.000000
      },
      "iodepth_submit" : {
        "0" : 0.000000,
        "4" : 100.000000,
        "8" : 0.000000,
        "16" : 0.000000,
        "32" : 0.000000,
        "64" : 0.000000,
        ">=64" : 0.000000
      },
      "iodepth_complete" : {
        "0" : 0.000000,
        "4" : 100.000000,
        "8" : 0.000000,
        "16" : 0.000000,
        "32" : 0.000000,
        "64" : 0.000000,
        ">=64" : 0.000000
      },
      "latency_ns" : {
        "2" : 0.000000,
        "4" : 0.000000,
        "10" : 0.000000,
        "20" : 0.000000,
        "50" : 0.000000,
        "100" : 0.000000,
        "250" : 0.000000,
        "500" : 0.000000,
        "750" : 0.000000,
        "1000" : 0.000000
      },
      "latency_us" : {
        "2" : 0.010000,
        "4" : 0.000000,
        "10" : 0.000000,
        "20" : 0.000000,
        "50" : 86.795118,
        "100" : 10.299710,
        "250" : 2.718443,
        "500" : 0.126382,
        "750" : 0.012212,
        "1000" : 0.010000
      },
      "latency_ms" : {
        "2" : 0.017237,
        "4" : 0.024865,
        "10" : 0.010000,
        "20" : 0.000000,
        "50" : 0.000000,
        "100" : 0.000000,
        "250" : 0.000000,
        "500" : 0.000000,
        "750" : 0.000000,
        "1000" : 0.000000,
        "2000" : 0.000000,
        ">=2000" : 0.000000
      },
      "latency_depth" : 1,
      "latency_target" : 0,
      "latency_percentile" : 100.000000,
      "latency_window" : 0
    },
    {
      "jobname" : "read",
      "groupid" : 1,
      "error" : 0,
      "eta" : 0,
      "elapsed" : 616,
      "job options" : {
        "iodepth" : "128",
        "rw" : "randread",
        "bs" : "8K",
        "runtime" : "1m",
        "offset" : "300z",
        "size" : "604z"
      },
      "read" : {
        "io_bytes" : 144682041344,
        "io_kbytes" : 141291056,
        "bw_bytes" : 2411327166,
        "bw" : 2354811,
        "iops" : 294351.460809,
        "runtime" : 60001,
        "total_ios" : 17661382,
        "short_ios" : 0,
        "drop_ios" : 0,
        "slat_ns" : {
          "min" : 0,
          "max" : 0,
          "mean" : 0.000000,
          "stddev" : 0.000000,
          "N" : 0
        },
        "clat_ns" : {
          "min" : 92378,
          "max" : 3605735,
          "mean" : 433919.961876,
          "stddev" : 166436.758017,
          "N" : 17661382,