{
  "fio version" : "fio-3.35",
  "timestamp" : 1696873246,
  "timestamp_ms" : 1696873246207,
  "time" : "Mon Oct  9 17:40:46 2023",
  "global options" : {
    "name" : "bw",
    "ioengine" : "io_uring_cmd",
    "bs" : "64K",
    "zonemode" : "zbd",
    "thread" : "1",
    "numjobs" : "1",
    "lat_percentiles" : "1",
    "iodepth" : "1",
    "filename" : "/dev/ng0n2",
    "sqthread_poll" : "1"
  },
  "jobs" : [
    {
      "jobname" : "fill",
      "groupid" : 0,
      "error" : 0,
      "eta" : 0,
      "elapsed" : 617,
      "job options" : {
        "rw" : "write",
        "offset" : "300z",
        "size" : "604z"
      },
      "read" : {
        "io_bytes" : 0,
        "io_kbytes" : 0,
        "bw_bytes" : 0,
        "bw" : 0,
        "iops" : 0.000000,
        "runtime" : 0,
        "total_ios" : 0,
        "short_ios" : 0,
        "drop_ios" : 0,
        "slat_ns" : {
          "min" : 0,
          "max" : 0,
          "mean" : 0.000000,
          "stddev" : 0.000000,
          "N" : 0
        },
        "clat_ns" : {
          "min" : 0,
          "max" : 0,
          "mean" : 0.000000,
          "stddev" : 0.000000,
          "N" : 0
        },
        "lat_ns" : {
          "min" : 0,
          "max" : 0,
          "mean" : 0.000000,
          "stddev" : 0.000000,
          "N" : 0
        },
        "bw_min" : 0,
        "bw_max" : 0,
        "bw_agg" : 0.000000,
        "bw_mean" : 0.000000,
        "bw_dev" : 0.000000,
        "bw_samples" : 0,
        "iops_min" : 0,
        "iops_max" : 0,
        "iops_mean" : 0.000000,
        "iops_stddev" : 0.000000,
        "iops_samples" : 0
      },
      "finish" : {
        "total_zone_resets" : 0,
        "io_bytes" : 682107076608,
        "io_kbytes" : 666120192,
        "bw_bytes" : 1226917209,
        "bw" : 1198161,
        "iops" : 18721.270901,
        "runtime" : 555952,
        "total_ios" : 10408128,
        "short_ios" : 0,
        "drop_ios" : 0,
        "slat_ns" : {
          "min" : 0,
          "max" : 0,
          "mean" : 0.000000,
          "stddev" : 0.000000,
          "N" : 0
        },
        "clat_ns" : {
          "min" : 544,
          "max" : 7275940,
          "mean" : 50766.636136,
          "stddev" : 45547.490107,
          "N" : 10408128,
          "percentile" : {
            "1.000000" : 44288,
            "5.000000" : 44800,
            "10.000000" : 44800,
            "20.000000" : 45312,
            "30.000000" : 45312,
            "40.000000" : 45312,
            "50.000000" : 45824,
            "60.000000" : 45824,
            "70.000000" : 46848,
            "80.000000" : 48384,
            "90.000000" : 51968,
            "95.000000" : 70144,
            "99.000000" : 142336,
            "99.500000" : 171008,
            "99.900000" : 268288,
            "99.950000" : 667648,
            "99.990000" : 2441216
          }
        },
        "lat_ns" : {
          "min" : 44912,
          "max" : 7278195,
          "mean" : 52644.669755,
          "stddev" : 45550.088177,
          "N" : 10408128,
          "percentile" : {
            "1.000000" : 45824,
            "5.000000" : 46336,
            "10.000000" : 46848,
            "20.000000" : 46848,
            "30.000000" : 47360,
            "40.000000" : 47360,
            "50.000000" : 47872,
            "60.000000" : 47872,
            "70.000000" : 48384,
            "80.000000" : 49920,
            "90.000000" : 53504,
            "95.000000" : 72192,
            "99.000000" : 144384,
            "99.500000" : 173056,
            "99.900000" : 272384,
            "99.950000" : 667648,
            "99.990000" : 2441216
          }
        },
        "bw_min" : 1163264,
        "bw_max" : 1218432,
        "bw_agg" : 100.000000,
        "bw_mean" : 1198638.306031,
        "bw_dev" : 7720.292595,
        "bw_samples" : 1111,
        "iops_min" : 18176,
        "iops_max" : 19038,
        "iops_mean" : 18728.624662,
        "iops_stddev" : 120.597426,
        "iops_samples" : 1111
      },
      "ZNS Reset" : {
        "total_zone_resets" : 0,
        "io_bytes" : 0,
        "io_kbytes" : 0,
        "bw_bytes" : 0,
        "bw" : 0,
        "iops" : 0.000000,
        "runtime" : 0,
        "total_ios" : 0,
        "short_ios" : 0,
        "drop_ios" : 0,
        "slat_ns" : {
          "min" : 0,
          "max" : 0,
          "mean" : 0.000000,
          "stddev" : 0.000000,
          "N" : 0
        },
        "clat_ns" : {
          "min" : 0,
          "max" : 0,
          "mean" : 0.000000,
          "stddev" : 0.000000,
          "N" : 0
        },
        "lat_ns" : {
          "min" : 0,
          "max" : 0,
          "mean" : 0.000000,
          "stddev" : 0.000000,
          "N" : 0
        },
        "bw_min" : 0,
        "bw_max" : 0,
        "bw_agg" : 0.000000,
        "bw_mean" : 0.000000,
        "bw_dev" : 0.000000,
        "bw_samples" : 0,
        "iops_min" : 0,
        "iops_max" : 0,
        "iops_mean" : 0.000000,
        "iops_stddev" : 0.000000,
        "iops_samples" : 0
      },
      "sync" : {
        "total_ios" : 0,
        "lat_ns" : {
          "min" : 0,
          "max" : 0,
          "mean" : 0.000000,
          "stddev" : 0.000000,
          "N" : 0
        }
      },
      "job_runtime" : 555951,
      "usr_cpu" : 99.996403,
      "sys_cpu" : 0.000719,
      "ctx" : 1986,
      "majf" : 0,
      "minf" : 0,
      "iodepth_level" : {
        "1" : 100.000000,
        "2" : 0.000000,
        "4" : 0.000000,
        "8" : 0.000000,
        "16" : 0.000000,
        "32" : 0.000000,
        ">=64" : 0.000000
      },
      "iodepth_submit" : {
        "0" : 0.000000,
        "4" : 100.000000,
        "8" : 0.000000,
        "16" : 0.000000,
        "32" : 0.000000,
        "64" : 0.000000,
        ">=64" : 0.000000
      },
      "iodepth_complete" : {
        "0" : 0.000000,
        "4" : 100.000000,
        "8" : 0.000000,
        "16" : 0.000000,
        "32" : 0.000000,
        "64" : 0.000000,
        ">=64" : 0.000000
      },
      "latency_ns" : {
        "2" : 0.000000,
        "4" : 0.000000,
        "10" : 0.000000,
        "20" : 0.000000,
        "50" : 0.000000,
        "100" : 0.000000,
        "250" : 0.000000,
        "500" : 0.000000,
        "750" : 0.010000,
        "1000" : 0.000000
      },
      "latency_us" : {
        "2" : 0.000000,
        "4" : 0.000000,
        "10" : 0.000000,
        "20" : 0.000000,
        "50" : 85.907178,
        "100" : 11.956406,
        "250" : 2.005971,
        "500" : 0.071319,
        "750" : 0.012048,
        "1000" : 0.010000
      },
      "latency_ms" : {
        "2" : 0.016804,
        "4" : 0.023981,
        "10" : 0.010000,
        "20" : 0.000000,
        "50" : 0.000000,
        "100" : 0.000000,
        "250" : 0.000000,
        "500" : 0.000000,
        "750" : 0.000000,
        "1000" : 0.000000,
        "2000" : 0.000000,
        ">=2000" : 0.000000
      },
      "latency_depth" : 1,
      "latency_target" : 0,
      "latency_percentile" : 100.000000,
      "latency_window" : 0
    },
    {
      "jobname" : "read",
      "groupid" : 1,
      "error" : 0,
      "eta" : 0,
      "elapsed" : 617,
      "job options" : {
        "iodepth" : "1",
        "rw" : "randread",
        "bs" : "8K",
        "runtime" : "1m",
        "offset" : "300z",
        "size" : "604z"
      },
      "read" : {
        "io_bytes" : 5561106432,
        "io_kbytes" : 5430768,
        "bw_bytes" : 92683562,
        "bw" : 90511,
        "iops" : 11313.911435,
        "runtime" : 60001,
        "total_ios" : 678846,
        "short_ios" : 0,
        "drop_ios" : 0,
        "slat_ns" : {
          "min" : 0,
          "max" : 0,
          "mean" : 0.000000,
          "stddev" : 0.000000,
          "N" : 0
        },
        "clat_ns" : {
          "min" : 35562,
          "max" : 1262775,
          "mean" : 87364.626518,
          "stddev" : 7604.683889,
          "N" : 678846,