{
  "fio version" : "fio-3.35",
  "timestamp" : 1696878563,
  "timestamp_ms" : 1696878563474,
  "time" : "Mon Oct  9 19:09:23 2023",
  "global options" : {
    "name" : "bw",
    "ioengine" : "io_uring_cmd",
    "bs" : "64K",
    "zonemode" : "zbd",
    "thread" : "1",
    "numjobs" : "1",
    "lat_percentiles" : "1",
    "iodepth" : "1",
    "filename" : "/dev/ng0n2",
    "sqthread_poll" : "1"
  },
  "jobs" : [
    {
      "jobname" : "fill",
      "groupid" : 0,
      "error" : 0,
      "eta" : 0,
      "elapsed" : 617,
      "job options" : {
        "rw" : "write",
        "offset" : "300z",
        "size" : "604z"
      },
      "read" : {
        "io_bytes" : 0,
        "io_kbytes" : 0,
        "bw_bytes" : 0,
        "bw" : 0,
        "iops" : 0.000000,
        "runtime" : 0,
        "total_ios" : 0,
        "short_ios" : 0,
        "drop_ios" : 0,
        "slat_ns" : {
          "min" : 0,
          "max" : 0,
          "mean" : 0.000000,
          "stddev" : 0.000000,
          "N" : 0
        },
        "clat_ns" : {
          "min" : 0,
          "max" : 0,
          "mean" : 0.000000,
          "stddev" : 0.000000,
          "N" : 0
        },
        "lat_ns" : {
          "min" : 0,
          "max" : 0,
          "mean" : 0.000000,
          "stddev" : 0.000000,
          "N" : 0
        },
        "bw_min" : 0,
        "bw_max" : 0,
        "bw_agg" : 0.000000,
        "bw_mean" : 0.000000,
        "bw_dev" : 0.000000,
        "bw_samples" : 0,
        "iops_min" : 0,
        "iops_max" : 0,
        "iops_mean" : 0.000000,
        "iops_stddev" : 0.000000,
        "iops_samples" : 0
      },
      "finish" : {
        "total_zone_resets" : 0,
        "io_bytes" : 682107076608,
        "io_kbytes" : 666120192,
        "bw_bytes" : 1227292493,
        "bw" : 1198527,
        "iops" : 18726.997276,
        "runtime" : 555782,
        "total_ios" : 10408128,
        "short_ios" : 0,
        "drop_ios" : 0,
        "slat_ns" : {
          "min" : 0,
          "max" : 0,
          "mean" : 0.000000,
          "stddev" : 0.000000,
          "N" : 0
        },
        "clat_ns" : {
          "min" : 33353,
          "max" : 20180558,
          "mean" : 51376.179081,
          "stddev" : 46071.095953,
          "N" : 10408128,
          "percentile" : {
            "1.000000" : 44800,
            "5.000000" : 45312,
            "10.000000" : 45312,
            "20.000000" : 45824,
            "30.000000" : 45824,
            "40.000000" : 45824,
            "50.000000" : 46336,
            "60.000000" : 46336,
            "70.000000" : 47360,
            "80.000000" : 48896,
            "90.000000" : 52480,
            "95.000000" : 71168,
            "99.000000" : 144384,
            "99.500000" : 171008,
            "99.900000" : 268288,
            "99.950000" : 634880,
            "99.990000" : 2441216
          }
        },
        "lat_ns" : {
          "min" : 45208,
          "max" : 20181828,
          "mean" : 52700.006001,
          "stddev" : 46071.710836,
          "N" : 10408128,
          "percentile" : {
            "1.000000" : 46336,
            "5.000000" : 46336,
            "10.000000" : 46848,
            "20.000000" : 46848,
            "30.000000" : 47360,
            "40.000000" : 47360,
            "50.000000" : 47360,
            "60.000000" : 47872,
            "70.000000" : 48384,
            "80.000000" : 49920,
            "90.000000" : 53504,
            "95.000000" : 72192,
            "99.000000" : 144384,
            "99.500000" : 173056,
            "99.900000" : 268288,
            "99.950000" : 634880,
            "99.990000" : 2441216
          }
        },
        "bw_min" : 1145600,
        "bw_max" : 1218560,
        "bw_agg" : 100.000000,
        "bw_mean" : 1199000.531953,
        "bw_dev" : 8199.684349,
        "bw_samples" : 1111,
        "iops_min" : 17900,
        "iops_max" : 19040,
        "iops_mean" : 18734.288929,
        "iops_stddev" : 128.094223,
        "iops_samples" : 1111
      },
      "ZNS Reset" : {
        "total_zone_resets" : 0,
        "io_bytes" : 0,
        "io_kbytes" : 0,
        "bw_bytes" : 0,
        "bw" : 0,
        "iops" : 0.000000,
        "runtime" : 0,
        "total_ios" : 0,
        "short_ios" : 0,
        "drop_ios" : 0,
        "slat_ns" : {
          "min" : 0,
          "max" : 0,
          "mean" : 0.000000,
          "stddev" : 0.000000,
          "N" : 0
        },
        "clat_ns" : {
          "min" : 0,
          "max" : 0,
          "mean" : 0.000000,
          "stddev" : 0.000000,
          "N" : 0
        },
        "lat_ns" : {
          "min" : 0,
          "max" : 0,
          "mean" : 0.000000,
          "stddev" : 0.000000,
          "N" : 0
        },
        "bw_min" : 0,
        "bw_max" : 0,
        "bw_agg" : 0.000000,
        "bw_mean" : 0.000000,
        "bw_dev" : 0.000000,
        "bw_samples" : 0,
        "iops_min" : 0,
        "iops_max" : 0,
        "iops_mean" : 0.000000,
        "iops_stddev" : 0.000000,
        "iops_samples" : 0
      },
      "sync" : {
        "total_ios" : 0,
        "lat_ns" : {
          "min" : 0,
          "max" : 0,
          "mean" : 0.000000,
          "stddev" : 0.000000,
          "N" : 0
        }
      },
      "job_runtime" : 555781,
      "usr_cpu" : 100.000360,
      "sys_cpu" : 0.000000,
      "ctx" : 142,
      "majf" : 0,
      "minf" : 0,
      "iodepth_level" : {
        "1" : 100.000000,
        "2" : 0.000000,
        "4" : 0.000000,
        "8" : 0.000000,
        "16" : 0.000000,
        "32" : 0.000000,
        ">=64" : 0.000000
      },
      "iodepth_submit" : {
        "0" : 0.000000,
        "4" : 100.000000,
        "8" : 0.000000,
        "16" : 0.000000,
        "32" : 0.000000,
        "64" : 0.000000,
        ">=64" : 0.000000
      },
      "iodepth_complete" : {
        "0" : 0.000000,
        "4" : 100.000000,
        "8" : 0.000000,
        "16" : 0.000000,
        "32" : 0.000000,
        "64" : 0.000000,
        ">=64" : 0.000000
      },
      "latency_ns" : {
        "2" : 0.000000,
        "4" : 0.000000,
        "10" : 0.000000,
        "20" : 0.000000,
        "50" : 0.000000,
        "100" : 0.000000,
        "250" : 0.000000,
        "500" : 0.000000,
        "750" : 0.000000,
        "1000" : 0.000000
      },
      "latency_us" : {
        "2" : 0.000000,
        "4" : 0.000000,
        "10" : 0.000000,
        "20" : 0.000000,
        "50" : 83.845769,
        "100" : 13.938799,
        "250" : 2.086091,
        "500" : 0.072280,
        "750" : 0.011443,
        "1000" : 0.010000
      },
      "latency_ms" : {
        "2" : 0.016036,
        "4" : 0.023751,
        "10" : 0.010000,
        "20" : 0.010000,
        "50" : 0.010000,
        "100" : 0.000000,
        "250" : 0.000000,
        "500" : 0.000000,
        "750" : 0.000000,
        "1000" : 0.000000,
        "2000" : 0.000000,
        ">=2000" : 0.000000
      },
      "latency_depth" : 1,
      "latency_target" : 0,
      "latency_percentile" : 100.000000,
      "latency_window" : 0
    },
    {
      "jobname" : "read",
      "groupid" : 1,
      "error" : 0,
      "eta" : 0,
      "elapsed" : 617,
      "job options" : {
        "iodepth" : "2",
        "rw" : "randread",
        "bs" : "8K",
        "runtime" : "1m",
        "offset" : "300z",
        "size" : "604z"
      },
      "read" : {
        "io_bytes" : 10936008704,
        "io_kbytes" : 10679696,
        "bw_bytes" : 182263774,
        "bw" : 177991,
        "iops" : 22248.995850,
        "runtime" : 60001,
        "total_ios" : 1334962,
        "short_ios" : 0,
        "drop_ios" : 0,
        "slat_ns" : {
          "min" : 0,
          "max" : 0,
          "mean" : 0.000000,
          "stddev" : 0.000000,
          "N" : 0
        },
        "clat_ns" : {
          "min" : 36112,
          "max" : 1095268,
          "mean" : 88924.246635,
          "stddev" : 9341.725847,
          "N" : 1334962,