{
  "fio version" : "fio-3.35",
  "timestamp" : 1696516345,
  "timestamp_ms" : 1696516345121,
  "time" : "Thu Oct  5 14:32:25 2023",
  "global options" : {
    "name" : "bw",
    "ioengine" : "io_uring_cmd",
    "bs" : "8K",
    "zonemode" : "zbd",
    "thread" : "1",
    "lat_percentiles" : "1",
    "iodepth" : "1",
    "size" : "804z",
    "offset_increment" : "804z",
    "runtime" : "1m",
    "filename" : "/dev/ng0n2",
    "sqthread_poll" : "1"
  },
  "jobs" : [
    {
      "jobname" : "write",
      "groupid" : 0,
      "error" : 0,
      "eta" : 0,
      "elapsed" : 61,
      "job options" : {
        "numjobs" : "1",
        "rw" : "write"
      },
      "read" : {
        "io_bytes" : 0,
        "io_kbytes" : 0,
        "bw_bytes" : 0,
        "bw" : 0,
        "iops" : 0.000000,
        "runtime" : 0,
        "total_ios" : 0,
        "short_ios" : 0,
        "drop_ios" : 0,
        "slat_ns" : {
          "min" : 0,
          "max" : 0,
          "mean" : 0.000000,
          "stddev" : 0.000000,
          "N" : 0
        },
        "clat_ns" : {
          "min" : 0,
          "max" : 0,
          "mean" : 0.000000,
          "stddev" : 0.000000,
          "N" : 0
        },
        "lat_ns" : {
          "min" : 0,
          "max" : 0,
          "mean" : 0.000000,
          "stddev" : 0.000000,
          "N" : 0
        },
        "bw_min" : 0,
        "bw_max" : 0,
        "bw_agg" : 0.000000,
        "bw_mean" : 0.000000,
        "bw_dev" : 0.000000,
        "bw_samples" : 0,
        "iops_min" : 0,
        "iops_max" : 0,
        "iops_mean" : 0.000000,
        "iops_stddev" : 0.000000,
        "iops_samples" : 0
      },
      "write" : {
        "io_bytes" : 31513436160,
        "io_kbytes" : 30774840,
        "bw_bytes" : 525215182,
        "bw" : 512905,
        "iops" : 64113.181447,
        "runtime" : 60001,
        "total_ios" : 3846855,
        "short_ios" : 0,
        "drop_ios" : 0,
        "slat_ns" : {
          "min" : 0,
          "max" : 0,
          "mean" : 0.000000,
          "stddev" : 0.000000,
          "N" : 0
        },
        "clat_ns" : {
          "min" : 221,
          "max" : 1008574,
          "mean" : 14779.770561,
          "stddev" : 1612.174257,
          "N" : 3846855,
          "percentile" : {
            "1.000000" : 14016,
            "5.000000" : 14144,
            "10.000000" : 14272,
            "20.000000" : 14400,
            "30.000000" : 14528,
            "40.000000" : 14528,
            "50.000000" : 14656,
            "60.000000" : 14784,
            "70.000000" : 14784,
            "80.000000" : 14912,
            "90.000000" : 15040,
            "95.000000" : 15936,
            "99.000000" : 17536,
            "99.500000" : 19072,
            "99.900000" : 28800,
            "99.950000" : 38656,
            "99.990000" : 52480
          }
        },
        "lat_ns" : {
          "min" : 14086,
          "max" : 1008798,
          "mean" : 15021.348929,
          "stddev" : 1615.541833,
          "N" : 3846855,
          "percentile" : {
            "1.000000" : 14272,
            "5.000000" : 14400,
            "10.000000" : 14528,
            "20.000000" : 14656,
            "30.000000" : 14656,
            "40.000000" : 14784,
            "50.000000" : 14912,
            "60.000000" : 14912,
            "70.000000" : 15040,
            "80.000000" : 15168,
            "90.000000" : 15296,
            "95.000000" : 16192,
            "99.000000" : 17792,
            "99.500000" : 19328,
            "99.900000" : 29056,
            "99.950000" : 38656,
            "99.990000" : 52992
          }
        },
        "bw_min" : 507248,
        "bw_max" : 515600,
        "bw_agg" : 100.000000,
        "bw_mean" : 513261.042017,
        "bw_dev" : 1940.886358,
        "bw_samples" : 119,
        "iops_min" : 63406,
        "iops_max" : 64450,
        "iops_mean" : 64157.663866,
        "iops_stddev" : 242.590444,
        "iops_samples" : 119
      },
      "ZNS finish" : {
        "total_zone_resets" : 0,
        "io_bytes" : 0,
        "io_kbytes" : 0,
        "bw_bytes" : 0,
        "bw" : 0,
        "iops" : 0.000000,
        "runtime" : 0,
        "total_ios" : 0,
        "short_ios" : 0,
        "drop_ios" : 0,
        "slat_ns" : {
          "min" : 0,
          "max" : 0,
          "mean" : 0.000000,
          "stddev" : 0.000000,
          "N" : 0
        },
        "clat_ns" : {
          "min" : 0,
          "max" : 0,
          "mean" : 0.000000,
          "stddev" : 0.000000,
          "N" : 0
        },
        "lat_ns" : {
          "min" : 0,
          "max" : 0,
          "mean" : 0.000000,
          "stddev" : 0.000000,
          "N" : 0
        },
        "bw_min" : 0,
        "bw_max" : 0,
        "bw_agg" : 0.000000,
        "bw_mean" : 0.000000,
        "bw_dev" : 0.000000,
        "bw_samples" : 0,
        "iops_min" : 0,
        "iops_max" : 0,
        "iops_mean" : 0.000000,
        "iops_stddev" : 0.000000,
        "iops_samples" : 0
      },
      "sync" : {
        "total_ios" : 0,
        "lat_ns" : {
          "min" : 0,
          "max" : 0,
          "mean" : 0.000000,
          "stddev" : 0.000000,
          "N" : 0
        }
      },
      "job_runtime" : 60000,
      "usr_cpu" : 99.996667,
      "sys_cpu" : 0.000000,
      "ctx" : 56,
      "majf" : 0,
      "minf" : 0,
      "iodepth_level" : {
        "1" : 100.000000,
        "2" : 0.000000,
        "4" : 0.000000,
        "8" : 0.000000,
        "16" : 0.000000,
        "32" : 0.000000,
        ">=64" : 0.000000
      },
      "iodepth_submit" : {
        "0" : 0.000000,
        "4" : 100.000000,
        "8" : 0.000000,
        "16" : 0.000000,
        "32" : 0.000000,
        "64" : 0.000000,
        ">=64" : 0.000000
      },
      "iodepth_complete" : {
        "0" : 0.000000,
        "4" : 100.000000,
        "8" : 0.000000,
        "16" : 0.000000,
        "32" : 0.000000,
        "64" : 0.000000,
        ">=64" : 0.000000
      },
      "latency_ns" : {
        "2" : 0.000000,
        "4" : 0.000000,
        "10" : 0.000000,
        "20" : 0.000000,
        "50" : 0.000000,
        "100" : 0.000000,
        "250" : 0.010000,
        "500" : 0.000000,
        "750" : 0.000000,
        "1000" : 0.000000
      },
      "latency_us" : {
        "2" : 0.000000,
        "4" : 0.000000,
        "10" : 0.010000,
        "20" : 99.622601,
        "50" : 0.359748,
        "100" : 0.017001,
        "250" : 0.010000,
        "500" : 0.010000,
        "750" : 0.010000,
        "1000" : 0.000000
      },
      "latency_ms" : {
        "2" : 0.010000,
        "4" : 0.000000,
        "10" : 0.000000,
        "20" : 0.000000,
        "50" : 0.000000,
        "100" : 0.000000,
        "250" : 0.000000,
        "500" : 0.000000,
        "750" : 0.000000,
        "1000" : 0.000000,
        "2000" : 0.000000,
        ">=2000" : 0.000000
      },
      "latency_depth" : 1,
      "latency_target" : 0,
      "latency_percentile" : 100.000000,
      "latency_window" : 0
    }
  ]
}
