{
  "fio version" : "fio-3.35",
  "timestamp" : 1696516963,
  "timestamp_ms" : 1696516963149,
  "time" : "Thu Oct  5 14:42:43 2023",
  "global options" : {
    "name" : "bw",
    "ioengine" : "io_uring_cmd",
    "bs" : "8K",
    "zonemode" : "zbd",
    "thread" : "1",
    "lat_percentiles" : "1",
    "iodepth" : "1",
    "size" : "804z",
    "offset_increment" : "804z",
    "runtime" : "1m",
    "filename" : "/dev/ng0n2",
    "sqthread_poll" : "1"
  },
  "jobs" : [
    {
      "jobname" : "write",
      "groupid" : 0,
      "error" : 0,
      "eta" : 0,
      "elapsed" : 61,
      "job options" : {
        "numjobs" : "1",
        "rw" : "write"
      },
      "read" : {
        "io_bytes" : 0,
        "io_kbytes" : 0,
        "bw_bytes" : 0,
        "bw" : 0,
        "iops" : 0.000000,
        "runtime" : 0,
        "total_ios" : 0,
        "short_ios" : 0,
        "drop_ios" : 0,
        "slat_ns" : {
          "min" : 0,
          "max" : 0,
          "mean" : 0.000000,
          "stddev" : 0.000000,
          "N" : 0
        },
        "clat_ns" : {
          "min" : 0,
          "max" : 0,
          "mean" : 0.000000,
          "stddev" : 0.000000,
          "N" : 0
        },
        "lat_ns" : {
          "min" : 0,
          "max" : 0,
          "mean" : 0.000000,
          "stddev" : 0.000000,
          "N" : 0
        },
        "bw_min" : 0,
        "bw_max" : 0,
        "bw_agg" : 0.000000,
        "bw_mean" : 0.000000,
        "bw_dev" : 0.000000,
        "bw_samples" : 0,
        "iops_min" : 0,
        "iops_max" : 0,
        "iops_mean" : 0.000000,
        "iops_stddev" : 0.000000,
        "iops_samples" : 0
      },
      "write" : {
        "io_bytes" : 33072766976,
        "io_kbytes" : 32297624,
        "bw_bytes" : 551203596,
        "bw" : 538284,
        "iops" : 67285.595240,
        "runtime" : 60001,
        "total_ios" : 4037203,
        "short_ios" : 0,
        "drop_ios" : 0,
        "slat_ns" : {
          "min" : 0,
          "max" : 0,
          "mean" : 0.000000,
          "stddev" : 0.000000,
          "N" : 0
        },
        "clat_ns" : {
          "min" : 11741,
          "max" : 4862246,
          "mean" : 13990.740289,
          "stddev" : 4790.526823,
          "N" : 4037203,
          "percentile" : {
            "1.000000" : 13376,
            "5.000000" : 13504,
            "10.000000" : 13504,
            "20.000000" : 13632,
            "30.000000" : 13632,
            "40.000000" : 13760,
            "50.000000" : 13760,
            "60.000000" : 13888,
            "70.000000" : 13888,
            "80.000000" : 14016,
            "90.000000" : 14400,
            "95.000000" : 15168,
            "99.000000" : 17024,
            "99.500000" : 18304,
            "99.900000" : 30592,
            "99.950000" : 39680,
            "99.990000" : 52992
          }
        },
        "lat_ns" : {
          "min" : 13369,
          "max" : 4862575,
          "mean" : 14286.337153,
          "stddev" : 4853.327401,
          "N" : 4037203,
          "percentile" : {
            "1.000000" : 13632,
            "5.000000" : 13760,
            "10.000000" : 13760,
            "20.000000" : 13888,
            "30.000000" : 14016,
            "40.000000" : 14016,
            "50.000000" : 14144,
            "60.000000" : 14144,
            "70.000000" : 14272,
            "80.000000" : 14400,
            "90.000000" : 14656,
            "95.000000" : 15552,
            "99.000000" : 17280,
            "99.500000" : 18816,
            "99.900000" : 30848,
            "99.950000" : 40192,
            "99.990000" : 52992
          }
        },
        "bw_min" : 529648,
        "bw_max" : 541472,
        "bw_agg" : 100.000000,
        "bw_mean" : 538684.436975,
        "bw_dev" : 2722.186698,
        "bw_samples" : 119,
        "iops_min" : 66206,
        "iops_max" : 67684,
        "iops_mean" : 67335.571429,
        "iops_stddev" : 340.254381,
        "iops_samples" : 119
      },
      "ZNS finish" : {
        "total_zone_resets" : 0,
        "io_bytes" : 0,
        "io_kbytes" : 0,
        "bw_bytes" : 0,
        "bw" : 0,
        "iops" : 0.000000,
        "runtime" : 0,
        "total_ios" : 0,
        "short_ios" : 0,
        "drop_ios" : 0,
        "slat_ns" : {
          "min" : 0,
          "max" : 0,
          "mean" : 0.000000,
          "stddev" : 0.000000,
          "N" : 0
        },
        "clat_ns" : {
          "min" : 0,
          "max" : 0,
          "mean" : 0.000000,
          "stddev" : 0.000000,
          "N" : 0
        },
        "lat_ns" : {
          "min" : 0,
          "max" : 0,
          "mean" : 0.000000,
          "stddev" : 0.000000,
          "N" : 0
        },
        "bw_min" : 0,
        "bw_max" : 0,
        "bw_agg" : 0.000000,
        "bw_mean" : 0.000000,
        "bw_dev" : 0.000000,
        "bw_samples" : 0,
        "iops_min" : 0,
        "iops_max" : 0,
        "iops_mean" : 0.000000,
        "iops_stddev" : 0.000000,
        "iops_samples" : 0
      },
      "sync" : {
        "total_ios" : 0,
        "lat_ns" : {
          "min" : 0,
          "max" : 0,
          "mean" : 0.000000,
          "stddev" : 0.000000,
          "N" : 0
        }
      },
      "job_runtime" : 60000,
      "usr_cpu" : 99.998333,
      "sys_cpu" : 0.000000,
      "ctx" : 42,
      "majf" : 0,
      "minf" : 0,
      "iodepth_level" : {
        "1" : 100.000000,
        "2" : 0.000000,
        "4" : 0.000000,
        "8" : 0.000000,
        "16" : 0.000000,
        "32" : 0.000000,
        ">=64" : 0.000000
      },
      "iodepth_submit" : {
        "0" : 0.000000,
        "4" : 100.000000,
        "8" : 0.000000,
        "16" : 0.000000,
        "32" : 0.000000,
        "64" : 0.000000,
        ">=64" : 0.000000
      },
      "iodepth_complete" : {
        "0" : 0.000000,
        "4" : 100.000000,
        "8" : 0.000000,
        "16" : 0.000000,
        "32" : 0.000000,
        "64" : 0.000000,
        ">=64" : 0.000000
      },
      "latency_ns" : {
        "2" : 0.000000,
        "4" : 0.000000,
        "10" : 0.000000,
        "20" : 0.000000,
        "50" : 0.000000,
        "100" : 0.000000,
        "250" : 0.000000,
        "500" : 0.000000,
        "750" : 0.000000,
        "1000" : 0.000000
      },
      "latency_us" : {
        "2" : 0.000000,
        "4" : 0.000000,
        "10" : 0.000000,
        "20" : 99.664223,
        "50" : 0.319231,
        "100" : 0.015753,
        "250" : 0.010000,
        "500" : 0.010000,
        "750" : 0.010000,
        "1000" : 0.010000
      },
      "latency_ms" : {
        "2" : 0.010000,
        "4" : 0.010000,
        "10" : 0.010000,
        "20" : 0.000000,
        "50" : 0.000000,
        "100" : 0.000000,
        "250" : 0.000000,
        "500" : 0.000000,
        "750" : 0.000000,
        "1000" : 0.000000,
        "2000" : 0.000000,
        ">=2000" : 0.000000
      },
      "latency_depth" : 1,
      "latency_target" : 0,
      "latency_percentile" : 100.000000,
      "latency_window" : 0
    }
  ]
}
