{
  "fio version" : "fio-3.35",
  "timestamp" : 1715613288,
  "timestamp_ms" : 1715613288260,
  "time" : "Mon May 13 15:14:48 2024",
  "global options" : {
    "zonemode" : "zbd",
    "ioengine" : "io_uring_cmd",
    "direct" : "0",
    "sqthread_poll" : "1",
    "filename" : "/dev/ng0n1"
  },
  "jobs" : [
    {
      "jobname" : "fill",
      "groupid" : 0,
      "error" : 0,
      "eta" : 0,
      "elapsed" : 950,
      "job options" : {
        "name" : "fill",
        "rw" : "write",
        "size" : "8z",
        "bs" : "8k",
        "numjobs" : "6",
        "lat_percentiles" : "1",
        "thread" : "1",
        "offset_increment" : "8z",
        "group_reporting" : "1"
      },
      "read" : {
        "io_bytes" : 0,
        "io_kbytes" : 0,
        "bw_bytes" : 0,
        "bw" : 0,
        "iops" : 0.000000,
        "runtime" : 0,
        "total_ios" : 0,
        "short_ios" : 0,
        "drop_ios" : 0,
        "slat_ns" : {
          "min" : 0,
          "max" : 0,
          "mean" : 0.000000,
          "stddev" : 0.000000,
          "N" : 0
        },
        "clat_ns" : {
          "min" : 0,
          "max" : 0,
          "mean" : 0.000000,
          "stddev" : 0.000000,
          "N" : 0
        },
        "lat_ns" : {
          "min" : 0,
          "max" : 0,
          "mean" : 0.000000,
          "stddev" : 0.000000,
          "N" : 0
        },
        "bw_min" : 0,
        "bw_max" : 0,
        "bw_agg" : 0.000000,
        "bw_mean" : 0.000000,
        "bw_dev" : 0.000000,
        "bw_samples" : 0,
        "iops_min" : 0,
        "iops_max" : 0,
        "iops_mean" : 0.000000,
        "iops_stddev" : 0.000000,
        "iops_samples" : 0
      },
      "write" : {
        "io_bytes" : 54760833024,
        "io_kbytes" : 53477376,
        "bw_bytes" : 57676434,
        "bw" : 56324,
        "iops" : 7040.580379,
        "runtime" : 949449,
        "total_ios" : 6684672,
        "short_ios" : 0,
        "drop_ios" : 0,
        "slat_ns" : {
          "min" : 0,
          "max" : 0,
          "mean" : 0.000000,
          "stddev" : 0.000000,
          "N" : 0
        },
        "clat_ns" : {
          "min" : 453334,
          "max" : 20400522554,
          "mean" : 812064.193710,
          "stddev" : 25684514.932103,
          "N" : 6684672,
          "percentile" : {
            "1.000000" : 481280,
            "5.000000" : 489472,
            "10.000000" : 493568,
            "20.000000" : 497664,
            "30.000000" : 509952,
            "40.000000" : 552960,
            "50.000000" : 634880,
            "60.000000" : 716800,
            "70.000000" : 774144,
            "80.000000" : 880640,
            "90.000000" : 929792,
            "95.000000" : 937984,
            "99.000000" : 962560,
            "99.500000" : 1073152,
            "99.900000" : 1220608,
            "99.950000" : 1236992,
            "99.990000" : 3358720
          }
        },
        "lat_ns" : {
          "min" : 479542,
          "max" : 20400559616,
          "mean" : 812989.315583,
          "stddev" : 25684527.056186,
          "N" : 6684672,
          "percentile" : {
            "1.000000" : 485376,
            "5.000000" : 489472,
            "10.000000" : 493568,
            "20.000000" : 497664,
            "30.000000" : 509952,
            "40.000000" : 552960,
            "50.000000" : 634880,
            "60.000000" : 716800,
            "70.000000" : 774144,
            "80.000000" : 880640,
            "90.000000" : 929792,
            "95.000000" : 937984,
            "99.000000" : 962560,
            "99.500000" : 1073152,
            "99.900000" : 1220608,
            "99.950000" : 1236992,
            "99.990000" : 3358720
          }
        },
        "bw_min" : 240,
        "bw_max" : 72192,
        "bw_agg" : 100.000000,
        "bw_mean" : 69118.427002,
        "bw_dev" : 1837.089837,
        "bw_samples" : 9283,
        "iops_min" : 30,
        "iops_max" : 9023,
        "iops_mean" : 8638.824408,
        "iops_stddev" : 229.613656,
        "iops_samples" : 9283
      },
      "ZNS Reset" : {
        "total_zone_resets" : 48,
        "io_bytes" : 0,
        "io_kbytes" : 0,
        "bw_bytes" : 0,
        "bw" : 0,
        "iops" : 0.000000,
        "runtime" : 0,
        "total_ios" : 0,
        "short_ios" : 0,
        "drop_ios" : 0,
        "slat_ns" : {
          "min" : 0,
          "max" : 0,
          "mean" : 0.000000,
          "stddev" : 0.000000,
          "N" : 0
        },
        "clat_ns" : {
          "min" : 0,
          "max" : 0,
          "mean" : 0.000000,
          "stddev" : 0.000000,
          "N" : 0
        },
        "lat_ns" : {
          "min" : 0,
          "max" : 0,
          "mean" : 0.000000,
          "stddev" : 0.000000,
          "N" : 0
        },
        "bw_min" : 0,
        "bw_max" : 0,
        "bw_agg" : 0.000000,
        "bw_mean" : 0.000000,
        "bw_dev" : 0.000000,
        "bw_samples" : 0,
        "iops_min" : 0,
        "iops_max" : 0,
        "iops_mean" : 0.000000,
        "iops_stddev" : 0.000000,
        "iops_samples" : 0
      },
      "sync" : {
        "total_ios" : 0,
        "lat_ns" : {
          "min" : 0,
          "max" : 0,
          "mean" : 0.000000,
          "stddev" : 0.000000,
          "N" : 0
        }
      },
      "job_runtime" : 5696121,
      "usr_cpu" : 95.486894,
      "sys_cpu" : 0.000966,
      "ctx" : 3060,
      "majf" : 0,
      "minf" : 0,
      "iodepth_level" : {
        "1" : 100.000000,
        "2" : 0.000000,
        "4" : 0.000000,
        "8" : 0.000000,
        "16" : 0.000000,
        "32" : 0.000000,
        ">=64" : 0.000000
      },
      "iodepth_submit" : {
        "0" : 0.000000,
        "4" : 100.000000,
        "8" : 0.000000,
        "16" : 0.000000,
        "32" : 0.000000,
        "64" : 0.000000,
        ">=64" : 0.000000
      },
      "iodepth_complete" : {
        "0" : 0.000000,
        "4" : 100.000000,
        "8" : 0.000000,
        "16" : 0.000000,
        "32" : 0.000000,
        "64" : 0.000000,
        ">=64" : 0.000000
      },
      "latency_ns" : {
        "2" : 0.000000,
        "4" : 0.000000,
        "10" : 0.000000,
        "20" : 0.000000,
        "50" : 0.000000,
        "100" : 0.000000,
        "250" : 0.000000,
        "500" : 0.000000,
        "750" : 0.000000,
        "1000" : 0.000000
      },
      "latency_us" : {
        "2" : 0.000000,
        "4" : 0.000000,
        "10" : 0.000000,
        "20" : 0.000000,
        "50" : 0.000000,
        "100" : 0.000000,
        "250" : 0.000000,
        "500" : 23.141375,
        "750" : 40.010445,
        "1000" : 36.241913
      },
      "latency_ms" : {
        "2" : 0.574688,
        "4" : 0.022828,
        "10" : 0.010000,
        "20" : 0.010000,
        "50" : 0.010000,
        "100" : 0.010000,
        "250" : 0.010000,
        "500" : 0.000000,
        "750" : 0.000000,
        "1000" : 0.000000,
        "2000" : 0.000000,
        ">=2000" : 0.010000
      },
      "latency_depth" : 1,
      "latency_target" : 0,
      "latency_percentile" : 100.000000,
      "latency_window" : 0
    }
  ]
}
