{
  "fio version" : "fio-3.35-118-g4a0c76-dirty",
  "timestamp" : 1710347073,
  "timestamp_ms" : 1710347073069,
  "time" : "Wed Mar 13 16:24:33 2024",
  "global options" : {
    "name" : "bw",
    "ioengine" : "io_uring",
    "direct" : "1",
    "size" : "813z",
    "bs" : "8K",
    "zonemode" : "zbd",
    "thread" : "1",
    "lat_percentiles" : "1",
    "iodepth" : "1",
    "runtime" : "1m",
    "filename" : "/dev/nvme1n2",
    "sqthread_poll" : "1"
  },
  "jobs" : [
    {
      "jobname" : "write",
      "groupid" : 0,
      "error" : 0,
      "eta" : 0,
      "elapsed" : 61,
      "job options" : {
        "numjobs" : "6",
        "rw" : "write"
      },
      "read" : {
        "io_bytes" : 0,
        "io_kbytes" : 0,
        "bw_bytes" : 0,
        "bw" : 0,
        "iops" : 0.000000,
        "runtime" : 0,
        "total_ios" : 0,
        "short_ios" : 0,
        "drop_ios" : 0,
        "slat_ns" : {
          "min" : 0,
          "max" : 0,
          "mean" : 0.000000,
          "stddev" : 0.000000,
          "N" : 0
        },
        "clat_ns" : {
          "min" : 0,
          "max" : 0,
          "mean" : 0.000000,
          "stddev" : 0.000000,
          "N" : 0
        },
        "lat_ns" : {
          "min" : 0,
          "max" : 0,
          "mean" : 0.000000,
          "stddev" : 0.000000,
          "N" : 0
        },
        "bw_min" : 0,
        "bw_max" : 0,
        "bw_agg" : 0.000000,
        "bw_mean" : 0.000000,
        "bw_dev" : 0.000000,
        "bw_samples" : 0,
        "iops_min" : 0,
        "iops_max" : 0,
        "iops_mean" : 0.000000,
        "iops_stddev" : 0.000000,
        "iops_samples" : 0
      },
      "finish" : {
        "total_zone_resets" : 46,
        "io_bytes" : 64087769088,
        "io_kbytes" : 62585712,
        "bw_bytes" : 1067987086,
        "bw" : 1042956,
        "iops" : 130369.517398,
        "runtime" : 60008,
        "total_ios" : 7823214,
        "short_ios" : 0,
        "drop_ios" : 0,
        "slat_ns" : {
          "min" : 0,
          "max" : 0,
          "mean" : 0.000000,
          "stddev" : 0.000000,
          "N" : 0
        },
        "clat_ns" : {
          "min" : 117,
          "max" : 54933552,
          "mean" : 35435.280200,
          "stddev" : 498345.737145,
          "N" : 7823214,
          "percentile" : {
            "1.000000" : 17024,
            "5.000000" : 17792,
            "10.000000" : 18304,
            "20.000000" : 18816,
            "30.000000" : 19328,
            "40.000000" : 19840,
            "50.000000" : 20352,
            "60.000000" : 20864,
            "70.000000" : 21632,
            "80.000000" : 22912,
            "90.000000" : 24960,
            "95.000000" : 27520,
            "99.000000" : 37632,
            "99.500000" : 49920,
            "99.900000" : 757760,
            "99.950000" : 16056320,
            "99.990000" : 23986176
          }
        },
        "lat_ns" : {
          "min" : 15279,
          "max" : 54933891,
          "mean" : 36096.612316,
          "stddev" : 503198.093944,
          "N" : 7823214,
          "percentile" : {
            "1.000000" : 17280,
            "5.000000" : 18048,
            "10.000000" : 18560,
            "20.000000" : 19072,
            "30.000000" : 19584,
            "40.000000" : 20096,
            "50.000000" : 20608,
            "60.000000" : 21120,
            "70.000000" : 22144,
            "80.000000" : 23168,
            "90.000000" : 25472,
            "95.000000" : 28032,
            "99.000000" : 38144,
            "99.500000" : 50432,
            "99.900000" : 921600,
            "99.950000" : 16056320,
            "99.990000" : 23986176
          }
        },
        "bw_min" : 58538,
        "bw_max" : 2113899,
        "bw_agg" : 100.000000,
        "bw_mean" : 1045729.087452,
        "bw_dev" : 73527.036477,
        "bw_samples" : 712,
        "iops_min" : 7316,
        "iops_max" : 264237,
        "iops_mean" : 130715.942102,
        "iops_stddev" : 9190.893614,
        "iops_samples" : 712
      },
      "ZNS Reset" : {
        "total_zone_resets" : 46,
        "io_bytes" : 0,
        "io_kbytes" : 0,
        "bw_bytes" : 0,
        "bw" : 0,
        "iops" : 0.000000,
        "runtime" : 0,
        "total_ios" : 0,
        "short_ios" : 0,
        "drop_ios" : 0,
        "slat_ns" : {
          "min" : 0,
          "max" : 0,
          "mean" : 0.000000,
          "stddev" : 0.000000,
          "N" : 0
        },
        "clat_ns" : {
          "min" : 0,
          "max" : 0,
          "mean" : 0.000000,
          "stddev" : 0.000000,
          "N" : 0
        },
        "lat_ns" : {
          "min" : 0,
          "max" : 0,
          "mean" : 0.000000,
          "stddev" : 0.000000,
          "N" : 0
        },
        "bw_min" : 0,
        "bw_max" : 0,
        "bw_agg" : 0.000000,
        "bw_mean" : 0.000000,
        "bw_dev" : 0.000000,
        "bw_samples" : 0,
        "iops_min" : 0,
        "iops_max" : 0,
        "iops_mean" : 0.000000,
        "iops_stddev" : 0.000000,
        "iops_samples" : 0
      },
      "sync" : {
        "total_ios" : 0,
        "lat_ns" : {
          "min" : 0,
          "max" : 0,
          "mean" : 0.000000,
          "stddev" : 0.000000,
          "N" : 0
        }
      },
      "job_runtime" : 360015,
      "usr_cpu" : 50.003194,
      "sys_cpu" : 0.622474,
      "ctx" : 474117,
      "majf" : 0,
      "minf" : 0,
      "iodepth_level" : {
        "1" : 100.000000,
        "2" : 0.000000,
        "4" : 0.000000,
        "8" : 0.000000,
        "16" : 0.000000,
        "32" : 0.000000,
        ">=64" : 0.000000
      },
      "iodepth_submit" : {
        "0" : 0.000000,
        "4" : 100.000000,
        "8" : 0.000000,
        "16" : 0.000000,
        "32" : 0.000000,
        "64" : 0.000000,
        ">=64" : 0.000000
      },
      "iodepth_complete" : {
        "0" : 0.000000,
        "4" : 100.000000,
        "8" : 0.000000,
        "16" : 0.000000,
        "32" : 0.000000,
        "64" : 0.000000,
        ">=64" : 0.000000
      },
      "latency_ns" : {
        "2" : 0.000000,
        "4" : 0.000000,
        "10" : 0.000000,
        "20" : 0.000000,
        "50" : 0.000000,
        "100" : 0.000000,
        "250" : 0.010000,
        "500" : 0.010000,
        "750" : 0.010000,
        "1000" : 0.010000
      },
      "latency_us" : {
        "2" : 0.010000,
        "4" : 0.010000,
        "10" : 0.010000,
        "20" : 45.376593,
        "50" : 54.118614,
        "100" : 0.360798,
        "250" : 0.033273,
        "500" : 0.010000,
        "750" : 0.010000,
        "1000" : 0.010000
      },
      "latency_ms" : {
        "2" : 0.010000,
        "4" : 0.010000,
        "10" : 0.010000,
        "20" : 0.064845,
        "50" : 0.015710,
        "100" : 0.010000,
        "250" : 0.000000,
        "500" : 0.000000,
        "750" : 0.000000,
        "1000" : 0.000000,
        "2000" : 0.000000,
        ">=2000" : 0.000000
      },
      "latency_depth" : 1,
      "latency_target" : 0,
      "latency_percentile" : 100.000000,
      "latency_window" : 0
    }
  ],
  "disk_util" : [
    {
      "name" : "nvme1n2",
      "read_ios" : 45,
      "write_ios" : 7805892,
      "read_sectors" : 2064,
      "write_sectors" : 124893536,
      "read_merges" : 0,
      "write_merges" : 0,
      "read_ticks" : 1,
      "write_ticks" : 141695,
      "in_queue" : 141696,
      "util" : 99.679808
    }
  ]
}
