{
  "fio version" : "fio-3.35",
  "timestamp" : 1693495715,
  "timestamp_ms" : 1693495715745,
  "time" : "Thu Aug 31 15:28:35 2023",
  "global options" : {
    "name" : "bw",
    "ioengine" : "io_uring_cmd",
    "size" : "813z",
    "bs" : "4K",
    "zonemode" : "zbd",
    "thread" : "1",
    "lat_percentiles" : "1",
    "iodepth" : "1",
    "size" : "203z",
    "offset_increment" : "203z",
    "runtime" : "1m",
    "filename" : "/dev/ng0n2",
    "sqthread_poll" : "1"
  },
  "jobs" : [
    {
      "jobname" : "write",
      "groupid" : 0,
      "error" : 0,
      "eta" : 0,
      "elapsed" : 61,
      "job options" : {
        "numjobs" : "1",
        "rw" : "write"
      },
      "read" : {
        "io_bytes" : 0,
        "io_kbytes" : 0,
        "bw_bytes" : 0,
        "bw" : 0,
        "iops" : 0.000000,
        "runtime" : 0,
        "total_ios" : 0,
        "short_ios" : 0,
        "drop_ios" : 0,
        "slat_ns" : {
          "min" : 0,
          "max" : 0,
          "mean" : 0.000000,
          "stddev" : 0.000000,
          "N" : 0
        },
        "clat_ns" : {
          "min" : 0,
          "max" : 0,
          "mean" : 0.000000,
          "stddev" : 0.000000,
          "N" : 0
        },
        "lat_ns" : {
          "min" : 0,
          "max" : 0,
          "mean" : 0.000000,
          "stddev" : 0.000000,
          "N" : 0
        },
        "bw_min" : 0,
        "bw_max" : 0,
        "bw_agg" : 0.000000,
        "bw_mean" : 0.000000,
        "bw_dev" : 0.000000,
        "bw_samples" : 0,
        "iops_min" : 0,
        "iops_max" : 0,
        "iops_mean" : 0.000000,
        "iops_stddev" : 0.000000,
        "iops_samples" : 0
      },
      "write" : {
        "io_bytes" : 16033943552,
        "io_kbytes" : 15658148,
        "bw_bytes" : 267227938,
        "bw" : 260964,
        "iops" : 65241.195980,
        "runtime" : 60001,
        "total_ios" : 3914537,
        "short_ios" : 0,
        "drop_ios" : 0,
        "slat_ns" : {
          "min" : 0,
          "max" : 0,
          "mean" : 0.000000,
          "stddev" : 0.000000,
          "N" : 0
        },
        "clat_ns" : {
          "min" : 5861,
          "max" : 1930853,
          "mean" : 14525.718871,
          "stddev" : 1412.654134,
          "N" : 3914537,
          "percentile" : {
            "1.000000" : 13888,
            "5.000000" : 14016,
            "10.000000" : 14016,
            "20.000000" : 14144,
            "30.000000" : 14272,
            "40.000000" : 14272,
            "50.000000" : 14400,
            "60.000000" : 14528,
            "70.000000" : 14656,
            "80.000000" : 14784,
            "90.000000" : 14912,
            "95.000000" : 15040,
            "99.000000" : 17280,
            "99.500000" : 17792,
            "99.900000" : 21120,
            "99.950000" : 24960,
            "99.990000" : 43264
          }
        },
        "lat_ns" : {
          "min" : 13711,
          "max" : 1931030,
          "mean" : 14745.175253,
          "stddev" : 1414.676274,
          "N" : 3914537,
          "percentile" : {
            "1.000000" : 14144,
            "5.000000" : 14272,
            "10.000000" : 14272,
            "20.000000" : 14400,
            "30.000000" : 14400,
            "40.000000" : 14528,
            "50.000000" : 14656,
            "60.000000" : 14784,
            "70.000000" : 14912,
            "80.000000" : 15040,
            "90.000000" : 15040,
            "95.000000" : 15168,
            "99.000000" : 17536,
            "99.500000" : 18048,
            "99.900000" : 21376,
            "99.950000" : 25216,
            "99.990000" : 43776
          }
        },
        "bw_min" : 256760,
        "bw_max" : 262464,
        "bw_agg" : 100.000000,
        "bw_mean" : 261159.731092,
        "bw_dev" : 1181.383243,
        "bw_samples" : 119,
        "iops_min" : 64190,
        "iops_max" : 65616,
        "iops_mean" : 65289.966387,
        "iops_stddev" : 295.363377,
        "iops_samples" : 119
      },
      "ZNS Reset" : {
        "total_zone_resets" : 0,
        "io_bytes" : 0,
        "io_kbytes" : 0,
        "bw_bytes" : 0,
        "bw" : 0,
        "iops" : 0.000000,
        "runtime" : 0,
        "total_ios" : 0,
        "short_ios" : 0,
        "drop_ios" : 0,
        "slat_ns" : {
          "min" : 0,
          "max" : 0,
          "mean" : 0.000000,
          "stddev" : 0.000000,
          "N" : 0
        },
        "clat_ns" : {
          "min" : 0,
          "max" : 0,
          "mean" : 0.000000,
          "stddev" : 0.000000,
          "N" : 0
        },
        "lat_ns" : {
          "min" : 0,
          "max" : 0,
          "mean" : 0.000000,
          "stddev" : 0.000000,
          "N" : 0
        },
        "bw_min" : 0,
        "bw_max" : 0,
        "bw_agg" : 0.000000,
        "bw_mean" : 0.000000,
        "bw_dev" : 0.000000,
        "bw_samples" : 0,
        "iops_min" : 0,
        "iops_max" : 0,
        "iops_mean" : 0.000000,
        "iops_stddev" : 0.000000,
        "iops_samples" : 0
      },
      "sync" : {
        "total_ios" : 0,
        "lat_ns" : {
          "min" : 0,
          "max" : 0,
          "mean" : 0.000000,
          "stddev" : 0.000000,
          "N" : 0
        }
      },
      "job_runtime" : 60000,
      "usr_cpu" : 99.993333,
      "sys_cpu" : 0.000000,
      "ctx" : 197,
      "majf" : 0,
      "minf" : 0,
      "iodepth_level" : {
        "1" : 100.000000,
        "2" : 0.000000,
        "4" : 0.000000,
        "8" : 0.000000,
        "16" : 0.000000,
        "32" : 0.000000,
        ">=64" : 0.000000
      },
      "iodepth_submit" : {
        "0" : 0.000000,
        "4" : 100.000000,
        "8" : 0.000000,
        "16" : 0.000000,
        "32" : 0.000000,
        "64" : 0.000000,
        ">=64" : 0.000000
      },
      "iodepth_complete" : {
        "0" : 0.000000,
        "4" : 100.000000,
        "8" : 0.000000,
        "16" : 0.000000,
        "32" : 0.000000,
        "64" : 0.000000,
        ">=64" : 0.000000
      },
      "latency_ns" : {
        "2" : 0.000000,
        "4" : 0.000000,
        "10" : 0.000000,
        "20" : 0.000000,
        "50" : 0.000000,
        "100" : 0.000000,
        "250" : 0.000000,
        "500" : 0.000000,
        "750" : 0.000000,
        "1000" : 0.000000
      },
      "latency_us" : {
        "2" : 0.000000,
        "4" : 0.000000,
        "10" : 0.010000,
        "20" : 99.804089,
        "50" : 0.189269,
        "100" : 0.010000,
        "250" : 0.010000,
        "500" : 0.010000,
        "750" : 0.000000,
        "1000" : 0.000000
      },
      "latency_ms" : {
        "2" : 0.010000,
        "4" : 0.000000,
        "10" : 0.000000,
        "20" : 0.000000,
        "50" : 0.000000,
        "100" : 0.000000,
        "250" : 0.000000,
        "500" : 0.000000,
        "750" : 0.000000,
        "1000" : 0.000000,
        "2000" : 0.000000,
        ">=2000" : 0.000000
      },
      "latency_depth" : 1,
      "latency_target" : 0,
      "latency_percentile" : 100.000000,
      "latency_window" : 0
    }
  ]
}
