{
  "fio version" : "fio-3.35",
  "timestamp" : 1693392228,
  "timestamp_ms" : 1693392228512,
  "time" : "Wed Aug 30 10:43:48 2023",
  "global options" : {
    "name" : "loaded-reset",
    "ioengine" : "io_uring_cmd",
    "size" : "60z",
    "bs" : "64K",
    "zonemode" : "zbd",
    "thread" : "1",
    "lat_percentiles" : "1",
    "filename" : "/dev/ng0n2",
    "sqthread_poll" : "1"
  },
  "jobs" : [
    {
      "jobname" : "fill-prep",
      "groupid" : 0,
      "error" : 0,
      "eta" : 0,
      "elapsed" : 57,
      "job options" : {
        "iodepth" : "1",
        "rw" : "write",
        "size" : "15z",
        "numjobs" : "4",
        "offset_increment" : "15z"
      },
      "read" : {
        "io_bytes" : 0,
        "io_kbytes" : 0,
        "bw_bytes" : 0,
        "bw" : 0,
        "iops" : 0.000000,
        "runtime" : 0,
        "total_ios" : 0,
        "short_ios" : 0,
        "drop_ios" : 0,
        "slat_ns" : {
          "min" : 0,
          "max" : 0,
          "mean" : 0.000000,
          "stddev" : 0.000000,
          "N" : 0
        },
        "clat_ns" : {
          "min" : 0,
          "max" : 0,
          "mean" : 0.000000,
          "stddev" : 0.000000,
          "N" : 0
        },
        "lat_ns" : {
          "min" : 0,
          "max" : 0,
          "mean" : 0.000000,
          "stddev" : 0.000000,
          "N" : 0
        },
        "bw_min" : 0,
        "bw_max" : 0,
        "bw_agg" : 0.000000,
        "bw_mean" : 0.000000,
        "bw_dev" : 0.000000,
        "bw_samples" : 0,
        "iops_min" : 0,
        "iops_max" : 0,
        "iops_mean" : 0.000000,
        "iops_stddev" : 0.000000,
        "iops_samples" : 0
      },
      "write" : {
        "io_bytes" : 67586359296,
        "io_kbytes" : 66002304,
        "bw_bytes" : 1220918028,
        "bw" : 1192302,
        "iops" : 18629.730657,
        "runtime" : 55357,
        "total_ios" : 1031286,
        "short_ios" : 0,
        "drop_ios" : 0,
        "slat_ns" : {
          "min" : 0,
          "max" : 0,
          "mean" : 0.000000,
          "stddev" : 0.000000,
          "N" : 0
        },
        "clat_ns" : {
          "min" : 43791,
          "max" : 10442647,
          "mean" : 212087.770203,
          "stddev" : 167954.847875,
          "N" : 1031286,
          "percentile" : {
            "1.000000" : 56064,
            "5.000000" : 72192,
            "10.000000" : 83456,
            "20.000000" : 103936,
            "30.000000" : 125440,
            "40.000000" : 146432,
            "50.000000" : 166912,
            "60.000000" : 197632,
            "70.000000" : 232448,
            "80.000000" : 284672,
            "90.000000" : 378880,
            "95.000000" : 489472,
            "99.000000" : 798720,
            "99.500000" : 954368,
            "99.900000" : 2056192,
            "99.950000" : 2703360,
            "99.990000" : 3096576
          }
        },
        "lat_ns" : {
          "min" : 45607,
          "max" : 10444197,
          "mean" : 213824.534716,
          "stddev" : 168492.857537,
          "N" : 1031286,
          "percentile" : {
            "1.000000" : 57600,
            "5.000000" : 74240,
            "10.000000" : 84480,
            "20.000000" : 105984,
            "30.000000" : 126464,
            "40.000000" : 148480,
            "50.000000" : 168960,
            "60.000000" : 197632,
            "70.000000" : 234496,
            "80.000000" : 288768,
            "90.000000" : 382976,
            "95.000000" : 493568,
            "99.000000" : 798720,
            "99.500000" : 962560,
            "99.900000" : 2072576,
            "99.950000" : 2703360,
            "99.990000" : 3096576
          }
        },
        "bw_min" : 1146624,
        "bw_max" : 1223168,
        "bw_agg" : 100.000000,
        "bw_mean" : 1192748.263636,
        "bw_dev" : 3720.139547,
        "bw_samples" : 440,
        "iops_min" : 17916,
        "iops_max" : 19112,
        "iops_mean" : 18636.427273,
        "iops_stddev" : 58.095379,
        "iops_samples" : 440
      },
      "ZNS Reset" : {
        "total_zone_resets" : 0,
        "io_bytes" : 0,
        "io_kbytes" : 0,
        "bw_bytes" : 0,
        "bw" : 0,
        "iops" : 0.000000,
        "runtime" : 0,
        "total_ios" : 0,
        "short_ios" : 0,
        "drop_ios" : 0,
        "slat_ns" : {
          "min" : 0,
          "max" : 0,
          "mean" : 0.000000,
          "stddev" : 0.000000,
          "N" : 0
        },
        "clat_ns" : {
          "min" : 0,
          "max" : 0,
          "mean" : 0.000000,
          "stddev" : 0.000000,
          "N" : 0
        },
        "lat_ns" : {
          "min" : 0,
          "max" : 0,
          "mean" : 0.000000,
          "stddev" : 0.000000,
          "N" : 0
        },
        "bw_min" : 0,
        "bw_max" : 0,
        "bw_agg" : 0.000000,
        "bw_mean" : 0.000000,
        "bw_dev" : 0.000000,
        "bw_samples" : 0,
        "iops_min" : 0,
        "iops_max" : 0,
        "iops_mean" : 0.000000,
        "iops_stddev" : 0.000000,
        "iops_samples" : 0
      },
      "sync" : {
        "total_ios" : 0,
        "lat_ns" : {
          "min" : 0,
          "max" : 0,
          "mean" : 0.000000,
          "stddev" : 0.000000,
          "N" : 0
        }
      },
      "job_runtime" : 221424,
      "usr_cpu" : 99.994581,
      "sys_cpu" : 0.000000,
      "ctx" : 316,
      "majf" : 0,
      "minf" : 0,
      "iodepth_level" : {
        "1" : 100.000000,
        "2" : 0.000000,
        "4" : 0.000000,
        "8" : 0.000000,
        "16" : 0.000000,
        "32" : 0.000000,
        ">=64" : 0.000000
      },
      "iodepth_submit" : {
        "0" : 0.000000,
        "4" : 100.000000,
        "8" : 0.000000,
        "16" : 0.000000,
        "32" : 0.000000,
        "64" : 0.000000,
        ">=64" : 0.000000
      },
      "iodepth_complete" : {
        "0" : 0.000000,
        "4" : 100.000000,
        "8" : 0.000000,
        "16" : 0.000000,
        "32" : 0.000000,
        "64" : 0.000000,
        ">=64" : 0.000000
      },
      "latency_ns" : {
        "2" : 0.000000,
        "4" : 0.000000,
        "10" : 0.000000,
        "20" : 0.000000,
        "50" : 0.000000,
        "100" : 0.000000,
        "250" : 0.000000,
        "500" : 0.000000,
        "750" : 0.000000,
        "1000" : 0.000000
      },
      "latency_us" : {
        "2" : 0.000000,
        "4" : 0.000000,
        "10" : 0.000000,
        "20" : 0.000000,
        "50" : 0.322413,
        "100" : 17.680159,
        "250" : 55.928714,
        "500" : 21.347134,
        "750" : 3.454134,
        "1000" : 0.848940
      },
      "latency_ms" : {
        "2" : 0.316692,
        "4" : 0.100166,
        "10" : 0.010000,
        "20" : 0.010000,
        "50" : 0.000000,
        "100" : 0.000000,
        "250" : 0.000000,
        "500" : 0.000000,
        "750" : 0.000000,
        "1000" : 0.000000,
        "2000" : 0.000000,
        ">=2000" : 0.000000
      },
      "latency_depth" : 1,
      "latency_target" : 0,
      "latency_percentile" : 100.000000,
      "latency_window" : 0
    },
    {
      "jobname" : "trim",
      "groupid" : 1,
      "error" : 0,
      "eta" : 0,
      "elapsed" : 57,
      "job options" : {
        "rw" : "randwrite",
        "iodepth" : "1",
        "size" : "0z",
        "offset" : "60z",
        "bs" : "4K",
        "flow_id" : "1",
        "flow" : "0"
      },
      "read" : {
        "io_bytes" : 0,
        "io_kbytes" : 0,
        "bw_bytes" : 0,
        "bw" : 0,
        "iops" : 0.000000,
        "runtime" : 0,
        "total_ios" : 0,
        "short_ios" : 0,
        "drop_ios" : 0,
        "slat_ns" : {
          "min" : 0,
          "max" : 0,
          "mean" : 0.000000,
          "stddev" : 0.000000,
          "N" : 0
        },
        "clat_ns" : {
          "min" : 0,
          "max" : 0,
          "mean" : 0.000000,
          "stddev" : 0.000000,
          "N" : 0
        },