{
  "fio version" : "fio-3.35",
  "timestamp" : 1693393539,
  "timestamp_ms" : 1693393539618,
  "time" : "Wed Aug 30 11:05:39 2023",
  "global options" : {
    "name" : "loaded-reset",
    "ioengine" : "io_uring_cmd",
    "size" : "60z",
    "bs" : "64K",
    "zonemode" : "zbd",
    "thread" : "1",
    "lat_percentiles" : "1",
    "filename" : "/dev/ng0n2",
    "sqthread_poll" : "1"
  },
  "jobs" : [
    {
      "jobname" : "fill-prep",
      "groupid" : 0,
      "error" : 0,
      "eta" : 0,
      "elapsed" : 57,
      "job options" : {
        "iodepth" : "1",
        "rw" : "write",
        "size" : "15z",
        "numjobs" : "4",
        "offset_increment" : "15z"
      },
      "read" : {
        "io_bytes" : 0,
        "io_kbytes" : 0,
        "bw_bytes" : 0,
        "bw" : 0,
        "iops" : 0.000000,
        "runtime" : 0,
        "total_ios" : 0,
        "short_ios" : 0,
        "drop_ios" : 0,
        "slat_ns" : {
          "min" : 0,
          "max" : 0,
          "mean" : 0.000000,
          "stddev" : 0.000000,
          "N" : 0
        },
        "clat_ns" : {
          "min" : 0,
          "max" : 0,
          "mean" : 0.000000,
          "stddev" : 0.000000,
          "N" : 0
        },
        "lat_ns" : {
          "min" : 0,
          "max" : 0,
          "mean" : 0.000000,
          "stddev" : 0.000000,
          "N" : 0
        },
        "bw_min" : 0,
        "bw_max" : 0,
        "bw_agg" : 0.000000,
        "bw_mean" : 0.000000,
        "bw_dev" : 0.000000,
        "bw_samples" : 0,
        "iops_min" : 0,
        "iops_max" : 0,
        "iops_mean" : 0.000000,
        "iops_stddev" : 0.000000,
        "iops_samples" : 0
      },
      "write" : {
        "io_bytes" : 67675815936,
        "io_kbytes" : 66089664,
        "bw_bytes" : 1222489855,
        "bw" : 1193837,
        "iops" : 18653.714843,
        "runtime" : 55359,
        "total_ios" : 1032651,
        "short_ios" : 0,
        "drop_ios" : 0,
        "slat_ns" : {
          "min" : 0,
          "max" : 0,
          "mean" : 0.000000,
          "stddev" : 0.000000,
          "N" : 0
        },
        "clat_ns" : {
          "min" : 43932,
          "max" : 13705291,
          "mean" : 211825.715774,
          "stddev" : 169957.171628,
          "N" : 1032651,
          "percentile" : {
            "1.000000" : 57088,
            "5.000000" : 73216,
            "10.000000" : 83456,
            "20.000000" : 103936,
            "30.000000" : 124416,
            "40.000000" : 146432,
            "50.000000" : 166912,
            "60.000000" : 195584,
            "70.000000" : 232448,
            "80.000000" : 284672,
            "90.000000" : 378880,
            "95.000000" : 493568,
            "99.000000" : 823296,
            "99.500000" : 978944,
            "99.900000" : 1892352,
            "99.950000" : 2703360,
            "99.990000" : 3063808
          }
        },
        "lat_ns" : {
          "min" : 45426,
          "max" : 13707069,
          "mean" : 213552.310172,
          "stddev" : 170281.985854,
          "N" : 1032651,
          "percentile" : {
            "1.000000" : 58624,
            "5.000000" : 75264,
            "10.000000" : 84480,
            "20.000000" : 104960,
            "30.000000" : 125440,
            "40.000000" : 146432,
            "50.000000" : 168960,
            "60.000000" : 197632,
            "70.000000" : 232448,
            "80.000000" : 284672,
            "90.000000" : 382976,
            "95.000000" : 493568,
            "99.000000" : 823296,
            "99.500000" : 978944,
            "99.900000" : 1908736,
            "99.950000" : 2703360,
            "99.990000" : 3063808
          }
        },
        "bw_min" : 1152256,
        "bw_max" : 1225216,
        "bw_agg" : 100.000000,
        "bw_mean" : 1194444.318182,
        "bw_dev" : 3728.901677,
        "bw_samples" : 440,
        "iops_min" : 18004,
        "iops_max" : 19144,
        "iops_mean" : 18662.809091,
        "iops_stddev" : 58.218616,
        "iops_samples" : 440
      },
      "ZNS Reset" : {
        "total_zone_resets" : 0,
        "io_bytes" : 0,
        "io_kbytes" : 0,
        "bw_bytes" : 0,
        "bw" : 0,
        "iops" : 0.000000,
        "runtime" : 0,
        "total_ios" : 0,
        "short_ios" : 0,
        "drop_ios" : 0,
        "slat_ns" : {
          "min" : 0,
          "max" : 0,
          "mean" : 0.000000,
          "stddev" : 0.000000,
          "N" : 0
        },
        "clat_ns" : {
          "min" : 0,
          "max" : 0,
          "mean" : 0.000000,
          "stddev" : 0.000000,
          "N" : 0
        },
        "lat_ns" : {
          "min" : 0,
          "max" : 0,
          "mean" : 0.000000,
          "stddev" : 0.000000,
          "N" : 0
        },
        "bw_min" : 0,
        "bw_max" : 0,
        "bw_agg" : 0.000000,
        "bw_mean" : 0.000000,
        "bw_dev" : 0.000000,
        "bw_samples" : 0,
        "iops_min" : 0,
        "iops_max" : 0,
        "iops_mean" : 0.000000,
        "iops_stddev" : 0.000000,
        "iops_samples" : 0
      },
      "sync" : {
        "total_ios" : 0,
        "lat_ns" : {
          "min" : 0,
          "max" : 0,
          "mean" : 0.000000,
          "stddev" : 0.000000,
          "N" : 0
        }
      },
      "job_runtime" : 221432,
      "usr_cpu" : 99.997742,
      "sys_cpu" : 0.000000,
      "ctx" : 205,
      "majf" : 0,
      "minf" : 0,
      "iodepth_level" : {
        "1" : 100.000000,
        "2" : 0.000000,
        "4" : 0.000000,
        "8" : 0.000000,
        "16" : 0.000000,
        "32" : 0.000000,
        ">=64" : 0.000000
      },
      "iodepth_submit" : {
        "0" : 0.000000,
        "4" : 100.000000,
        "8" : 0.000000,
        "16" : 0.000000,
        "32" : 0.000000,
        "64" : 0.000000,
        ">=64" : 0.000000
      },
      "iodepth_complete" : {
        "0" : 0.000000,
        "4" : 100.000000,
        "8" : 0.000000,
        "16" : 0.000000,
        "32" : 0.000000,
        "64" : 0.000000,
        ">=64" : 0.000000
      },
      "latency_ns" : {
        "2" : 0.000000,
        "4" : 0.000000,
        "10" : 0.000000,
        "20" : 0.000000,
        "50" : 0.000000,
        "100" : 0.000000,
        "250" : 0.000000,
        "500" : 0.000000,
        "750" : 0.000000,
        "1000" : 0.000000
      },
      "latency_us" : {
        "2" : 0.000000,
        "4" : 0.000000,
        "10" : 0.000000,
        "20" : 0.000000,
        "50" : 0.260495,
        "100" : 17.929194,
        "250" : 55.983580,
        "500" : 21.051740,
        "750" : 3.424584,
        "1000" : 0.891976
      },
      "latency_ms" : {
        "2" : 0.362465,
        "4" : 0.094901,
        "10" : 0.010000,
        "20" : 0.010000,
        "50" : 0.000000,
        "100" : 0.000000,
        "250" : 0.000000,
        "500" : 0.000000,
        "750" : 0.000000,
        "1000" : 0.000000,
        "2000" : 0.000000,
        ">=2000" : 0.000000
      },
      "latency_depth" : 1,
      "latency_target" : 0,
      "latency_percentile" : 100.000000,
      "latency_window" : 0
    },
    {
      "jobname" : "trim",
      "groupid" : 1,
      "error" : 0,
      "eta" : 0,
      "elapsed" : 57,
      "job options" : {
        "rw" : "randwrite",
        "iodepth" : "1",
        "size" : "4z",
        "offset" : "60z",
        "bs" : "4K",
        "flow_id" : "1",
        "flow" : "50"
      },
      "read" : {
        "io_bytes" : 0,
        "io_kbytes" : 0,
        "bw_bytes" : 0,
        "bw" : 0,
        "iops" : 0.000000,
        "runtime" : 0,
        "total_ios" : 0,
        "short_ios" : 0,
        "drop_ios" : 0,
        "slat_ns" : {
          "min" : 0,
          "max" : 0,
          "mean" : 0.000000,
          "stddev" : 0.000000,
          "N" : 0
        },
        "clat_ns" : {
          "min" : 0,
          "max" : 0,
          "mean" : 0.000000,
          "stddev" : 0.000000,
          "N" : 0
        },