{
  "fio version" : "fio-3.35",
  "timestamp" : 1693339866,
  "timestamp_ms" : 1693339866343,
  "time" : "Tue Aug 29 20:11:06 2023",
  "global options" : {
    "name" : "loaded-reset",
    "ioengine" : "io_uring_cmd",
    "size" : "1023z",
    "bs" : "64K",
    "zonemode" : "zbd",
    "thread" : "1",
    "lat_percentiles" : "1",
    "filename" : "/dev/ng0n1",
    "sqthread_poll" : "1"
  },
  "jobs" : [
    {
      "jobname" : "fill-prep",
      "groupid" : 0,
      "error" : 0,
      "eta" : 0,
      "elapsed" : 592,
      "job options" : {
        "iodepth" : "1",
        "rw" : "write"
      },
      "read" : {
        "io_bytes" : 0,
        "io_kbytes" : 0,
        "bw_bytes" : 0,
        "bw" : 0,
        "iops" : 0.000000,
        "runtime" : 0,
        "total_ios" : 0,
        "short_ios" : 0,
        "drop_ios" : 0,
        "slat_ns" : {
          "min" : 0,
          "max" : 0,
          "mean" : 0.000000,
          "stddev" : 0.000000,
          "N" : 0
        },
        "clat_ns" : {
          "min" : 0,
          "max" : 0,
          "mean" : 0.000000,
          "stddev" : 0.000000,
          "N" : 0
        },
        "lat_ns" : {
          "min" : 0,
          "max" : 0,
          "mean" : 0.000000,
          "stddev" : 0.000000,
          "N" : 0
        },
        "bw_min" : 0,
        "bw_max" : 0,
        "bw_agg" : 0.000000,
        "bw_mean" : 0.000000,
        "bw_dev" : 0.000000,
        "bw_samples" : 0,
        "iops_min" : 0,
        "iops_max" : 0,
        "iops_mean" : 0.000000,
        "iops_stddev" : 0.000000,
        "iops_samples" : 0
      },
      "write" : {
        "io_bytes" : 68652367872,
        "io_kbytes" : 67043328,
        "bw_bytes" : 116398810,
        "bw" : 113670,
        "iops" : 1776.104903,
        "runtime" : 589803,
        "total_ios" : 1047552,
        "short_ios" : 0,
        "drop_ios" : 0,
        "slat_ns" : {
          "min" : 0,
          "max" : 0,
          "mean" : 0.000000,
          "stddev" : 0.000000,
          "N" : 0
        },
        "clat_ns" : {
          "min" : 530788,
          "max" : 6580580,
          "mean" : 560362.045335,
          "stddev" : 55770.361216,
          "N" : 1047552,
          "percentile" : {
            "1.000000" : 552960,
            "5.000000" : 552960,
            "10.000000" : 552960,
            "20.000000" : 552960,
            "30.000000" : 552960,
            "40.000000" : 561152,
            "50.000000" : 561152,
            "60.000000" : 561152,
            "70.000000" : 561152,
            "80.000000" : 561152,
            "90.000000" : 561152,
            "95.000000" : 561152,
            "99.000000" : 569344,
            "99.500000" : 577536,
            "99.900000" : 1384448,
            "99.950000" : 1679360,
            "99.990000" : 2867200
          }
        },
        "lat_ns" : {
          "min" : 531679,
          "max" : 6582449,
          "mean" : 562459.832674,
          "stddev" : 55839.996123,
          "N" : 1047552,
          "percentile" : {
            "1.000000" : 552960,
            "5.000000" : 561152,
            "10.000000" : 561152,
            "20.000000" : 561152,
            "30.000000" : 561152,
            "40.000000" : 561152,
            "50.000000" : 561152,
            "60.000000" : 561152,
            "70.000000" : 561152,
            "80.000000" : 561152,
            "90.000000" : 561152,
            "95.000000" : 561152,
            "99.000000" : 577536,
            "99.500000" : 577536,
            "99.900000" : 1384448,
            "99.950000" : 1695744,
            "99.990000" : 2867200
          }
        },
        "bw_min" : 111104,
        "bw_max" : 114789,
        "bw_agg" : 100.000000,
        "bw_mean" : 113760.399830,
        "bw_dev" : 551.309722,
        "bw_samples" : 1178,
        "iops_min" : 1736,
        "iops_max" : 1793,
        "iops_mean" : 1777.288625,
        "iops_stddev" : 8.603306,
        "iops_samples" : 1178
      },
      "ZNS Reset" : {
        "total_zone_resets" : 0,
        "io_bytes" : 0,
        "io_kbytes" : 0,
        "bw_bytes" : 0,
        "bw" : 0,
        "iops" : 0.000000,
        "runtime" : 0,
        "total_ios" : 0,
        "short_ios" : 0,
        "drop_ios" : 0,
        "slat_ns" : {
          "min" : 0,
          "max" : 0,
          "mean" : 0.000000,
          "stddev" : 0.000000,
          "N" : 0
        },
        "clat_ns" : {
          "min" : 0,
          "max" : 0,
          "mean" : 0.000000,
          "stddev" : 0.000000,
          "N" : 0
        },
        "lat_ns" : {
          "min" : 0,
          "max" : 0,
          "mean" : 0.000000,
          "stddev" : 0.000000,
          "N" : 0
        },
        "bw_min" : 0,
        "bw_max" : 0,
        "bw_agg" : 0.000000,
        "bw_mean" : 0.000000,
        "bw_dev" : 0.000000,
        "bw_samples" : 0,
        "iops_min" : 0,
        "iops_max" : 0,
        "iops_mean" : 0.000000,
        "iops_stddev" : 0.000000,
        "iops_samples" : 0
      },
      "sync" : {
        "total_ios" : 0,
        "lat_ns" : {
          "min" : 0,
          "max" : 0,
          "mean" : 0.000000,
          "stddev" : 0.000000,
          "N" : 0
        }
      },
      "job_runtime" : 589802,
      "usr_cpu" : 99.993388,
      "sys_cpu" : 0.002035,
      "ctx" : 2083,
      "majf" : 0,
      "minf" : 0,
      "iodepth_level" : {
        "1" : 100.000000,
        "2" : 0.000000,
        "4" : 0.000000,
        "8" : 0.000000,
        "16" : 0.000000,
        "32" : 0.000000,
        ">=64" : 0.000000
      },
      "iodepth_submit" : {
        "0" : 0.000000,
        "4" : 100.000000,
        "8" : 0.000000,
        "16" : 0.000000,
        "32" : 0.000000,
        "64" : 0.000000,
        ">=64" : 0.000000
      },
      "iodepth_complete" : {
        "0" : 0.000000,
        "4" : 100.000000,
        "8" : 0.000000,
        "16" : 0.000000,
        "32" : 0.000000,
        "64" : 0.000000,
        ">=64" : 0.000000
      },
      "latency_ns" : {
        "2" : 0.000000,
        "4" : 0.000000,
        "10" : 0.000000,
        "20" : 0.000000,
        "50" : 0.000000,
        "100" : 0.000000,
        "250" : 0.000000,
        "500" : 0.000000,
        "750" : 0.000000,
        "1000" : 0.000000
      },
      "latency_us" : {
        "2" : 0.000000,
        "4" : 0.000000,
        "10" : 0.000000,
        "20" : 0.000000,
        "50" : 0.000000,
        "100" : 0.000000,
        "250" : 0.000000,
        "500" : 0.000000,
        "750" : 99.742447,
        "1000" : 0.036752
      },
      "latency_ms" : {
        "2" : 0.192353,
        "4" : 0.024724,
        "10" : 0.010000,
        "20" : 0.000000,
        "50" : 0.000000,
        "100" : 0.000000,
        "250" : 0.000000,
        "500" : 0.000000,
        "750" : 0.000000,
        "1000" : 0.000000,
        "2000" : 0.000000,
        ">=2000" : 0.000000
      },
      "latency_depth" : 1,
      "latency_target" : 0,
      "latency_percentile" : 100.000000,
      "latency_window" : 0
    },
    {
      "jobname" : "trim",
      "groupid" : 1,
      "error" : 0,
      "eta" : 0,
      "elapsed" : 592,
      "job options" : {
        "rw" : "randwrite",
        "iodepth" : "1",
        "size" : "1z",
        "offset" : "1023z",
        "flow_id" : "1",
        "flow" : "1"
      },
      "read" : {
        "io_bytes" : 0,
        "io_kbytes" : 0,
        "bw_bytes" : 0,
        "bw" : 0,
        "iops" : 0.000000,
        "runtime" : 0,
        "total_ios" : 0,
        "short_ios" : 0,
        "drop_ios" : 0,
        "slat_ns" : {
          "min" : 0,
          "max" : 0,
          "mean" : 0.000000,
          "stddev" : 0.000000,
          "N" : 0
        },
        "clat_ns" : {
          "min" : 0,
          "max" : 0,
          "mean" : 0.000000,
          "stddev" : 0.000000,
          "N" : 0
        },
        "lat_ns" : {
          "min" : 0,
          "max" : 0,
          "mean" : 0.000000,
          "stddev" : 0.000000,