{
  "fio version" : "fio-3.35",
  "timestamp" : 1693454551,
  "timestamp_ms" : 1693454551687,
  "time" : "Thu Aug 31 04:02:31 2023",
  "global options" : {
    "name" : "loaded-reset",
    "ioengine" : "io_uring_cmd",
    "size" : "813z",
    "bs" : "64K",
    "zonemode" : "zbd",
    "thread" : "1",
    "lat_percentiles" : "1",
    "filename" : "/dev/ng0n2",
    "sqthread_poll" : "1"
  },
  "jobs" : [
    {
      "jobname" : "fill-prep",
      "groupid" : 0,
      "error" : 0,
      "eta" : 0,
      "elapsed" : 761,
      "job options" : {
        "iodepth" : "1",
        "rw" : "write",
        "size" : "203z",
        "numjobs" : "4",
        "offset_increment" : "203z"
      },
      "read" : {
        "io_bytes" : 0,
        "io_kbytes" : 0,
        "bw_bytes" : 0,
        "bw" : 0,
        "iops" : 0.000000,
        "runtime" : 0,
        "total_ios" : 0,
        "short_ios" : 0,
        "drop_ios" : 0,
        "slat_ns" : {
          "min" : 0,
          "max" : 0,
          "mean" : 0.000000,
          "stddev" : 0.000000,
          "N" : 0
        },
        "clat_ns" : {
          "min" : 0,
          "max" : 0,
          "mean" : 0.000000,
          "stddev" : 0.000000,
          "N" : 0
        },
        "lat_ns" : {
          "min" : 0,
          "max" : 0,
          "mean" : 0.000000,
          "stddev" : 0.000000,
          "N" : 0
        },
        "bw_min" : 0,
        "bw_max" : 0,
        "bw_agg" : 0.000000,
        "bw_mean" : 0.000000,
        "bw_dev" : 0.000000,
        "bw_samples" : 0,
        "iops_min" : 0,
        "iops_max" : 0,
        "iops_mean" : 0.000000,
        "iops_stddev" : 0.000000,
        "iops_samples" : 0
      },
      "write" : {
        "io_bytes" : 917004877824,
        "io_kbytes" : 895512576,
        "bw_bytes" : 1228175396,
        "bw" : 1199390,
        "iops" : 18740.469302,
        "runtime" : 746640,
        "total_ios" : 13992384,
        "short_ios" : 0,
        "drop_ios" : 0,
        "slat_ns" : {
          "min" : 0,
          "max" : 0,
          "mean" : 0.000000,
          "stddev" : 0.000000,
          "N" : 0
        },
        "clat_ns" : {
          "min" : 43769,
          "max" : 17655039,
          "mean" : 210971.649354,
          "stddev" : 170304.631339,
          "N" : 13992384,
          "percentile" : {
            "1.000000" : 54528,
            "5.000000" : 71168,
            "10.000000" : 81408,
            "20.000000" : 102912,
            "30.000000" : 123392,
            "40.000000" : 144384,
            "50.000000" : 164864,
            "60.000000" : 193536,
            "70.000000" : 230400,
            "80.000000" : 280576,
            "90.000000" : 378880,
            "95.000000" : 493568,
            "99.000000" : 823296,
            "99.500000" : 978944,
            "99.900000" : 2113536,
            "99.950000" : 2736128,
            "99.990000" : 3096576
          }
        },
        "lat_ns" : {
          "min" : 44750,
          "max" : 17656584,
          "mean" : 212427.812422,
          "stddev" : 170342.385773,
          "N" : 13992384,
          "percentile" : {
            "1.000000" : 56064,
            "5.000000" : 73216,
            "10.000000" : 83456,
            "20.000000" : 103936,
            "30.000000" : 124416,
            "40.000000" : 146432,
            "50.000000" : 166912,
            "60.000000" : 195584,
            "70.000000" : 232448,
            "80.000000" : 284672,
            "90.000000" : 382976,
            "95.000000" : 497664,
            "99.000000" : 823296,
            "99.500000" : 978944,
            "99.900000" : 2146304,
            "99.950000" : 2736128,
            "99.990000" : 3096576
          }
        },
        "bw_min" : 1156101,
        "bw_max" : 1577938,
        "bw_agg" : 100.000000,
        "bw_mean" : 1200641.438561,
        "bw_dev" : 4597.877479,
        "bw_samples" : 5964,
        "iops_min" : 18064,
        "iops_max" : 24654,
        "iops_mean" : 18759.536133,
        "iops_stddev" : 71.819452,
        "iops_samples" : 5964
      },
      "ZNS Reset" : {
        "total_zone_resets" : 0,
        "io_bytes" : 0,
        "io_kbytes" : 0,
        "bw_bytes" : 0,
        "bw" : 0,
        "iops" : 0.000000,
        "runtime" : 0,
        "total_ios" : 0,
        "short_ios" : 0,
        "drop_ios" : 0,
        "slat_ns" : {
          "min" : 0,
          "max" : 0,
          "mean" : 0.000000,
          "stddev" : 0.000000,
          "N" : 0
        },
        "clat_ns" : {
          "min" : 0,
          "max" : 0,
          "mean" : 0.000000,
          "stddev" : 0.000000,
          "N" : 0
        },
        "lat_ns" : {
          "min" : 0,
          "max" : 0,
          "mean" : 0.000000,
          "stddev" : 0.000000,
          "N" : 0
        },
        "bw_min" : 0,
        "bw_max" : 0,
        "bw_agg" : 0.000000,
        "bw_mean" : 0.000000,
        "bw_dev" : 0.000000,
        "bw_samples" : 0,
        "iops_min" : 0,
        "iops_max" : 0,
        "iops_mean" : 0.000000,
        "iops_stddev" : 0.000000,
        "iops_samples" : 0
      },
      "sync" : {
        "total_ios" : 0,
        "lat_ns" : {
          "min" : 0,
          "max" : 0,
          "mean" : 0.000000,
          "stddev" : 0.000000,
          "N" : 0
        }
      },
      "job_runtime" : 2984273,
      "usr_cpu" : 100.000771,
      "sys_cpu" : 0.000235,
      "ctx" : 1238,
      "majf" : 0,
      "minf" : 0,
      "iodepth_level" : {
        "1" : 100.000000,
        "2" : 0.000000,
        "4" : 0.000000,
        "8" : 0.000000,
        "16" : 0.000000,
        "32" : 0.000000,
        ">=64" : 0.000000
      },
      "iodepth_submit" : {
        "0" : 0.000000,
        "4" : 100.000000,
        "8" : 0.000000,
        "16" : 0.000000,
        "32" : 0.000000,
        "64" : 0.000000,
        ">=64" : 0.000000
      },
      "iodepth_complete" : {
        "0" : 0.000000,
        "4" : 100.000000,
        "8" : 0.000000,
        "16" : 0.000000,
        "32" : 0.000000,
        "64" : 0.000000,
        ">=64" : 0.000000
      },
      "latency_ns" : {
        "2" : 0.000000,
        "4" : 0.000000,
        "10" : 0.000000,
        "20" : 0.000000,
        "50" : 0.000000,
        "100" : 0.000000,
        "250" : 0.000000,
        "500" : 0.000000,
        "750" : 0.000000,
        "1000" : 0.000000
      },
      "latency_us" : {
        "2" : 0.000000,
        "4" : 0.000000,
        "10" : 0.000000,
        "20" : 0.000000,
        "50" : 0.410488,
        "100" : 18.356129,
        "250" : 55.703467,
        "500" : 20.662448,
        "750" : 3.482337,
        "1000" : 0.924181
      },
      "latency_ms" : {
        "2" : 0.356916,
        "4" : 0.103671,
        "10" : 0.010000,
        "20" : 0.010000,
        "50" : 0.000000,
        "100" : 0.000000,
        "250" : 0.000000,
        "500" : 0.000000,
        "750" : 0.000000,
        "1000" : 0.000000,
        "2000" : 0.000000,
        ">=2000" : 0.000000
      },
      "latency_depth" : 1,
      "latency_target" : 0,
      "latency_percentile" : 100.000000,
      "latency_window" : 0
    },
    {
      "jobname" : "trim",
      "groupid" : 1,
      "error" : 0,
      "eta" : 0,
      "elapsed" : 761,
      "job options" : {
        "rw" : "randtrim",
        "iodepth" : "1",
        "numjobs" : "128",
        "bs" : "2147483648"
      },
      "read" : {
        "io_bytes" : 0,
        "io_kbytes" : 0,
        "bw_bytes" : 0,
        "bw" : 0,
        "iops" : 0.000000,
        "runtime" : 0,
        "total_ios" : 0,
        "short_ios" : 0,
        "drop_ios" : 0,
        "slat_ns" : {
          "min" : 0,
          "max" : 0,
          "mean" : 0.000000,
          "stddev" : 0.000000,
          "N" : 0
        },
        "clat_ns" : {
          "min" : 0,
          "max" : 0,
          "mean" : 0.000000,
          "stddev" : 0.000000,
          "N" : 0
        },
        "lat_ns" : {
          "min" : 0,
          "max" : 0,