{
  "fio version" : "fio-3.35",
  "timestamp" : 1693341050,
  "timestamp_ms" : 1693341050253,
  "time" : "Tue Aug 29 20:30:50 2023",
  "global options" : {
    "name" : "loaded-reset",
    "ioengine" : "io_uring_cmd",
    "size" : "1023z",
    "bs" : "64K",
    "zonemode" : "zbd",
    "thread" : "1",
    "lat_percentiles" : "1",
    "filename" : "/dev/ng0n1",
    "sqthread_poll" : "1"
  },
  "jobs" : [
    {
      "jobname" : "fill-prep",
      "groupid" : 0,
      "error" : 0,
      "eta" : 0,
      "elapsed" : 592,
      "job options" : {
        "iodepth" : "1",
        "rw" : "write"
      },
      "read" : {
        "io_bytes" : 0,
        "io_kbytes" : 0,
        "bw_bytes" : 0,
        "bw" : 0,
        "iops" : 0.000000,
        "runtime" : 0,
        "total_ios" : 0,
        "short_ios" : 0,
        "drop_ios" : 0,
        "slat_ns" : {
          "min" : 0,
          "max" : 0,
          "mean" : 0.000000,
          "stddev" : 0.000000,
          "N" : 0
        },
        "clat_ns" : {
          "min" : 0,
          "max" : 0,
          "mean" : 0.000000,
          "stddev" : 0.000000,
          "N" : 0
        },
        "lat_ns" : {
          "min" : 0,
          "max" : 0,
          "mean" : 0.000000,
          "stddev" : 0.000000,
          "N" : 0
        },
        "bw_min" : 0,
        "bw_max" : 0,
        "bw_agg" : 0.000000,
        "bw_mean" : 0.000000,
        "bw_dev" : 0.000000,
        "bw_samples" : 0,
        "iops_min" : 0,
        "iops_max" : 0,
        "iops_mean" : 0.000000,
        "iops_stddev" : 0.000000,
        "iops_samples" : 0
      },
      "write" : {
        "io_bytes" : 68652367872,
        "io_kbytes" : 67043328,
        "bw_bytes" : 116439479,
        "bw" : 113710,
        "iops" : 1776.725458,
        "runtime" : 589597,
        "total_ios" : 1047552,
        "short_ios" : 0,
        "drop_ios" : 0,
        "slat_ns" : {
          "min" : 0,
          "max" : 0,
          "mean" : 0.000000,
          "stddev" : 0.000000,
          "N" : 0
        },
        "clat_ns" : {
          "min" : 251406,
          "max" : 6542333,
          "mean" : 558810.333158,
          "stddev" : 52806.743017,
          "N" : 1047552,
          "percentile" : {
            "1.000000" : 552960,
            "5.000000" : 552960,
            "10.000000" : 552960,
            "20.000000" : 552960,
            "30.000000" : 552960,
            "40.000000" : 552960,
            "50.000000" : 552960,
            "60.000000" : 552960,
            "70.000000" : 552960,
            "80.000000" : 552960,
            "90.000000" : 561152,
            "95.000000" : 561152,
            "99.000000" : 561152,
            "99.500000" : 569344,
            "99.900000" : 1368064,
            "99.950000" : 1662976,
            "99.990000" : 2637824
          }
        },
        "lat_ns" : {
          "min" : 531703,
          "max" : 6545696,
          "mean" : 562258.415694,
          "stddev" : 53195.987562,
          "N" : 1047552,
          "percentile" : {
            "1.000000" : 552960,
            "5.000000" : 561152,
            "10.000000" : 561152,
            "20.000000" : 561152,
            "30.000000" : 561152,
            "40.000000" : 561152,
            "50.000000" : 561152,
            "60.000000" : 561152,
            "70.000000" : 561152,
            "80.000000" : 561152,
            "90.000000" : 561152,
            "95.000000" : 561152,
            "99.000000" : 569344,
            "99.500000" : 577536,
            "99.900000" : 1368064,
            "99.950000" : 1679360,
            "99.990000" : 2703360
          }
        },
        "bw_min" : 111070,
        "bw_max" : 114816,
        "bw_agg" : 100.000000,
        "bw_mean" : 113802.518676,
        "bw_dev" : 670.412447,
        "bw_samples" : 1178,
        "iops_min" : 1735,
        "iops_max" : 1794,
        "iops_mean" : 1777.940577,
        "iops_stddev" : 10.467323,
        "iops_samples" : 1178
      },
      "ZNS Reset" : {
        "total_zone_resets" : 0,
        "io_bytes" : 0,
        "io_kbytes" : 0,
        "bw_bytes" : 0,
        "bw" : 0,
        "iops" : 0.000000,
        "runtime" : 0,
        "total_ios" : 0,
        "short_ios" : 0,
        "drop_ios" : 0,
        "slat_ns" : {
          "min" : 0,
          "max" : 0,
          "mean" : 0.000000,
          "stddev" : 0.000000,
          "N" : 0
        },
        "clat_ns" : {
          "min" : 0,
          "max" : 0,
          "mean" : 0.000000,
          "stddev" : 0.000000,
          "N" : 0
        },
        "lat_ns" : {
          "min" : 0,
          "max" : 0,
          "mean" : 0.000000,
          "stddev" : 0.000000,
          "N" : 0
        },
        "bw_min" : 0,
        "bw_max" : 0,
        "bw_agg" : 0.000000,
        "bw_mean" : 0.000000,
        "bw_dev" : 0.000000,
        "bw_samples" : 0,
        "iops_min" : 0,
        "iops_max" : 0,
        "iops_mean" : 0.000000,
        "iops_stddev" : 0.000000,
        "iops_samples" : 0
      },
      "sync" : {
        "total_ios" : 0,
        "lat_ns" : {
          "min" : 0,
          "max" : 0,
          "mean" : 0.000000,
          "stddev" : 0.000000,
          "N" : 0
        }
      },
      "job_runtime" : 589596,
      "usr_cpu" : 99.990163,
      "sys_cpu" : 0.000678,
      "ctx" : 2212,
      "majf" : 0,
      "minf" : 0,
      "iodepth_level" : {
        "1" : 100.000000,
        "2" : 0.000000,
        "4" : 0.000000,
        "8" : 0.000000,
        "16" : 0.000000,
        "32" : 0.000000,
        ">=64" : 0.000000
      },
      "iodepth_submit" : {
        "0" : 0.000000,
        "4" : 100.000000,
        "8" : 0.000000,
        "16" : 0.000000,
        "32" : 0.000000,
        "64" : 0.000000,
        ">=64" : 0.000000
      },
      "iodepth_complete" : {
        "0" : 0.000000,
        "4" : 100.000000,
        "8" : 0.000000,
        "16" : 0.000000,
        "32" : 0.000000,
        "64" : 0.000000,
        ">=64" : 0.000000
      },
      "latency_ns" : {
        "2" : 0.000000,
        "4" : 0.000000,
        "10" : 0.000000,
        "20" : 0.000000,
        "50" : 0.000000,
        "100" : 0.000000,
        "250" : 0.000000,
        "500" : 0.000000,
        "750" : 0.000000,
        "1000" : 0.000000
      },
      "latency_us" : {
        "2" : 0.000000,
        "4" : 0.000000,
        "10" : 0.000000,
        "20" : 0.000000,
        "50" : 0.000000,
        "100" : 0.000000,
        "250" : 0.000000,
        "500" : 0.010000,
        "750" : 99.774045,
        "1000" : 0.021383
      },
      "latency_ms" : {
        "2" : 0.177366,
        "4" : 0.023770,
        "10" : 0.010000,
        "20" : 0.000000,
        "50" : 0.000000,
        "100" : 0.000000,
        "250" : 0.000000,
        "500" : 0.000000,
        "750" : 0.000000,
        "1000" : 0.000000,
        "2000" : 0.000000,
        ">=2000" : 0.000000
      },
      "latency_depth" : 1,
      "latency_target" : 0,
      "latency_percentile" : 100.000000,
      "latency_window" : 0
    },
    {
      "jobname" : "trim",
      "groupid" : 1,
      "error" : 0,
      "eta" : 0,
      "elapsed" : 592,
      "job options" : {
        "rw" : "randwrite",
        "iodepth" : "1",
        "size" : "1z",
        "offset" : "1023z",
        "flow_id" : "1",
        "flow" : "25"
      },
      "read" : {
        "io_bytes" : 0,
        "io_kbytes" : 0,
        "bw_bytes" : 0,
        "bw" : 0,
        "iops" : 0.000000,
        "runtime" : 0,
        "total_ios" : 0,
        "short_ios" : 0,
        "drop_ios" : 0,
        "slat_ns" : {
          "min" : 0,
          "max" : 0,
          "mean" : 0.000000,
          "stddev" : 0.000000,
          "N" : 0
        },
        "clat_ns" : {
          "min" : 0,
          "max" : 0,
          "mean" : 0.000000,
          "stddev" : 0.000000,
          "N" : 0
        },
        "lat_ns" : {
          "min" : 0,
          "max" : 0,
          "mean" : 0.000000,
          "stddev" : 0.000000,