{
  "fio version" : "fio-3.35",
  "timestamp" : 1693393254,
  "timestamp_ms" : 1693393254206,
  "time" : "Wed Aug 30 11:00:54 2023",
  "global options" : {
    "name" : "loaded-reset",
    "ioengine" : "io_uring_cmd",
    "size" : "60z",
    "bs" : "64K",
    "zonemode" : "zbd",
    "thread" : "1",
    "lat_percentiles" : "1",
    "filename" : "/dev/ng0n2",
    "sqthread_poll" : "1"
  },
  "jobs" : [
    {
      "jobname" : "fill-prep",
      "groupid" : 0,
      "error" : 0,
      "eta" : 0,
      "elapsed" : 57,
      "job options" : {
        "iodepth" : "1",
        "rw" : "write",
        "size" : "15z",
        "numjobs" : "4",
        "offset_increment" : "15z"
      },
      "read" : {
        "io_bytes" : 0,
        "io_kbytes" : 0,
        "bw_bytes" : 0,
        "bw" : 0,
        "iops" : 0.000000,
        "runtime" : 0,
        "total_ios" : 0,
        "short_ios" : 0,
        "drop_ios" : 0,
        "slat_ns" : {
          "min" : 0,
          "max" : 0,
          "mean" : 0.000000,
          "stddev" : 0.000000,
          "N" : 0
        },
        "clat_ns" : {
          "min" : 0,
          "max" : 0,
          "mean" : 0.000000,
          "stddev" : 0.000000,
          "N" : 0
        },
        "lat_ns" : {
          "min" : 0,
          "max" : 0,
          "mean" : 0.000000,
          "stddev" : 0.000000,
          "N" : 0
        },
        "bw_min" : 0,
        "bw_max" : 0,
        "bw_agg" : 0.000000,
        "bw_mean" : 0.000000,
        "bw_dev" : 0.000000,
        "bw_samples" : 0,
        "iops_min" : 0,
        "iops_max" : 0,
        "iops_mean" : 0.000000,
        "iops_stddev" : 0.000000,
        "iops_samples" : 0
      },
      "write" : {
        "io_bytes" : 67524165632,
        "io_kbytes" : 65941568,
        "bw_bytes" : 1222355960,
        "bw" : 1193706,
        "iops" : 18651.671766,
        "runtime" : 55241,
        "total_ios" : 1030337,
        "short_ios" : 0,
        "drop_ios" : 0,
        "slat_ns" : {
          "min" : 0,
          "max" : 0,
          "mean" : 0.000000,
          "stddev" : 0.000000,
          "N" : 0
        },
        "clat_ns" : {
          "min" : 43578,
          "max" : 13484867,
          "mean" : 211989.492975,
          "stddev" : 173706.063646,
          "N" : 1030337,
          "percentile" : {
            "1.000000" : 56064,
            "5.000000" : 72192,
            "10.000000" : 82432,
            "20.000000" : 102912,
            "30.000000" : 123392,
            "40.000000" : 144384,
            "50.000000" : 166912,
            "60.000000" : 195584,
            "70.000000" : 230400,
            "80.000000" : 284672,
            "90.000000" : 382976,
            "95.000000" : 497664,
            "99.000000" : 831488,
            "99.500000" : 995328,
            "99.900000" : 2056192,
            "99.950000" : 2736128,
            "99.990000" : 3096576
          }
        },
        "lat_ns" : {
          "min" : 45198,
          "max" : 13486802,
          "mean" : 213564.074826,
          "stddev" : 173857.022987,
          "N" : 1030337,
          "percentile" : {
            "1.000000" : 57600,
            "5.000000" : 73216,
            "10.000000" : 83456,
            "20.000000" : 103936,
            "30.000000" : 124416,
            "40.000000" : 146432,
            "50.000000" : 166912,
            "60.000000" : 195584,
            "70.000000" : 232448,
            "80.000000" : 284672,
            "90.000000" : 382976,
            "95.000000" : 501760,
            "99.000000" : 831488,
            "99.500000" : 995328,
            "99.900000" : 2056192,
            "99.950000" : 2736128,
            "99.990000" : 3096576
          }
        },
        "bw_min" : 1150140,
        "bw_max" : 1227721,
        "bw_agg" : 100.000000,
        "bw_mean" : 1194325.727273,
        "bw_dev" : 3644.092983,
        "bw_samples" : 440,
        "iops_min" : 17969,
        "iops_max" : 19182,
        "iops_mean" : 18660.827273,
        "iops_stddev" : 56.925184,
        "iops_samples" : 440
      },
      "ZNS Reset" : {
        "total_zone_resets" : 0,
        "io_bytes" : 0,
        "io_kbytes" : 0,
        "bw_bytes" : 0,
        "bw" : 0,
        "iops" : 0.000000,
        "runtime" : 0,
        "total_ios" : 0,
        "short_ios" : 0,
        "drop_ios" : 0,
        "slat_ns" : {
          "min" : 0,
          "max" : 0,
          "mean" : 0.000000,
          "stddev" : 0.000000,
          "N" : 0
        },
        "clat_ns" : {
          "min" : 0,
          "max" : 0,
          "mean" : 0.000000,
          "stddev" : 0.000000,
          "N" : 0
        },
        "lat_ns" : {
          "min" : 0,
          "max" : 0,
          "mean" : 0.000000,
          "stddev" : 0.000000,
          "N" : 0
        },
        "bw_min" : 0,
        "bw_max" : 0,
        "bw_agg" : 0.000000,
        "bw_mean" : 0.000000,
        "bw_dev" : 0.000000,
        "bw_samples" : 0,
        "iops_min" : 0,
        "iops_max" : 0,
        "iops_mean" : 0.000000,
        "iops_stddev" : 0.000000,
        "iops_samples" : 0
      },
      "sync" : {
        "total_ios" : 0,
        "lat_ns" : {
          "min" : 0,
          "max" : 0,
          "mean" : 0.000000,
          "stddev" : 0.000000,
          "N" : 0
        }
      },
      "job_runtime" : 220960,
      "usr_cpu" : 99.990949,
      "sys_cpu" : 0.001810,
      "ctx" : 381,
      "majf" : 0,
      "minf" : 0,
      "iodepth_level" : {
        "1" : 100.000000,
        "2" : 0.000000,
        "4" : 0.000000,
        "8" : 0.000000,
        "16" : 0.000000,
        "32" : 0.000000,
        ">=64" : 0.000000
      },
      "iodepth_submit" : {
        "0" : 0.000000,
        "4" : 100.000000,
        "8" : 0.000000,
        "16" : 0.000000,
        "32" : 0.000000,
        "64" : 0.000000,
        ">=64" : 0.000000
      },
      "iodepth_complete" : {
        "0" : 0.000000,
        "4" : 100.000000,
        "8" : 0.000000,
        "16" : 0.000000,
        "32" : 0.000000,
        "64" : 0.000000,
        ">=64" : 0.000000
      },
      "latency_ns" : {
        "2" : 0.000000,
        "4" : 0.000000,
        "10" : 0.000000,
        "20" : 0.000000,
        "50" : 0.000000,
        "100" : 0.000000,
        "250" : 0.000000,
        "500" : 0.000000,
        "750" : 0.000000,
        "1000" : 0.000000
      },
      "latency_us" : {
        "2" : 0.000000,
        "4" : 0.000000,
        "10" : 0.000000,
        "20" : 0.000000,
        "50" : 0.315528,
        "100" : 18.302555,
        "250" : 55.725457,
        "500" : 20.694103,
        "750" : 3.511472,
        "1000" : 0.968906
      },
      "latency_ms" : {
        "2" : 0.380167,
        "4" : 0.100161,
        "10" : 0.010000,
        "20" : 0.010000,
        "50" : 0.000000,
        "100" : 0.000000,
        "250" : 0.000000,
        "500" : 0.000000,
        "750" : 0.000000,
        "1000" : 0.000000,
        "2000" : 0.000000,
        ">=2000" : 0.000000
      },
      "latency_depth" : 1,
      "latency_target" : 0,
      "latency_percentile" : 100.000000,
      "latency_window" : 0
    },
    {
      "jobname" : "trim",
      "groupid" : 1,
      "error" : 0,
      "eta" : 0,
      "elapsed" : 57,
      "job options" : {
        "rw" : "randwrite",
        "iodepth" : "1",
        "size" : "0z",
        "offset" : "60z",
        "bs" : "4K",
        "flow_id" : "1",
        "flow" : "0"
      },
      "read" : {
        "io_bytes" : 0,
        "io_kbytes" : 0,
        "bw_bytes" : 0,
        "bw" : 0,
        "iops" : 0.000000,
        "runtime" : 0,
        "total_ios" : 0,
        "short_ios" : 0,
        "drop_ios" : 0,
        "slat_ns" : {
          "min" : 0,
          "max" : 0,
          "mean" : 0.000000,
          "stddev" : 0.000000,
          "N" : 0
        },
        "clat_ns" : {
          "min" : 0,
          "max" : 0,
          "mean" : 0.000000,
          "stddev" : 0.000000,
          "N" : 0
        },