{
  "fio version" : "fio-3.35",
  "timestamp" : 1694544134,
  "timestamp_ms" : 1694544134896,
  "time" : "Tue Sep 12 18:42:14 2023",
  "global options" : {
    "name" : "loaded-reset",
    "ioengine" : "io_uring_cmd",
    "size" : "700z",
    "bs" : "64K",
    "zonemode" : "zbd",
    "thread" : "1",
    "lat_percentiles" : "1",
    "filename" : "/dev/ng0n2",
    "sqthread_poll" : "1"
  },
  "jobs" : [
    {
      "jobname" : "fill-prep",
      "groupid" : 0,
      "error" : 0,
      "eta" : 0,
      "elapsed" : 646,
      "job options" : {
        "iodepth" : "1",
        "rw" : "write",
        "numjobs" : "1",
        "offset" : "100z"
      },
      "read" : {
        "io_bytes" : 0,
        "io_kbytes" : 0,
        "bw_bytes" : 0,
        "bw" : 0,
        "iops" : 0.000000,
        "runtime" : 0,
        "total_ios" : 0,
        "short_ios" : 0,
        "drop_ios" : 0,
        "slat_ns" : {
          "min" : 0,
          "max" : 0,
          "mean" : 0.000000,
          "stddev" : 0.000000,
          "N" : 0
        },
        "clat_ns" : {
          "min" : 0,
          "max" : 0,
          "mean" : 0.000000,
          "stddev" : 0.000000,
          "N" : 0
        },
        "lat_ns" : {
          "min" : 0,
          "max" : 0,
          "mean" : 0.000000,
          "stddev" : 0.000000,
          "N" : 0
        },
        "bw_min" : 0,
        "bw_max" : 0,
        "bw_agg" : 0.000000,
        "bw_mean" : 0.000000,
        "bw_dev" : 0.000000,
        "bw_samples" : 0,
        "iops_min" : 0,
        "iops_max" : 0,
        "iops_mean" : 0.000000,
        "iops_stddev" : 0.000000,
        "iops_samples" : 0
      },
      "write" : {
        "io_bytes" : 790521446400,
        "io_kbytes" : 771993600,
        "bw_bytes" : 1225134089,
        "bw" : 1196420,
        "iops" : 18694.062639,
        "runtime" : 645253,
        "total_ios" : 12062400,
        "short_ios" : 0,
        "drop_ios" : 0,
        "slat_ns" : {
          "min" : 0,
          "max" : 0,
          "mean" : 0.000000,
          "stddev" : 0.000000,
          "N" : 0
        },
        "clat_ns" : {
          "min" : 37102,
          "max" : 4659997,
          "mean" : 51540.132479,
          "stddev" : 48882.947763,
          "N" : 12062400,
          "percentile" : {
            "1.000000" : 43776,
            "5.000000" : 43776,
            "10.000000" : 43776,
            "20.000000" : 44288,
            "30.000000" : 44288,
            "40.000000" : 44288,
            "50.000000" : 44800,
            "60.000000" : 44800,
            "70.000000" : 45824,
            "80.000000" : 47872,
            "90.000000" : 55040,
            "95.000000" : 80384,
            "99.000000" : 160768,
            "99.500000" : 195584,
            "99.900000" : 309248,
            "99.950000" : 774144,
            "99.990000" : 2473984
          }
        },
        "lat_ns" : {
          "min" : 43939,
          "max" : 4661452,
          "mean" : 52891.690468,
          "stddev" : 48883.306758,
          "N" : 12062400,
          "percentile" : {
            "1.000000" : 44800,
            "5.000000" : 44800,
            "10.000000" : 45312,
            "20.000000" : 45312,
            "30.000000" : 45824,
            "40.000000" : 45824,
            "50.000000" : 45824,
            "60.000000" : 46336,
            "70.000000" : 47360,
            "80.000000" : 48896,
            "90.000000" : 56576,
            "95.000000" : 81408,
            "99.000000" : 162816,
            "99.500000" : 195584,
            "99.900000" : 309248,
            "99.950000" : 774144,
            "99.990000" : 2473984
          }
        },
        "bw_min" : 1166464,
        "bw_max" : 1219328,
        "bw_agg" : 100.000000,
        "bw_mean" : 1197314.698991,
        "bw_dev" : 8369.296602,
        "bw_samples" : 1289,
        "iops_min" : 18226,
        "iops_max" : 19052,
        "iops_mean" : 18708.003103,
        "iops_stddev" : 130.750147,
        "iops_samples" : 1289
      },
      "ZNS Reset" : {
        "total_zone_resets" : 0,
        "io_bytes" : 0,
        "io_kbytes" : 0,
        "bw_bytes" : 0,
        "bw" : 0,
        "iops" : 0.000000,
        "runtime" : 0,
        "total_ios" : 0,
        "short_ios" : 0,
        "drop_ios" : 0,
        "slat_ns" : {
          "min" : 0,
          "max" : 0,
          "mean" : 0.000000,
          "stddev" : 0.000000,
          "N" : 0
        },
        "clat_ns" : {
          "min" : 0,
          "max" : 0,
          "mean" : 0.000000,
          "stddev" : 0.000000,
          "N" : 0
        },
        "lat_ns" : {
          "min" : 0,
          "max" : 0,
          "mean" : 0.000000,
          "stddev" : 0.000000,
          "N" : 0
        },
        "bw_min" : 0,
        "bw_max" : 0,
        "bw_agg" : 0.000000,
        "bw_mean" : 0.000000,
        "bw_dev" : 0.000000,
        "bw_samples" : 0,
        "iops_min" : 0,
        "iops_max" : 0,
        "iops_mean" : 0.000000,
        "iops_stddev" : 0.000000,
        "iops_samples" : 0
      },
      "sync" : {
        "total_ios" : 0,
        "lat_ns" : {
          "min" : 0,
          "max" : 0,
          "mean" : 0.000000,
          "stddev" : 0.000000,
          "N" : 0
        }
      },
      "job_runtime" : 645252,
      "usr_cpu" : 100.001240,
      "sys_cpu" : 0.000000,
      "ctx" : 763,
      "majf" : 0,
      "minf" : 0,
      "iodepth_level" : {
        "1" : 100.000000,
        "2" : 0.000000,
        "4" : 0.000000,
        "8" : 0.000000,
        "16" : 0.000000,
        "32" : 0.000000,
        ">=64" : 0.000000
      },
      "iodepth_submit" : {
        "0" : 0.000000,
        "4" : 100.000000,
        "8" : 0.000000,
        "16" : 0.000000,
        "32" : 0.000000,
        "64" : 0.000000,
        ">=64" : 0.000000
      },
      "iodepth_complete" : {
        "0" : 0.000000,
        "4" : 100.000000,
        "8" : 0.000000,
        "16" : 0.000000,
        "32" : 0.000000,
        "64" : 0.000000,
        ">=64" : 0.000000
      },
      "latency_ns" : {
        "2" : 0.000000,
        "4" : 0.000000,
        "10" : 0.000000,
        "20" : 0.000000,
        "50" : 0.000000,
        "100" : 0.000000,
        "250" : 0.000000,
        "500" : 0.000000,
        "750" : 0.000000,
        "1000" : 0.000000
      },
      "latency_us" : {
        "2" : 0.000000,
        "4" : 0.000000,
        "10" : 0.000000,
        "20" : 0.000000,
        "50" : 87.342975,
        "100" : 9.328260,
        "250" : 3.121004,
        "500" : 0.144399,
        "750" : 0.012468,
        "1000" : 0.010000
      },
      "latency_ms" : {
        "2" : 0.017658,
        "4" : 0.025816,
        "10" : 0.010000,
        "20" : 0.000000,
        "50" : 0.000000,
        "100" : 0.000000,
        "250" : 0.000000,
        "500" : 0.000000,
        "750" : 0.000000,
        "1000" : 0.000000,
        "2000" : 0.000000,
        ">=2000" : 0.000000
      },
      "latency_depth" : 1,
      "latency_target" : 0,
      "latency_percentile" : 100.000000,
      "latency_window" : 0
    }
  ]
}
