{
  "fio version" : "fio-3.35",
  "timestamp" : 1694541634,
  "timestamp_ms" : 1694541634714,
  "time" : "Tue Sep 12 18:00:34 2023",
  "global options" : {
    "name" : "loaded-reset",
    "ioengine" : "io_uring_cmd",
    "size" : "300z",
    "bs" : "64K",
    "zonemode" : "zbd",
    "thread" : "1",
    "lat_percentiles" : "1",
    "filename" : "/dev/ng0n2",
    "sqthread_poll" : "1"
  },
  "jobs" : [
    {
      "jobname" : "fill-prep",
      "groupid" : 0,
      "error" : 0,
      "eta" : 0,
      "elapsed" : 278,
      "job options" : {
        "iodepth" : "1",
        "rw" : "write",
        "numjobs" : "1",
        "offset" : "400z"
      },
      "read" : {
        "io_bytes" : 0,
        "io_kbytes" : 0,
        "bw_bytes" : 0,
        "bw" : 0,
        "iops" : 0.000000,
        "runtime" : 0,
        "total_ios" : 0,
        "short_ios" : 0,
        "drop_ios" : 0,
        "slat_ns" : {
          "min" : 0,
          "max" : 0,
          "mean" : 0.000000,
          "stddev" : 0.000000,
          "N" : 0
        },
        "clat_ns" : {
          "min" : 0,
          "max" : 0,
          "mean" : 0.000000,
          "stddev" : 0.000000,
          "N" : 0
        },
        "lat_ns" : {
          "min" : 0,
          "max" : 0,
          "mean" : 0.000000,
          "stddev" : 0.000000,
          "N" : 0
        },
        "bw_min" : 0,
        "bw_max" : 0,
        "bw_agg" : 0.000000,
        "bw_mean" : 0.000000,
        "bw_dev" : 0.000000,
        "bw_samples" : 0,
        "iops_min" : 0,
        "iops_max" : 0,
        "iops_mean" : 0.000000,
        "iops_stddev" : 0.000000,
        "iops_samples" : 0
      },
      "write" : {
        "io_bytes" : 338794905600,
        "io_kbytes" : 330854400,
        "bw_bytes" : 1220706584,
        "bw" : 1192096,
        "iops" : 18626.504288,
        "runtime" : 277540,
        "total_ios" : 5169600,
        "short_ios" : 0,
        "drop_ios" : 0,
        "slat_ns" : {
          "min" : 0,
          "max" : 0,
          "mean" : 0.000000,
          "stddev" : 0.000000,
          "N" : 0
        },
        "clat_ns" : {
          "min" : 41551,
          "max" : 17692210,
          "mean" : 51142.811612,
          "stddev" : 48067.362448,
          "N" : 5169600,
          "percentile" : {
            "1.000000" : 45312,
            "5.000000" : 45312,
            "10.000000" : 45824,
            "20.000000" : 45824,
            "30.000000" : 46336,
            "40.000000" : 46336,
            "50.000000" : 46336,
            "60.000000" : 46848,
            "70.000000" : 47360,
            "80.000000" : 48896,
            "90.000000" : 51968,
            "95.000000" : 67072,
            "99.000000" : 136192,
            "99.500000" : 166912,
            "99.900000" : 288768,
            "99.950000" : 847872,
            "99.990000" : 2408448
          }
        },
        "lat_ns" : {
          "min" : 45388,
          "max" : 17694900,
          "mean" : 52935.946692,
          "stddev" : 48069.143615,
          "N" : 5169600,
          "percentile" : {
            "1.000000" : 46848,
            "5.000000" : 47360,
            "10.000000" : 47360,
            "20.000000" : 47872,
            "30.000000" : 47872,
            "40.000000" : 47872,
            "50.000000" : 48384,
            "60.000000" : 48896,
            "70.000000" : 49408,
            "80.000000" : 50432,
            "90.000000" : 53504,
            "95.000000" : 68096,
            "99.000000" : 138240,
            "99.500000" : 168960,
            "99.900000" : 288768,
            "99.950000" : 847872,
            "99.990000" : 2408448
          }
        },
        "bw_min" : 1147264,
        "bw_max" : 1217536,
        "bw_agg" : 100.000000,
        "bw_mean" : 1192726.927798,
        "bw_dev" : 10451.393194,
        "bw_samples" : 554,
        "iops_min" : 17926,
        "iops_max" : 19024,
        "iops_mean" : 18636.344765,
        "iops_stddev" : 163.296019,
        "iops_samples" : 554
      },
      "ZNS Reset" : {
        "total_zone_resets" : 0,
        "io_bytes" : 0,
        "io_kbytes" : 0,
        "bw_bytes" : 0,
        "bw" : 0,
        "iops" : 0.000000,
        "runtime" : 0,
        "total_ios" : 0,
        "short_ios" : 0,
        "drop_ios" : 0,
        "slat_ns" : {
          "min" : 0,
          "max" : 0,
          "mean" : 0.000000,
          "stddev" : 0.000000,
          "N" : 0
        },
        "clat_ns" : {
          "min" : 0,
          "max" : 0,
          "mean" : 0.000000,
          "stddev" : 0.000000,
          "N" : 0
        },
        "lat_ns" : {
          "min" : 0,
          "max" : 0,
          "mean" : 0.000000,
          "stddev" : 0.000000,
          "N" : 0
        },
        "bw_min" : 0,
        "bw_max" : 0,
        "bw_agg" : 0.000000,
        "bw_mean" : 0.000000,
        "bw_dev" : 0.000000,
        "bw_samples" : 0,
        "iops_min" : 0,
        "iops_max" : 0,
        "iops_mean" : 0.000000,
        "iops_stddev" : 0.000000,
        "iops_samples" : 0
      },
      "sync" : {
        "total_ios" : 0,
        "lat_ns" : {
          "min" : 0,
          "max" : 0,
          "mean" : 0.000000,
          "stddev" : 0.000000,
          "N" : 0
        }
      },
      "job_runtime" : 277539,
      "usr_cpu" : 100.000721,
      "sys_cpu" : 0.000000,
      "ctx" : 81,
      "majf" : 0,
      "minf" : 0,
      "iodepth_level" : {
        "1" : 100.000000,
        "2" : 0.000000,
        "4" : 0.000000,
        "8" : 0.000000,
        "16" : 0.000000,
        "32" : 0.000000,
        ">=64" : 0.000000
      },
      "iodepth_submit" : {
        "0" : 0.000000,
        "4" : 100.000000,
        "8" : 0.000000,
        "16" : 0.000000,
        "32" : 0.000000,
        "64" : 0.000000,
        ">=64" : 0.000000
      },
      "iodepth_complete" : {
        "0" : 0.000000,
        "4" : 100.000000,
        "8" : 0.000000,
        "16" : 0.000000,
        "32" : 0.000000,
        "64" : 0.000000,
        ">=64" : 0.000000
      },
      "latency_ns" : {
        "2" : 0.000000,
        "4" : 0.000000,
        "10" : 0.000000,
        "20" : 0.000000,
        "50" : 0.000000,
        "100" : 0.000000,
        "250" : 0.000000,
        "500" : 0.000000,
        "750" : 0.000000,
        "1000" : 0.000000
      },
      "latency_us" : {
        "2" : 0.000000,
        "4" : 0.000000,
        "10" : 0.000000,
        "20" : 0.000000,
        "50" : 84.795497,
        "100" : 13.376103,
        "250" : 1.694348,
        "500" : 0.066272,
        "750" : 0.014082,
        "1000" : 0.010000
      },
      "latency_ms" : {
        "2" : 0.021123,
        "4" : 0.023735,
        "10" : 0.010000,
        "20" : 0.010000,
        "50" : 0.000000,
        "100" : 0.000000,
        "250" : 0.000000,
        "500" : 0.000000,
        "750" : 0.000000,
        "1000" : 0.000000,
        "2000" : 0.000000,
        ">=2000" : 0.000000
      },
      "latency_depth" : 1,
      "latency_target" : 0,
      "latency_percentile" : 100.000000,
      "latency_window" : 0
    }
  ]
}
