{
  "fio version" : "fio-3.35",
  "timestamp" : 1693482968,
  "timestamp_ms" : 1693482968907,
  "time" : "Thu Aug 31 11:56:08 2023",
  "global options" : {
    "name" : "loaded-reset",
    "ioengine" : "io_uring_cmd",
    "size" : "813z",
    "bs" : "64K",
    "zonemode" : "zbd",
    "thread" : "1",
    "lat_percentiles" : "1",
    "filename" : "/dev/ng0n2",
    "sqthread_poll" : "1"
  },
  "jobs" : [
    {
      "jobname" : "fill-prep",
      "groupid" : 0,
      "error" : 0,
      "eta" : 0,
      "elapsed" : 952,
      "job options" : {
        "iodepth" : "1",
        "rw" : "write",
        "size" : "203z",
        "numjobs" : "4",
        "offset_increment" : "203z"
      },
      "read" : {
        "io_bytes" : 0,
        "io_kbytes" : 0,
        "bw_bytes" : 0,
        "bw" : 0,
        "iops" : 0.000000,
        "runtime" : 0,
        "total_ios" : 0,
        "short_ios" : 0,
        "drop_ios" : 0,
        "slat_ns" : {
          "min" : 0,
          "max" : 0,
          "mean" : 0.000000,
          "stddev" : 0.000000,
          "N" : 0
        },
        "clat_ns" : {
          "min" : 0,
          "max" : 0,
          "mean" : 0.000000,
          "stddev" : 0.000000,
          "N" : 0
        },
        "lat_ns" : {
          "min" : 0,
          "max" : 0,
          "mean" : 0.000000,
          "stddev" : 0.000000,
          "N" : 0
        },
        "bw_min" : 0,
        "bw_max" : 0,
        "bw_agg" : 0.000000,
        "bw_mean" : 0.000000,
        "bw_dev" : 0.000000,
        "bw_samples" : 0,
        "iops_min" : 0,
        "iops_max" : 0,
        "iops_mean" : 0.000000,
        "iops_stddev" : 0.000000,
        "iops_samples" : 0
      },
      "write" : {
        "io_bytes" : 914420465664,
        "io_kbytes" : 892988736,
        "bw_bytes" : 1230737141,
        "bw" : 1201891,
        "iops" : 18779.558430,
        "runtime" : 742986,
        "total_ios" : 13952949,
        "short_ios" : 0,
        "drop_ios" : 0,
        "slat_ns" : {
          "min" : 0,
          "max" : 0,
          "mean" : 0.000000,
          "stddev" : 0.000000,
          "N" : 0
        },
        "clat_ns" : {
          "min" : 2586,
          "max" : 12501507,
          "mean" : 210420.687540,
          "stddev" : 166918.174004,
          "N" : 13952949,
          "percentile" : {
            "1.000000" : 55552,
            "5.000000" : 72192,
            "10.000000" : 82432,
            "20.000000" : 103936,
            "30.000000" : 124416,
            "40.000000" : 146432,
            "50.000000" : 166912,
            "60.000000" : 195584,
            "70.000000" : 230400,
            "80.000000" : 280576,
            "90.000000" : 374784,
            "95.000000" : 485376,
            "99.000000" : 798720,
            "99.500000" : 962560,
            "99.900000" : 2113536,
            "99.950000" : 2703360,
            "99.990000" : 3063808
          }
        },
        "lat_ns" : {
          "min" : 44828,
          "max" : 12503728,
          "mean" : 212138.652622,
          "stddev" : 166989.420656,
          "N" : 13952949,
          "percentile" : {
            "1.000000" : 57088,
            "5.000000" : 73216,
            "10.000000" : 84480,
            "20.000000" : 104960,
            "30.000000" : 126464,
            "40.000000" : 146432,
            "50.000000" : 168960,
            "60.000000" : 197632,
            "70.000000" : 232448,
            "80.000000" : 284672,
            "90.000000" : 378880,
            "95.000000" : 489472,
            "99.000000" : 798720,
            "99.500000" : 962560,
            "99.900000" : 2113536,
            "99.950000" : 2703360,
            "99.990000" : 3063808
          }
        },
        "bw_min" : 1155066,
        "bw_max" : 1247744,
        "bw_agg" : 100.000000,
        "bw_mean" : 1202390.101684,
        "bw_dev" : 3222.429364,
        "bw_samples" : 5940,
        "iops_min" : 18047,
        "iops_max" : 19496,
        "iops_mean" : 18786.962290,
        "iops_stddev" : 50.338572,
        "iops_samples" : 5940
      },
      "ZNS Reset" : {
        "total_zone_resets" : 0,
        "io_bytes" : 0,
        "io_kbytes" : 0,
        "bw_bytes" : 0,
        "bw" : 0,
        "iops" : 0.000000,
        "runtime" : 0,
        "total_ios" : 0,
        "short_ios" : 0,
        "drop_ios" : 0,
        "slat_ns" : {
          "min" : 0,
          "max" : 0,
          "mean" : 0.000000,
          "stddev" : 0.000000,
          "N" : 0
        },
        "clat_ns" : {
          "min" : 0,
          "max" : 0,
          "mean" : 0.000000,
          "stddev" : 0.000000,
          "N" : 0
        },
        "lat_ns" : {
          "min" : 0,
          "max" : 0,
          "mean" : 0.000000,
          "stddev" : 0.000000,
          "N" : 0
        },
        "bw_min" : 0,
        "bw_max" : 0,
        "bw_agg" : 0.000000,
        "bw_mean" : 0.000000,
        "bw_dev" : 0.000000,
        "bw_samples" : 0,
        "iops_min" : 0,
        "iops_max" : 0,
        "iops_mean" : 0.000000,
        "iops_stddev" : 0.000000,
        "iops_samples" : 0
      },
      "sync" : {
        "total_ios" : 0,
        "lat_ns" : {
          "min" : 0,
          "max" : 0,
          "mean" : 0.000000,
          "stddev" : 0.000000,
          "N" : 0
        }
      },
      "job_runtime" : 2971939,
      "usr_cpu" : 100.000101,
      "sys_cpu" : 0.000404,
      "ctx" : 2380,
      "majf" : 0,
      "minf" : 0,
      "iodepth_level" : {
        "1" : 100.000000,
        "2" : 0.000000,
        "4" : 0.000000,
        "8" : 0.000000,
        "16" : 0.000000,
        "32" : 0.000000,
        ">=64" : 0.000000
      },
      "iodepth_submit" : {
        "0" : 0.000000,
        "4" : 100.000000,
        "8" : 0.000000,
        "16" : 0.000000,
        "32" : 0.000000,
        "64" : 0.000000,
        ">=64" : 0.000000
      },
      "iodepth_complete" : {
        "0" : 0.000000,
        "4" : 100.000000,
        "8" : 0.000000,
        "16" : 0.000000,
        "32" : 0.000000,
        "64" : 0.000000,
        ">=64" : 0.000000
      },
      "latency_ns" : {
        "2" : 0.000000,
        "4" : 0.000000,
        "10" : 0.000000,
        "20" : 0.000000,
        "50" : 0.000000,
        "100" : 0.000000,
        "250" : 0.000000,
        "500" : 0.000000,
        "750" : 0.000000,
        "1000" : 0.000000
      },
      "latency_us" : {
        "2" : 0.000000,
        "4" : 0.010000,
        "10" : 0.000000,
        "20" : 0.000000,
        "50" : 0.353574,
        "100" : 17.924311,
        "250" : 56.133818,
        "500" : 20.984352,
        "750" : 3.336793,
        "1000" : 0.845312
      },
      "latency_ms" : {
        "2" : 0.318198,
        "4" : 0.103290,
        "10" : 0.010000,
        "20" : 0.010000,
        "50" : 0.000000,
        "100" : 0.000000,
        "250" : 0.000000,
        "500" : 0.000000,
        "750" : 0.000000,
        "1000" : 0.000000,
        "2000" : 0.000000,
        ">=2000" : 0.000000
      },
      "latency_depth" : 1,
      "latency_target" : 0,
      "latency_percentile" : 100.000000,
      "latency_window" : 0
    },
    {
      "jobname" : "trim",
      "groupid" : 1,
      "error" : 0,
      "eta" : 0,
      "elapsed" : 952,
      "job options" : {
        "rw" : "write",
        "iodepth" : "1",
        "size" : "45z",
        "offset" : "813z",
        "offset_increment" : "45z",
        "numjobs" : "2",
        "bs" : "4K",
        "exit_what" : "stonewall"
      },
      "read" : {
        "io_bytes" : 0,
        "io_kbytes" : 0,
        "bw_bytes" : 0,
        "bw" : 0,
        "iops" : 0.000000,
        "runtime" : 0,
        "total_ios" : 0,
        "short_ios" : 0,
        "drop_ios" : 0,
        "slat_ns" : {
          "min" : 0,
          "max" : 0,
          "mean" : 0.000000,
          "stddev" : 0.000000,
          "N" : 0
        },
        "clat_ns" : {
          "min" : 0,
          "max" : 0,
          "mean" : 0.000000,
          "stddev" : 0.000000,